ultimate_parent_rcid,firm_name,ever_genai,first_genai_date,total_postings,total_genai_integrator_posts,first_post_date,last_post_date,share_genai_integrator_posts,active_days
6695254,Supreme HR Advisory Pte Ltd.,1,2021-07-22,73448,427,2021-03-01,2024-12-31,0.005813636858729986,1401
5827656,Recruit Express (Malaysia),1,2021-03-01,48140,236,2021-01-01,2024-12-31,0.004902368093061903,1460
647749,CapitaLand Group Pte Ltd.,1,2021-04-12,19282,99,2021-01-01,2024-12-31,0.0051343221657504405,1460
93292330,ABM Industries,1,2021-12-17,18322,421,2021-07-26,2024-12-31,0.0229778408470691,1254
1133458,Persolkelly Pte Ltd.,1,2021-04-27,18300,198,2021-04-05,2024-12-31,0.010819672131147541,1366
369884,Randstad NV,1,2021-03-02,17598,178,2021-01-01,2024-12-30,0.010114785771110354,1459
1134784,"ManpowerGroup, Inc.",1,2021-03-17,15362,157,2021-03-01,2024-12-31,0.01022002343444864,1401
1393437,Adecco Group AG,1,2021-03-06,12863,170,2021-01-20,2024-12-31,0.01321620150820182,1441
5500850,People Profilers,1,2021-03-05,11842,137,2021-01-01,2024-12-31,0.011568991724370883,1460
92861848,University of Singapore,1,2021-03-01,11794,169,2021-01-07,2024-11-24,0.01432931999321689,1417
2591840,Career Edge Asia Pte Ltd,1,2021-08-05,11384,98,2021-03-03,2023-02-17,0.008608573436401968,716
999336,Singapore Telecommunications Ltd.,1,2021-03-22,10918,110,2021-02-03,2024-12-31,0.01007510533064664,1427
99044002,"TikTok, Inc.",1,2021-08-12,9883,743,2021-04-09,2024-12-31,0.07517960133562683,1362
7664605,Anradus Pte Ltd,1,2022-06-03,9383,46,2021-03-01,2024-12-30,0.004902483214323777,1400
21254292,Citigroup Foundation,1,2021-04-24,9365,50,2021-02-25,2024-12-28,0.005339028296849973,1402
5828166,RecruitPedia,1,2021-10-21,8966,107,2021-03-03,2024-12-31,0.01193397278608075,1399
20931107,DBS Bank Ltd.,1,2021-06-25,8880,93,2021-01-18,2024-12-31,0.010472972972972974,1443
971288,PageGroup Plc,1,2021-03-17,8441,40,2021-01-07,2024-12-12,0.00473877502665561,1435
6841850,Trust Recruit Pte Ltd,1,2021-08-11,8258,52,2021-03-05,2024-12-31,0.006296924194720271,1397
5827653,RECRUIT EXPERT PTE LTD,1,2022-01-21,8202,28,2021-03-03,2024-12-31,0.003413801511826384,1399
93864272,EA Recruitment Pte Ltd,1,2021-08-02,8024,6,2021-05-17,2024-12-30,0.0007477567298105683,1323
22145593,Standard Chartered Bank Ltd.,1,2021-03-26,7874,82,2021-03-01,2024-12-31,0.010414020828041656,1401
22145588,United Overseas Bank Ltd. (Broker),1,2021-04-21,7570,87,2021-03-01,2024-12-31,0.011492734478203434,1401
23765780,St Engineering Pte Ltd.,1,2021-07-28,7392,77,2021-03-01,2024-12-30,0.010416666666666666,1400
343770,Hays plc,1,2021-03-03,6955,54,2021-03-01,2024-12-30,0.007764198418404026,1400
984103,OCBC Bank (Malaysia) Bhd.,1,2021-05-07,6771,40,2021-01-17,2024-12-31,0.005907546891153448,1444
76879,NodeFlair Pte Ltd.,1,2024-01-16,6604,265,2021-11-06,2024-06-27,0.040127195639006664,964
100941789,Nanyang Technological University,1,2021-02-25,6307,131,2021-01-18,2024-12-30,0.020770572379895356,1442
93210878,ITCAN,1,2021-03-09,5999,24,2021-03-01,2024-12-31,0.0040006667777962995,1401
5920532,Rk Recruitment Pte Ltd.,1,2022-07-21,5998,74,2021-11-30,2024-12-27,0.012337445815271757,1123
12798884,Gmp Group SA,1,2021-02-02,5944,67,2021-02-02,2024-11-23,0.011271870794078062,1390
6527145,Talent Traders,1,2021-03-12,5940,116,2021-01-01,2024-12-29,0.019528619528619527,1458
3147817,Direct Search Global,1,2021-03-18,5907,76,2021-03-01,2024-12-11,0.01286609107838158,1381
7009856,Hemmersbach GmbH & Co. KG,1,2024-01-06,5421,154,2021-04-14,2024-10-26,0.028408042796532005,1291
730099,Good Job Creations (Singapore) Pte Ltd.,1,2021-03-02,5164,27,2021-03-01,2024-12-26,0.0052285050348567005,1396
22224363,NTUC FairPrice Co-Operative Ltd.,1,2021-03-15,5110,124,2021-01-01,2024-12-23,0.02426614481409002,1452
8299119,Aber Care Pte Ltd.,1,2022-11-16,5016,1,2021-03-01,2024-12-27,0.00019936204146730463,1397
726113,Talent Trader Group Pte Ltd.,1,2021-08-17,4866,58,2021-03-05,2024-12-24,0.011919441019317715,1390
22144130,"Lexisnexis Risk Solutions, Inc.",1,2021-10-21,4355,113,2021-03-02,2024-12-10,0.025947187141216993,1379
74001,China Communications Construction Co. Ltd.,1,2022-06-15,4307,28,2021-01-12,2024-12-31,0.00650104481077316,1449
1096494,"Micron Technology, Inc.",1,2021-03-17,4225,59,2021-03-01,2024-12-31,0.013964497041420118,1401
6374117,Stafflink Services Pte Ltd.,1,2021-03-10,4194,109,2021-03-03,2024-12-26,0.025989508822126847,1394
84231,"Southeastern Archaeological Research, Inc.",1,2021-07-05,4129,18,2021-03-01,2024-12-30,0.004359409057883265,1400
1301557,Ernst & Young Global Ltd.,1,2021-05-07,4058,7,2021-03-01,2024-12-31,0.0017249876786594382,1401
23341472,Staffking Pte Ltd,1,2023-06-03,3854,29,2021-07-02,2024-12-31,0.007524649714582252,1278
424666,National Healthcare Group Pte Ltd.,1,2022-06-23,3800,17,2021-03-02,2024-12-31,0.0044736842105263155,1400
93679199,Message Paris,1,2021-07-09,3780,25,2021-03-01,2024-12-18,0.006613756613756613,1388
632888,Snaphunt Pte Ltd.,1,2021-04-15,3745,36,2021-03-01,2024-12-09,0.009612817089452604,1379
501621,Morgan McKinley,1,2021-05-25,3729,21,2021-03-01,2024-12-26,0.0056315366049879325,1396
329336,Reeracoen Singapore Pte Ltd.,1,2021-03-03,3698,29,2021-01-13,2024-11-19,0.007842076798269334,1406
6092516,Search Personnel,1,2021-03-22,3680,46,2021-03-01,2024-12-30,0.0125,1400
65190,Zenith Infotech (S) Pte Ltd.,1,2022-03-13,3533,16,2021-03-03,2024-12-31,0.004528729125389187,1399
868164,Wsh Experts Pte Ltd,1,2021-05-10,3529,5,2021-03-03,2024-12-27,0.0014168319637291016,1395
638503,Chase,1,2021-04-05,3528,7,2021-03-01,2022-11-08,0.001984126984126984,617
4896729,JLL India,1,2021-08-26,3526,25,2021-01-01,2024-12-30,0.007090187180941577,1459
398197,NTT Ltd. (United Kingdom),1,2021-04-05,3473,37,2021-03-01,2024-12-30,0.010653613590555715,1400
20921708,"Robert Half, Inc.",1,2022-09-19,3471,6,2021-01-28,2024-11-20,0.001728608470181504,1392
19592728,TRITON AI PTE LTD,1,2021-08-26,3440,24,2021-08-26,2024-12-30,0.0069767441860465115,1222
736766,"Agency for Science, Technology & Research",1,2022-09-22,3385,39,2021-03-02,2024-12-31,0.011521418020679469,1400
3326527,Elitez,1,2021-07-02,3347,19,2021-03-02,2024-12-30,0.005676725425754407,1399
1016226,Robert Walters Plc,1,2021-05-28,3328,7,2021-03-01,2024-04-30,0.0021033653846153845,1156
1668523,Mtc Staffing Pte Ltd.,1,2021-04-17,3309,15,2021-03-01,2024-12-27,0.004533091568449683,1397
16299511,One Vogue Pte Ltd,1,2021-08-12,3296,33,2021-03-01,2024-12-31,0.010012135922330098,1401
1211046,Scientec Pte Ltd.,1,2022-06-08,3290,24,2021-03-03,2024-12-31,0.00729483282674772,1399
929032,Singapore Health Services Pte Ltd.,1,2022-07-29,3172,14,2021-01-28,2024-12-31,0.004413619167717529,1433
3584590,Flintex Consulting Pte Ltd,1,2021-10-30,3084,74,2021-03-01,2024-10-10,0.023994811932555125,1319
871140,Oaktree Consulting,1,2021-05-27,3079,14,2021-01-01,2024-12-30,0.004546930821695355,1459
23275491,Recruit Now Singapore Pte. Ltd.,1,2022-09-27,3050,37,2022-03-18,2024-12-31,0.012131147540983607,1019
946842,Kerry Consulting Pte Ltd.,1,2022-08-17,3046,6,2021-01-01,2024-12-18,0.001969796454366382,1447
305012,"Thermo Fisher Scientific, Inc.",1,2021-03-29,3029,123,2021-03-01,2024-12-31,0.040607461208319574,1401
20173406,Wecruit,1,2021-03-18,3018,36,2021-03-03,2024-12-31,0.011928429423459244,1399
20996076,Shopee Singapore Pvt Ltd.,1,2021-07-15,3014,156,2021-03-02,2024-12-31,0.051758460517584606,1400
1063424,JointHire Singapore Pte Ltd.,1,2021-08-06,3007,77,2021-01-01,2024-12-31,0.02560691719321583,1460
14068528,Jobline Resources,1,2021-03-03,2885,17,2021-01-01,2024-12-25,0.0058925476603119585,1454
2511752,Business Edge Personnel Services Pte Ltd.,1,2021-10-21,2879,13,2021-03-02,2024-12-26,0.0045154567558179926,1395
5801041,RAPSYS TECHNOLOGIES PTE. LTD.,1,2022-02-16,2825,24,2021-03-05,2024-12-30,0.008495575221238939,1396
31092,Singapore GP Pte Ltd.,1,2021-11-03,2798,22,2021-03-26,2024-11-26,0.007862759113652609,1341
564952,HSBC Bank Plc,1,2022-08-02,2786,13,2021-03-02,2024-12-31,0.00466618808327351,1400
543448,JPMorgan Chase & Co.,1,2022-05-18,2710,12,2021-03-03,2024-12-28,0.004428044280442804,1396
22166835,PricewaterhouseCoopers LLP,1,2021-08-01,2709,40,2021-01-21,2024-12-24,0.014765596160944998,1433
97982,Ambition Group Ltd.,1,2023-01-02,2660,6,2021-03-01,2024-12-20,0.002255639097744361,1390
12851211,Orange Digital,1,2021-05-21,2597,22,2021-03-02,2024-07-24,0.008471313053523296,1240
22243679,BGC Group Pte Ltd.,1,2022-08-19,2480,106,2021-03-03,2024-12-27,0.042741935483870966,1395
45485,Prudential Plc,1,2021-10-04,2433,37,2021-03-08,2024-12-31,0.015207562679819153,1394
22144738,Sephora SASU,1,2021-05-05,2432,58,2021-03-01,2024-12-31,0.023848684210526317,1401
1155135,Ethos Beathchapman,1,2021-04-09,2416,13,2021-03-01,2024-12-19,0.005380794701986755,1389
1066426,Dynamic Human Capital Pte Ltd.,1,2023-09-07,2384,21,2021-03-01,2024-12-30,0.008808724832214765,1400
22142390,IBM Global Services,1,2021-09-29,2334,61,2021-03-01,2024-12-30,0.026135389888603255,1400
1492897,Cognizant Technology Solutions Corp.,1,2022-01-19,2329,35,2021-03-03,2024-12-27,0.015027908973808502,1395
477885,AIA Group Ltd.,1,2021-11-25,2260,21,2021-03-01,2024-12-27,0.009292035398230088,1397
339810,The GMP Group,1,2022-08-22,2227,26,2021-03-09,2024-12-18,0.011674898967220475,1380
755321,Transcendent Business Services Pte Ltd,1,2021-03-03,2223,3,2021-03-01,2024-07-22,0.001349527665317139,1239
1230770,Accenture Plc,1,2021-03-02,2215,49,2021-03-02,2024-12-27,0.022121896162528215,1396
6446675,Success Human Resource Centre Pte Ltd,1,2021-04-27,2200,13,2021-03-01,2024-12-30,0.005909090909090909,1400
49587,Media Corp. Plc,1,2022-07-05,2189,55,2021-03-01,2024-12-31,0.02512562814070352,1401
101212847,"Dyson, Inc.",1,2021-04-28,2180,13,2021-03-01,2024-12-30,0.005963302752293578,1400
20937770,Deloitte LLP (New York),1,2021-05-13,2178,14,2021-03-01,2024-12-30,0.006427915518824609,1400
109401,eFinancialCareers Ltd.,1,2023-04-16,2172,37,2021-06-03,2024-08-07,0.01703499079189687,1161
833167,CoreStaff Pty Ltd.,1,2022-02-13,2171,19,2021-03-01,2024-12-27,0.008751727314601566,1397
1405161,Sembcorp Industries Ltd.,1,2021-08-01,2149,83,2021-05-07,2024-12-31,0.03862261516984644,1334
7969190,UBS AG,1,2021-09-16,2145,30,2021-03-01,2024-12-31,0.013986013986013986,1401
21845701,Recruit Lync Pte Ltd,1,2024-04-15,2136,3,2022-04-30,2024-12-29,0.0014044943820224719,974
6593993,TempServ Pte Ltd.,1,2021-04-06,2128,6,2021-03-03,2024-12-20,0.002819548872180451,1388
656613,"Luxoft Holding, Inc.",1,2021-06-02,2122,5,2021-03-02,2024-12-30,0.00235626767200754,1399
1232095,"Apple, Inc.",1,2021-03-05,2074,169,2021-03-01,2024-12-31,0.08148505303760849,1401
946269,"RGF Environmental Group, Inc.",1,2021-04-29,2064,18,2021-03-01,2024-04-30,0.00872093023255814,1156
766823,Google LLC,1,2021-03-16,2044,71,2021-03-01,2024-12-31,0.034735812133072405,1401
908572,Cornerstone Global Partners Ltd.,1,2021-03-02,2028,23,2021-01-01,2024-12-27,0.011341222879684419,1456
218,"CBRE Group, Inc.",1,2021-03-15,2023,45,2021-03-02,2024-12-31,0.022244191794364803,1400
21047831,Grab Holdings Ltd. (Singapore),1,2021-04-07,2013,50,2021-01-28,2024-12-19,0.024838549428713365,1421
6535467,Tangspac Consulting Pte Ltd.,1,2021-10-12,1990,11,2021-03-02,2024-12-30,0.005527638190954774,1399
18937491,Talents@Work,1,2022-03-18,1980,10,2021-04-08,2024-12-31,0.005050505050505051,1363
499287,U3 Infotech Pte Ltd.,1,2023-02-13,1972,4,2021-03-02,2024-10-14,0.002028397565922921,1322
3004589,CVista HR Consulting Pte Ltd (EA License: 16C7883),1,2023-08-28,1932,7,2021-03-04,2024-12-31,0.0036231884057971015,1398
1211214,Eames Consulting Group Holdings Ltd.,1,2021-06-30,1924,3,2021-03-01,2024-12-20,0.0015592515592515593,1390
864132,Merck Sharp & Dohme Corp.,1,2021-03-05,1912,77,2021-03-02,2024-12-31,0.040271966527196654,1400
93226640,Income Insurance,1,2022-03-16,1911,6,2021-01-01,2024-12-31,0.0031397174254317113,1460
1931001,Align Recruitment Pte Ltd,1,2021-09-03,1861,35,2021-03-07,2024-12-18,0.018807092960773777,1382
805838,Ensign InfoSecurity Pte Ltd.,1,2021-10-08,1808,15,2021-09-29,2024-12-27,0.008296460176991151,1185
875497,"National University Health System Pte, Ltd.",1,2023-10-12,1804,7,2021-08-05,2024-12-31,0.003880266075388027,1244
18937611,Talentsis Pte Ltd,1,2022-10-31,1796,80,2021-03-01,2024-12-31,0.044543429844097995,1401
329436,"Group M Worldwide, Inc.",1,2021-08-19,1777,15,2021-01-07,2024-12-18,0.008441193021947102,1441
1505582,Lazada South East Asia Pte Ltd.,1,2021-03-03,1765,35,2021-03-02,2024-12-30,0.019830028328611898,1399
406936,SMRT Corp. Ltd.,1,2021-07-28,1765,23,2021-03-18,2024-12-27,0.013031161473087818,1380
405724,Acceo Group SAS,1,2024-01-24,1762,40,2023-11-04,2024-05-21,0.022701475595913734,199
7577074,SingHealth Foundation,1,2024-02-13,1747,7,2021-03-02,2024-12-20,0.004006868918145392,1389
98152787,Elitez & Associates Pte Ltd.,1,2023-01-19,1720,10,2021-04-28,2024-12-27,0.005813953488372093,1339
807572,"HP, Inc.",1,2021-05-25,1704,47,2021-03-01,2024-12-19,0.027582159624413145,1389
21047705,Seagate Technology,1,2021-08-06,1699,21,2021-03-01,2024-12-23,0.012360211889346674,1393
532877,Deutsche Bank AG,1,2021-05-20,1690,29,2021-01-01,2024-12-26,0.017159763313609466,1455
1305610,KPMG LLP,1,2023-03-02,1687,6,2021-10-01,2024-12-30,0.0035566093657379964,1186
5485920,Peak Ocean Pte Ltd.,1,2022-08-21,1686,9,2021-03-19,2024-12-31,0.005338078291814947,1383
1794367,ACHIEVE Career Consultant (M) Sdn Bhd,1,2021-10-16,1675,22,2021-03-07,2024-12-31,0.013134328358208954,1395
1035058,Infineon Technologies AG,1,2021-03-05,1645,59,2021-03-02,2024-12-27,0.035866261398176294,1396
2575175,cap consulting GmbH,1,2021-05-21,1641,10,2021-03-03,2024-12-26,0.006093845216331505,1394
1359692,"Amazon.com, Inc.",1,2021-05-10,1624,186,2021-01-01,2024-12-31,0.1145320197044335,1460
22165857,MUFG Bank Ltd. (London Branch),1,2024-08-13,1599,4,2021-03-03,2024-12-31,0.0025015634771732333,1399
1504569,The Bank of New York Mellon SA,1,2021-06-08,1596,94,2021-03-02,2024-12-23,0.05889724310776942,1392
1139889,Accor SA,1,2021-03-19,1595,121,2021-03-01,2024-12-30,0.07586206896551724,1400
350953,Microsoft Corp.,1,2021-03-23,1588,64,2021-03-05,2024-12-29,0.04030226700251889,1395
393528,Bank of America Corp.,1,2021-07-06,1581,60,2021-03-18,2024-12-27,0.03795066413662239,1380
315685,DHL SA,1,2021-03-23,1576,31,2021-03-01,2024-12-31,0.01967005076142132,1401
1003744,Singapore Management University,1,2021-06-21,1576,325,2021-03-05,2024-12-16,0.20621827411167512,1382
634823,ACE Management Services Ltd.,1,2022-09-15,1563,13,2021-03-08,2024-12-20,0.008317338451695458,1383
4141732,Ideals Recruitment Pte Ltd.,1,2022-04-04,1558,2,2021-03-03,2024-12-31,0.0012836970474967907,1399
396968,"The Pratt & Whitney Co., Inc.",1,2021-09-28,1556,15,2021-03-02,2024-12-31,0.009640102827763496,1400
820267,Workle Ltd.,1,2021-08-06,1548,9,2021-03-03,2024-12-31,0.005813953488372093,1399
1233178,"Meta Platforms, Inc.",1,2021-04-30,1533,30,2021-03-02,2024-12-24,0.019569471624266144,1393
93278193,GMP Recruitment Ltd.,1,2022-01-04,1519,18,2021-03-01,2024-12-27,0.01184990125082291,1397
408869,Optimum Solutions (Singapore) Pte Ltd.,1,2022-05-25,1515,5,2021-03-01,2024-12-26,0.0033003300330033004,1396
5965903,RRecruiter,1,2021-07-02,1504,14,2021-05-12,2024-12-31,0.009308510638297872,1329
22237112,Surbana Jurong Pte Ltd.,1,2022-08-26,1481,12,2021-03-05,2024-12-31,0.008102633355840648,1397
838254,ELLIOTT MOSS CONSULTING LTD,1,2021-08-14,1479,9,2021-03-08,2024-12-31,0.006085192697768763,1394
1314485,Siemens AG,1,2021-04-27,1456,64,2021-03-01,2024-12-27,0.04395604395604396,1397
384099,RMA Contracts Pte Ltd.,1,2021-10-02,1448,5,2021-03-07,2024-12-31,0.003453038674033149,1395
3380745,Envirodynamics Solutions Pte Ltd.,1,2023-08-01,1445,4,2021-03-05,2024-12-30,0.002768166089965398,1396
3277195,Edge Partnership,1,2024-08-01,1426,1,2021-03-09,2024-12-20,0.0007012622720897616,1382
970650,"Pasona NA, Inc.",1,2023-10-26,1423,4,2021-03-03,2024-12-30,0.0028109627547434997,1398
5284218,NTUC Health Co-Operative Ltd..,1,2021-08-17,1416,11,2021-02-24,2024-12-24,0.007768361581920904,1399
227889,"Razer, Inc.",1,2021-03-09,1365,71,2021-03-01,2024-12-23,0.05201465201465202,1393
402764,Airwallex Pty Ltd.,1,2021-11-01,1363,79,2021-03-22,2024-12-31,0.05796038151137197,1380
21023141,"Dell, Inc.",1,2021-03-29,1355,65,2021-03-03,2024-12-26,0.04797047970479705,1394
22169753,Bloomberg LP,1,2022-09-01,1336,8,2021-03-01,2024-12-20,0.005988023952095809,1390
6570223,Technopals Pte Ltd.,1,2022-09-20,1299,8,2021-09-28,2024-12-30,0.006158583525789068,1189
49781847,Nextbeat Singapore Pte.Ltd.,1,2023-09-22,1294,6,2022-12-20,2024-12-05,0.00463678516228748,716
654501,Ridik Pte Ltd.,1,2022-02-13,1287,8,2021-04-03,2024-12-31,0.006216006216006216,1368
27746422,RS Recruitment Agency,1,2021-10-15,1278,16,2021-03-02,2024-12-28,0.012519561815336464,1397
196290,"Hilton Worldwide Holdings, Inc.",1,2022-03-14,1264,15,2021-03-11,2024-12-26,0.011867088607594937,1386
1253148,"GLOBALFOUNDRIES, Inc.",1,2021-04-13,1261,17,2021-03-01,2024-12-30,0.013481363996827915,1400
102744,Quess Corp. Ltd.,1,2021-08-30,1257,5,2021-03-01,2024-12-31,0.003977724741447892,1401
688360,Encora Digital LLC,1,2021-06-08,1254,227,2021-03-10,2024-11-14,0.1810207336523126,1345
747435,Jj Consulting Services,1,2024-01-09,1251,7,2021-03-02,2024-12-07,0.005595523581135092,1376
6613283,TG Singapore,1,2023-01-12,1239,2,2021-03-03,2024-12-30,0.0016142050040355124,1398
6827679,Trinity Consulting,1,2024-08-26,1236,2,2021-04-28,2024-12-30,0.0016181229773462784,1342
702137,Singapore Institute of Technology,1,2022-06-08,1234,31,2021-02-22,2024-12-26,0.025121555915721232,1403
1489790,GE Aviation Systems North America LLC,1,2021-03-31,1221,64,2021-03-01,2024-12-27,0.05241605241605242,1397
22152219,Crédit Agricole SA,1,2021-03-09,1216,16,2021-03-09,2024-12-30,0.013157894736842105,1392
15539977,MindChamps Holdings Pte Ltd.,1,2021-07-01,1205,11,2021-01-01,2024-12-27,0.009128630705394191,1456
4498045,Kingsforce Management Services Pte Ltd.,1,2022-07-04,1192,18,2021-03-02,2024-12-27,0.015100671140939598,1396
18233055,Singapore De Shushoku (SDS),1,2022-11-15,1180,3,2021-12-10,2024-12-24,0.002542372881355932,1110
15482102,Agenzia per la diffusione delle tecnologie per l'innovazione,1,2022-07-29,1178,11,2021-01-12,2024-12-27,0.00933786078098472,1445
1426275,Continental AG,1,2021-09-01,1163,18,2021-03-09,2024-12-31,0.015477214101461736,1393
322312,Leica Microsystems GmbH,1,2021-03-16,1161,20,2021-03-05,2024-12-24,0.017226528854435832,1390
104117,Warranty Management Services Ltd.,1,2021-01-16,1158,11,2021-01-05,2024-11-27,0.009499136442141624,1422
108002,Jondavidson Pte Ltd.,1,2021-09-27,1155,10,2021-03-07,2024-10-24,0.008658008658008658,1327
1083697,Schneider Electric SE,1,2021-05-12,1153,47,2021-03-02,2024-12-31,0.040763226366001735,1400
829185,Mercer LLC,1,2022-10-21,1153,2,2021-01-01,2024-12-17,0.0017346053772766695,1446
341759,A-IT Software Services Pte Ltd.,1,2023-02-03,1145,4,2021-03-01,2024-09-18,0.0034934497816593887,1297
870877,PeopleSearch Pte Ltd.,1,2021-08-03,1131,4,2021-03-01,2024-08-23,0.0035366931918656055,1271
913631,Thales SA,1,2021-03-23,1130,24,2021-03-05,2024-12-31,0.021238938053097345,1397
401148,StarHub Ltd.,1,2021-04-05,1126,8,2021-03-01,2024-12-27,0.007104795737122558,1397
1033568,Johnson & Johnson,1,2021-04-06,1125,67,2021-03-01,2024-12-24,0.059555555555555556,1394
10144905,Careernexus Pty Ltd.,1,2023-10-03,1111,5,2023-09-04,2024-11-06,0.004500450045004501,429
513460,Procter & Gamble Co.,1,2024-05-30,1103,3,2021-03-13,2024-12-20,0.0027198549410698096,1378
702843,Amaris Group SA (Switzerland),1,2021-07-02,1101,12,2021-03-03,2024-12-25,0.010899182561307902,1393
1794481,Achieve Technology Asia Pacific Pte Ltd,1,2022-04-12,1085,6,2021-10-08,2024-12-26,0.005529953917050691,1175
619531,Allianz SE,1,2021-04-21,1071,31,2021-03-05,2024-12-25,0.028944911297852476,1391
439423,Peoplebank Holdings Pty Ltd.,1,2023-11-03,1070,7,2021-03-01,2024-10-07,0.0065420560747663555,1316
7375,"Marriott International, Inc.",1,2021-03-05,1063,24,2021-03-01,2024-12-26,0.022577610536218252,1396
184069,SATS Ltd.,1,2024-03-28,1062,2,2021-03-06,2024-12-31,0.0018832391713747645,1396
530184,ComfortDelGro Corp. Ltd.,1,2022-06-06,1062,13,2021-03-02,2024-12-20,0.01224105461393597,1389
745033,The Walt Disney Co.,1,2021-04-05,1060,36,2021-03-08,2024-12-31,0.033962264150943396,1394
55998,Nityo Infotech Corp.,1,2021-07-02,1059,2,2021-03-03,2024-12-29,0.0018885741265344666,1397
448784,Marina Bay Sands Pte Ltd.,1,2021-07-15,1042,11,2021-03-16,2024-12-27,0.01055662188099808,1382
850090,Talentvis Singapore Pte Ltd,1,2021-08-06,1041,7,2021-08-06,2024-08-30,0.0067243035542747355,1120
240985,Greensafe International Pte Ltd.,1,2022-07-05,1040,6,2021-03-01,2024-12-31,0.0057692307692307696,1401
184093,Pgi Infotech,1,2021-03-12,1039,20,2021-03-03,2024-12-11,0.019249278152069296,1379
15061800,Maestro Human Resource Pte Ltd,1,2021-07-01,1038,20,2021-03-10,2024-12-23,0.019267822736030827,1384
93884047,St Recruitment Centre,1,2023-04-14,1035,14,2021-03-01,2024-12-30,0.01352657004830918,1400
613988,Keppel Ltd.,1,2022-03-21,1021,10,2021-01-12,2024-12-09,0.009794319294809012,1427
1005913,Avensys Consulting Pte Ltd.,1,2022-05-10,1015,11,2021-03-20,2024-12-06,0.01083743842364532,1357
22190045,Faststream Recruitment Ltd.,1,2022-08-12,1006,4,2021-03-02,2024-04-30,0.003976143141153081,1155
3782359,Gravitas Recruitment Group Ltd.,1,2023-10-10,999,4,2021-03-20,2024-12-23,0.004004004004004004,1374
339876,ST Logistics Pte Ltd.,1,2021-04-22,992,20,2021-02-19,2024-12-31,0.020161290322580645,1411
8230426,Spring Professional,1,2021-07-09,986,13,2021-03-01,2024-07-01,0.013184584178498986,1218
1192920,Capgemini SE,1,2021-03-12,985,442,2021-03-11,2024-12-18,0.44873096446700506,1378
240836,Synapxe Pte Ltd.,1,2021-10-27,981,9,2021-07-08,2024-09-24,0.009174311926605505,1174
124017,Xcellink Pte Ltd.,1,2021-10-04,977,11,2021-01-07,2024-12-27,0.011258955987717503,1450
94786710,Novo Recruitment Solutions,1,2023-08-24,974,9,2023-03-09,2024-12-27,0.009240246406570842,659
93249480,HEWITT ASSOCIATES LTD,1,2023-03-08,973,22,2021-03-03,2024-12-30,0.022610483042137718,1398
7779534,Hr Focus,1,2022-03-07,967,18,2021-03-01,2024-12-10,0.01861427094105481,1380
100035006,D L RESOURCES,1,2023-10-23,957,30,2021-03-31,2024-12-29,0.03134796238244514,1369
19569928,Triage Motion Picture Services/ EQUE INC /,1,2022-11-01,953,10,2022-10-24,2024-12-29,0.01049317943336831,797
4323824,IT Consultancy & Services Pte. Ltd.,1,2022-01-13,951,5,2021-01-01,2024-12-30,0.005257623554153523,1459
22789137,Bayes Recruitment Pte Ltd.,1,2021-04-03,951,19,2021-03-02,2024-12-31,0.019978969505783387,1400
96427552,Maxhunt Resource Pte Ltd,1,2023-12-12,951,3,2023-01-05,2024-12-31,0.0031545741324921135,726
4424036,JUST RECRUIT SINGAPORE PTE. LTD.,1,2022-01-18,940,6,2021-03-03,2024-12-23,0.006382978723404255,1391
977427,VMware LLC,1,2021-03-08,937,45,2021-03-01,2024-11-11,0.048025613660619,1351
793332,National Council of Social Service,1,2022-08-11,935,1,2021-03-22,2023-10-26,0.0010695187165775401,948
4401237,JoinUs Asia,1,2021-12-14,935,7,2021-03-12,2024-12-17,0.0074866310160427805,1376
784291,"KUDO, Inc.",1,2022-01-12,933,11,2021-12-20,2022-10-19,0.011789924973204717,303
1343427,Agency for Integrated Care Pte Ltd.,1,2024-07-24,932,1,2021-03-02,2024-12-24,0.001072961373390558,1393
22195488,Workstone Ltd.,1,2023-11-28,932,3,2021-11-29,2024-12-03,0.003218884120171674,1100
791709,Halliburton Co.,1,2022-06-06,928,5,2021-03-02,2024-12-18,0.005387931034482759,1387
1336907,"Nomura Securities Co., Ltd.",1,2023-07-03,920,3,2021-03-01,2024-12-23,0.003260869565217391,1393
633183,Wipro Technologies Ltd.,1,2021-05-07,915,19,2021-03-03,2024-12-10,0.020765027322404372,1378
393068,Ethos Search Associates Pte Ltd.,1,2021-05-22,912,5,2021-03-07,2024-12-27,0.005482456140350877,1391
22269454,Cuscaden Peak Investments Pvt Ltd. (Singapore),1,2022-07-29,910,10,2021-03-12,2024-12-31,0.01098901098901099,1390
99169626,ITE - Institute Of Technical Education,1,2024-02-06,901,6,2022-11-22,2024-12-17,0.006659267480577136,756
530916,Quest Global Services Pte Ltd.,1,2021-04-19,897,26,2021-03-01,2024-12-24,0.028985507246376812,1394
2644807,CELECTI PTE. LTD.,1,2021-06-18,896,7,2021-03-01,2024-12-30,0.0078125,1400
1027571,RMA Consultants Ltd.,1,2022-01-14,889,4,2021-03-02,2024-12-27,0.0044994375703037125,1396
1246081,"Applied Materials, Inc.",1,2021-10-26,888,18,2021-03-01,2024-12-26,0.02027027027027027,1396
1198224,Orange Business Services SA,1,2021-08-01,885,9,2021-03-02,2024-12-21,0.010169491525423728,1390
367981,Kris Infotech Pte Ltd.,1,2021-10-21,881,7,2021-03-10,2024-12-05,0.007945516458569807,1366
1026680,Equinix (EMEA) BV,1,2021-05-21,875,80,2021-03-19,2024-12-24,0.09142857142857143,1376
1400574,"Cisco Systems, Inc.",1,2021-08-05,868,20,2021-03-01,2024-12-21,0.02304147465437788,1391
370556,Techbridge Market Holdings Pte Ltd.,1,2022-01-17,864,9,2021-03-02,2024-06-10,0.010416666666666666,1196
22151191,"L'Oréal USA, Inc.",1,2021-03-10,861,16,2021-03-03,2024-12-18,0.018583042973286876,1386
93230545,IHH,1,2022-04-01,851,8,2021-01-11,2024-12-30,0.009400705052878966,1449
806872,FedEx Corp.,1,2021-10-19,844,15,2021-03-02,2024-12-27,0.017772511848341232,1396
7823360,Maybank Auto Finance,1,2021-11-09,843,10,2021-04-01,2024-12-27,0.011862396204033215,1366
20925051,Jardine Cycle & Carriage Ltd.,1,2022-06-09,837,5,2021-03-05,2024-12-27,0.005973715651135006,1393
22255734,WS Audiology A/S,1,2021-04-15,836,28,2021-03-03,2024-12-18,0.03349282296650718,1386
1505446,Singapore Power Ltd.,1,2021-10-08,831,57,2021-03-01,2024-12-23,0.06859205776173286,1393
1377758,Personnel Link Jobhub Pte Ltd.,1,2021-10-02,831,2,2021-03-03,2024-10-11,0.0024067388688327317,1318
22166327,The Maersk Co. Ltd.,1,2021-07-12,808,37,2021-03-01,2024-12-31,0.04579207920792079,1401
8129068,Sciente International Pte Ltd.,1,2022-11-02,808,1,2021-03-01,2024-12-10,0.0012376237623762376,1380
93521597,AMD Global Services (M) Sdn Bhd,1,2022-05-11,803,15,2021-01-01,2024-12-17,0.0186799501867995,1446
6017343,Salt,1,2023-06-20,801,3,2021-03-02,2024-04-26,0.003745318352059925,1151
508352,Darwinbox Digital Solutions Pvt Ltd.,1,2022-12-15,799,6,2021-01-15,2024-12-26,0.007509386733416771,1441
792141,BNP Paribas SA,1,2023-09-05,794,1,2021-03-08,2024-12-29,0.0012594458438287153,1392
3286158,Edufarm Learning Centre,1,2021-04-13,792,7,2021-03-03,2024-12-30,0.008838383838383838,1398
2881112,Connecte International Pte Ltd.,1,2023-02-16,792,5,2021-03-01,2024-11-23,0.006313131313131313,1363
291819,Seatrium Ltd.,1,2023-09-27,789,2,2021-05-17,2024-12-31,0.0025348542458808617,1324
906797,Horizon Therapeutics Ltd. (Ireland),1,2021-07-28,779,4,2021-03-11,2024-12-24,0.005134788189987163,1384
20921451,"Becton Dickinson Philippines, Inc.",1,2021-04-08,774,20,2021-03-03,2024-12-20,0.025839793281653745,1388
20931279,CIMB Group Holdings Bhd.,1,2023-09-29,769,7,2021-08-31,2024-12-23,0.009102730819245773,1210
22143934,ING Groep NV,1,2024-10-01,768,1,2021-03-12,2024-12-26,0.0013020833333333333,1385
5281428,Nsearch Global Pte Ltd.,1,2021-10-15,766,7,2021-03-08,2024-12-27,0.009138381201044387,1390
537225,Ctes Consulting Pte Ltd.,1,2021-10-13,766,15,2021-03-03,2024-12-26,0.0195822454308094,1394
15146568,Manpower Advisors Pte Ltd.,1,2021-08-22,764,28,2021-03-17,2024-05-13,0.03664921465968586,1153
439745,PSA International Pte Ltd.,1,2022-07-25,763,9,2021-01-13,2024-12-27,0.011795543905635648,1444
340744,Talent2 International Pty Ltd.,1,2021-09-27,760,21,2021-03-03,2024-12-31,0.02763157894736842,1399
22170579,Mazars SA,1,2021-06-30,758,23,2021-02-02,2024-12-26,0.030343007915567283,1423
5827665,Recruit Haus Pte Ltd,1,2022-08-11,755,14,2021-03-12,2024-12-31,0.018543046357615896,1390
8378730,Active Manpower Resources Pte Ltd,1,2024-07-31,754,2,2021-03-03,2024-12-27,0.002652519893899204,1395
93496225,Aurora Asia Pacific,1,2023-06-08,753,7,2021-09-09,2024-12-27,0.009296148738379814,1205
786531,Unison Consulting Pte Ltd.,1,2023-09-29,751,3,2021-04-09,2024-12-23,0.0039946737683089215,1354
7538,Treedots Enterprise Pte Ltd.,1,2021-03-25,751,6,2021-03-03,2024-08-28,0.007989347536617843,1274
22192543,Temp Team Ltd.,1,2024-01-03,751,2,2021-07-01,2024-12-23,0.002663115845539281,1271
433144,Four Leaves Pte Ltd.,1,2024-08-26,750,7,2021-03-04,2024-12-24,0.009333333333333334,1391
35701,Eps Consultants Pte Ltd.,1,2021-08-13,750,3,2021-03-01,2024-12-11,0.004,1381
441760,GSK Plc,1,2021-08-16,749,9,2021-03-01,2024-12-26,0.012016021361815754,1396
374770,Etonhouse International Education Group,1,2021-08-11,749,2,2021-03-03,2024-12-17,0.0026702269692923898,1385
667712,SAP SE,1,2022-06-10,743,69,2021-03-01,2024-12-29,0.09286675639300135,1399
22151247,Airbus SE,1,2021-07-22,735,18,2021-03-05,2024-12-26,0.024489795918367346,1392
10097997,CandidateAsia,1,2021-05-23,729,3,2021-03-05,2024-07-14,0.00411522633744856,1227
4826843,Manpower Access Pte Ltd.,1,2022-05-26,727,8,2021-03-01,2024-12-23,0.011004126547455296,1393
311538,"Mason America, Inc.",1,2022-11-04,726,5,2021-03-02,2024-12-28,0.006887052341597796,1397
98303450,Star Career Consulting,1,2024-01-29,725,5,2022-11-18,2024-12-24,0.006896551724137931,767
14070400,Jobstudio,1,2021-05-04,722,4,2021-01-01,2024-04-22,0.00554016620498615,1207
1034010,Singapore Post Ltd.,1,2022-03-24,720,14,2021-06-02,2024-12-23,0.019444444444444445,1300
93223500,InfoSys Ltd.,1,2021-06-11,718,5,2021-03-10,2024-12-26,0.006963788300835654,1387
2537194,Cadmus Resources,1,2022-11-21,718,3,2021-03-06,2024-12-30,0.004178272980501393,1395
115177,"Heroku, Inc.",1,2021-04-29,717,22,2021-03-01,2024-12-20,0.030683403068340307,1390
17221727,Raffles Employment Pte. Ltd.,1,2021-09-06,717,2,2021-03-03,2024-12-30,0.002789400278940028,1398
360089,Anchor Search Group Pte Ltd.,1,2021-09-24,712,9,2021-01-21,2024-12-19,0.012640449438202247,1428
94489766,JobsIn Recruitment,1,2021-10-15,709,5,2021-03-01,2024-12-11,0.007052186177715092,1381
7889815,Scoot Pte Ltd.,1,2021-05-25,706,6,2021-03-05,2024-12-30,0.0084985835694051,1396
760377,Hitachi Asia (Malaysia) Sdn. Bhd.,1,2021-03-03,705,32,2021-01-16,2024-12-26,0.04539007092198582,1440
3933478,Hana,1,2023-11-29,702,4,2023-02-09,2024-09-12,0.005698005698005698,581
21180063,Binance Holdings Ltd.,1,2021-11-18,699,12,2021-03-05,2024-12-23,0.017167381974248927,1389
1280012,Tencent Holdings Ltd.,1,2022-04-01,690,39,2021-03-03,2024-12-27,0.05652173913043478,1395
24214173,Job Alpha Associates,1,2021-09-10,690,9,2021-03-05,2024-12-20,0.013043478260869565,1386
5881692,Retail FMCG,1,2021-04-03,689,14,2021-03-02,2023-09-16,0.020319303338171262,928
1207886,NTUC LearningHub Pte Ltd.,1,2024-04-02,681,1,2021-03-08,2024-09-26,0.0014684287812041115,1298
22146319,IHG Hotels Ltd .,1,2022-02-04,680,10,2021-03-02,2024-12-23,0.014705882352941176,1392
723545,CBM Pte Ltd.,1,2021-03-12,679,2,2021-03-01,2024-12-23,0.0029455081001472753,1393
324839,"COENS Co., Ltd.",1,2022-02-16,675,17,2021-03-31,2024-12-27,0.025185185185185185,1367
339144,Care Corner Singapore Ltd.,1,2023-01-13,674,1,2021-03-05,2024-12-30,0.001483679525222552,1396
9057248,Asia Pacific Manpower,1,2022-08-12,669,1,2021-03-13,2024-12-26,0.0014947683109118087,1384
1058117,"Visa, Inc.",1,2021-12-07,663,26,2021-03-03,2024-12-31,0.0392156862745098,1399
2839213,COMBUILDER PTE LTD,1,2022-09-09,660,11,2021-03-05,2024-12-31,0.016666666666666666,1397
824266,"Horizon Recruitment, Inc.",1,2022-02-16,660,6,2022-02-16,2024-11-23,0.00909090909090909,1011
20795554,Aryan Solutions,1,2022-04-05,659,2,2021-03-01,2024-12-19,0.0030349013657056147,1389
167546,"Rakuten Group, Inc.",1,2023-01-26,657,5,2021-03-02,2024-12-30,0.0076103500761035,1399
1151979,Forte Employment Services Pte Ltd,1,2021-03-12,653,18,2021-03-01,2024-10-11,0.027565084226646247,1320
20931379,Lite-On Singapore Pte Ltd.,1,2021-03-30,652,116,2021-03-30,2024-12-17,0.17791411042944785,1358
1397519,Pan Pacific Hotels Group Ltd.,1,2022-04-21,652,4,2021-03-03,2024-12-26,0.006134969325153374,1394
178367,Peraton Enterprise Solutions LLC,1,2021-05-19,651,24,2021-03-02,2024-12-24,0.03686635944700461,1393
381714,Macdonald & Co. Property Ltd.,1,2022-05-06,651,4,2021-03-01,2024-11-23,0.006144393241167435,1363
1038484,Moody's Corp.,1,2022-04-25,650,13,2021-03-05,2024-12-27,0.02,1393
613374,Agoda Co. Pte Ltd.,1,2022-02-01,650,1,2021-02-04,2024-12-23,0.0015384615384615385,1418
594828,"Jobster, Inc.",1,2022-05-27,650,7,2021-03-04,2024-12-27,0.010769230769230769,1394
16504974,Paradigm Recruitment,1,2023-08-29,642,2,2022-01-05,2024-12-26,0.003115264797507788,1086
4265896,Intellect Minds Pte Ltd.,1,2021-11-19,639,7,2021-05-05,2024-08-07,0.010954616588419406,1190
1143189,"Rockwell Automation, Inc.",1,2024-09-25,635,5,2021-03-02,2024-12-26,0.007874015748031496,1395
437275,Kim Yew Integrated Pte. Ltd.,1,2021-12-14,634,13,2021-03-04,2024-12-26,0.02050473186119874,1393
1146370,"Jabil, Inc.",1,2021-11-05,630,36,2021-03-25,2024-12-27,0.05714285714285714,1373
95001496,First Konnection,1,2024-03-25,630,19,2022-10-26,2024-12-28,0.03015873015873016,794
6931452,Upper Spring Consulting Pte Ltd,1,2022-01-26,625,2,2021-04-28,2024-08-26,0.0032,1216
22218225,Singapore University of Technology & Design,1,2023-02-15,625,7,2021-03-03,2024-12-28,0.0112,1396
19729329,UNION MANPOWER SERVICES PTE LTD,1,2021-03-29,622,3,2021-03-03,2024-06-26,0.00482315112540193,1211
18698222,Crypto.com Ltd.,1,2024-01-02,620,24,2021-03-08,2024-12-31,0.03870967741935484,1394
358589,Publicis Groupe SA,1,2023-09-26,615,1,2021-03-01,2024-12-10,0.0016260162601626016,1380
5759707,Quantumsys Technologies Pte Ltd.,1,2022-01-20,611,1,2021-03-01,2023-11-16,0.0016366612111292963,990
22239664,Chubb Ltd.,1,2021-12-07,607,3,2021-03-07,2024-12-30,0.004942339373970346,1394
20930518,"PayPal Holdings, Inc.",1,2024-07-17,607,20,2021-03-03,2024-12-28,0.032948929159802305,1396
161894,DB Schenker GmbH,1,2021-03-03,606,8,2021-03-01,2024-12-26,0.013201320132013201,1396
22151635,London Stock Exchange Group plc,1,2022-01-20,606,7,2021-03-03,2024-12-31,0.01155115511551155,1399
646974,Horizon Software SAS,1,2023-12-15,605,1,2021-03-05,2024-12-12,0.001652892561983471,1378
558724,Kering SA,1,2021-09-23,605,26,2021-03-19,2024-12-23,0.04297520661157025,1375
850084,Nextwave Partners Pte Ltd.,1,2022-10-28,603,1,2021-03-01,2024-12-17,0.001658374792703151,1387
793243,Robert Bosch GmbH,1,2021-03-16,603,29,2021-03-04,2024-12-24,0.04809286898839138,1391
20924380,"Honeywell International, Inc.",1,2021-07-01,601,5,2021-03-02,2024-12-31,0.008319467554076539,1400
905574,ENGIE SA,1,2021-06-10,601,34,2021-03-03,2024-12-20,0.056572379367720464,1388
21042065,Carrier Global Corp.,1,2021-04-21,598,14,2021-03-03,2024-12-30,0.023411371237458192,1398
296301,"S&P Global Market Intelligence, Inc.",1,2021-09-06,597,5,2021-03-12,2024-12-25,0.008375209380234505,1384
759672,Saksoft Ltd.,1,2024-08-19,597,2,2021-04-09,2024-12-31,0.0033500837520938024,1362
242992,"The Boston Consulting Group, Inc.",1,2023-11-14,594,15,2021-03-01,2024-12-06,0.025252525252525252,1376
22171493,Argyll Scott (Holdings) Ltd.,1,2023-01-31,592,1,2021-03-02,2024-04-02,0.0016891891891891893,1127
507096,"KBR, Inc.",1,2021-06-19,590,42,2021-03-05,2024-12-19,0.0711864406779661,1385
10316662,Certis Human Resource Services,1,2021-03-19,588,3,2021-03-02,2024-04-25,0.00510204081632653,1150
6777056,Toss-EX Pte Ltd.,1,2023-09-21,587,6,2021-03-03,2024-12-25,0.010221465076660987,1393
823474,NTUC First Campus Co-operative Ltd.,1,2023-02-08,584,13,2021-03-01,2024-11-25,0.02226027397260274,1365
53745315,R Systems International Ltd.,1,2021-04-14,583,2,2021-04-14,2024-12-24,0.003430531732418525,1350
4091207,HTZ Resources,1,2021-07-30,582,4,2021-03-03,2024-12-26,0.006872852233676976,1394
93144080,Mandai Wildlife Reserve,1,2022-01-20,579,3,2022-01-20,2024-12-26,0.0051813471502590676,1071
673705,Nicoll Curtin Ltd.,1,2024-02-01,578,4,2021-03-15,2024-10-16,0.006920415224913495,1311
1280875,Doctor Anywhere Pte Ltd.,1,2021-05-26,578,20,2021-03-25,2024-12-27,0.03460207612456748,1373
5784846,Raffles Argentina SRL,1,2021-03-08,577,12,2021-03-08,2024-12-27,0.02079722703639515,1390
4391821,JobAlly,1,2021-03-31,574,21,2021-03-31,2024-12-30,0.036585365853658534,1370
745173,Glints Pte Ltd.,1,2022-05-25,573,3,2021-03-10,2024-12-11,0.005235602094240838,1372
10424230,CHRIS HUNTER PTE. LTD.,1,2024-08-06,572,2,2021-10-05,2024-12-30,0.0034965034965034965,1182
22242854,Johnson Controls International Plc,1,2023-10-04,568,5,2021-03-08,2024-12-31,0.008802816901408451,1394
22150863,"DTZ, Inc.",1,2021-08-12,567,1,2021-03-02,2024-12-30,0.001763668430335097,1399
7515296,Wise Plc,1,2021-04-16,566,11,2021-03-02,2024-12-27,0.019434628975265017,1396
93558029,AGIP SpA,1,2022-05-12,565,11,2021-03-05,2024-12-06,0.019469026548672566,1372
1270580,Anotech Energy SAS (France),1,2021-04-19,565,17,2021-03-03,2024-08-15,0.03008849557522124,1261
3019710,Dada Consultants,1,2024-09-03,565,6,2021-03-02,2024-12-30,0.010619469026548672,1399
6543591,Tata Consultancy Services,1,2021-05-06,564,9,2021-03-03,2024-12-06,0.015957446808510637,1374
390451,ABeam Consulting Ltd.,1,2023-04-05,558,2,2021-03-04,2024-12-30,0.0035842293906810036,1397
22141982,Abbott Laboratories,1,2023-10-16,556,8,2021-03-08,2024-12-30,0.014388489208633094,1393
1321424,LEGO A/S,1,2024-03-01,556,3,2021-03-05,2024-12-26,0.00539568345323741,1392
2530085,CA Search Pte Ltd.,1,2022-05-24,556,2,2021-03-01,2024-09-18,0.0035971223021582736,1297
522614,National University Hospital,1,2021-11-03,552,4,2021-08-05,2024-12-26,0.007246376811594203,1239
22234090,NES Global Ltd.,1,2021-04-14,551,6,2021-03-03,2024-12-26,0.010889292196007259,1394
3553666,Finest People,1,2021-09-10,548,16,2021-01-06,2024-04-15,0.029197080291970802,1195
656875,Imda NV,1,2023-05-22,544,9,2021-03-12,2024-12-18,0.016544117647058824,1377
98740678,"BlackRock Finance, Inc.",1,2024-03-15,544,4,2021-03-02,2024-12-23,0.007352941176470588,1392
695911,Cotton on Clothing Pty Ltd.,1,2022-04-01,543,1,2021-03-01,2024-12-30,0.001841620626151013,1400
1368161,"H & S Automotives, Inc.",1,2021-03-08,543,7,2021-03-04,2024-12-23,0.01289134438305709,1390
985362,United World College of South East Asia,1,2021-03-19,543,4,2021-03-02,2024-12-26,0.007366482504604052,1395
1848636,Aerospec Supplies Pte Ltd,1,2023-01-16,539,2,2021-03-12,2024-12-27,0.0037105751391465678,1386
92769759,Nearsource LLC,1,2024-02-09,539,6,2021-07-28,2024-12-30,0.011131725417439703,1251
3726099,Gemini Hong Kong Ltd.,1,2021-03-25,538,322,2021-03-05,2024-12-06,0.5985130111524164,1372
95736415,JDA WMS,1,2023-12-15,537,9,2023-10-26,2024-11-28,0.01675977653631285,399
97086999,"TDCX, Inc.",1,2022-08-23,537,1,2021-03-04,2024-12-27,0.00186219739292365,1394
22176969,HR Affiliates,1,2021-06-10,534,20,2021-03-01,2024-12-30,0.03745318352059925,1400
1391698,JobPlus Employment Agency,1,2022-08-08,534,1,2021-03-12,2024-08-12,0.0018726591760299626,1249
22214981,"IDC Technologies, Inc. (California)",1,2022-07-06,533,10,2021-11-03,2024-08-23,0.01876172607879925,1024
1151301,De Beers Group Services UK Ltd.,1,2021-03-01,532,11,2021-03-01,2024-12-09,0.020676691729323307,1379
421160,Resorts World at Sentosa Pte Ltd.,1,2021-09-21,531,4,2021-05-12,2024-11-19,0.007532956685499058,1287
288161,KLA Corp.,1,2022-10-13,529,3,2021-03-03,2024-12-30,0.005671077504725898,1398
20923715,"The Goldman Sachs Group, Inc.",1,2022-05-03,527,2,2021-03-08,2024-12-20,0.003795066413662239,1383
817161,EatOye Pvt Ltd.,1,2021-03-12,526,9,2021-01-29,2024-12-12,0.017110266159695818,1413
6092571,Search Staffing Services Pte Ltd,1,2023-11-27,525,4,2021-05-10,2024-12-27,0.007619047619047619,1327
7718500,Cultivar Staffing & Search,1,2024-01-09,524,9,2022-01-04,2024-04-30,0.01717557251908397,847
472640,Oracle Corp.,1,2022-01-18,524,4,2021-03-01,2024-12-15,0.007633587786259542,1385
93129721,Medina,1,2021-07-15,522,6,2021-03-01,2024-12-24,0.011494252873563218,1394
1957784,Alphaeus Pte Ltd.,1,2024-03-04,521,1,2021-06-03,2024-12-20,0.0019193857965451055,1296
22151610,SPTel Pte. Ltd.,1,2022-01-12,519,1,2021-03-03,2024-11-12,0.0019267822736030828,1350
6597409,TENTEN PARTNERS PTE. LTD.,1,2023-10-26,517,2,2021-03-03,2024-12-03,0.0038684719535783366,1371
441774,Nordic Group Ltd.,1,2021-10-05,517,7,2021-03-15,2024-12-30,0.013539651837524178,1386
22258493,We are Aspire Ltd. (Greater London),1,2023-10-11,510,1,2021-07-27,2024-12-17,0.00196078431372549,1239
22153545,Nærings- og fiskeridepartementet,1,2023-05-25,510,2,2021-03-01,2024-12-23,0.00392156862745098,1393
10413242,"Startups, Inc.",1,2021-03-04,509,6,2021-03-01,2024-12-10,0.011787819253438114,1380
95067725,Aim Recruit Consultancy Pte Ltd,1,2024-08-22,507,3,2023-10-15,2024-12-31,0.005917159763313609,443
1058565,ABB Ltd.,1,2021-03-10,507,50,2021-03-01,2024-12-19,0.09861932938856016,1389
1474081,FUJIFILM Holdings Corp.,1,2021-05-11,506,4,2021-03-08,2024-12-06,0.007905138339920948,1369
7721962,Day One,1,2023-10-27,502,1,2021-03-01,2024-12-12,0.00199203187250996,1382
8036180,Impact BPO Services Pte Ltd.,1,2022-06-15,502,3,2021-07-01,2024-12-18,0.00597609561752988,1266
1374849,"Autodesk, Inc.",1,2021-03-10,500,4,2021-03-09,2024-12-21,0.008,1383
93426666,CEVA,1,2022-02-07,498,5,2021-03-18,2024-12-26,0.010040160642570281,1379
47589,"Skyworks Solutions, Inc.",1,2021-05-20,497,3,2021-03-03,2024-12-27,0.006036217303822937,1395
1829840,Adstify Search,1,2022-08-08,496,1,2021-06-09,2023-04-22,0.0020161290322580645,682
1166074,"Outlier AI, Inc.",1,2024-06-08,491,211,2024-06-08,2024-12-18,0.42973523421588594,193
1084122,Nestlé SA,1,2021-09-19,486,14,2021-03-15,2024-12-30,0.02880658436213992,1386
711367,Charterhouse Partnership,1,2021-10-27,485,1,2021-03-02,2024-12-10,0.002061855670103093,1379
856960,"Cargill, Inc.",1,2021-06-24,485,6,2021-03-07,2024-12-30,0.012371134020618556,1394
22155518,IKEA Group,1,2021-06-28,485,1,2021-03-04,2024-12-26,0.002061855670103093,1393
4393328,JobsPivot (APAC),1,2021-11-12,485,5,2021-03-05,2022-09-10,0.010309278350515464,554
1062201,"Keysight Technologies, Inc.",1,2021-03-17,482,20,2021-03-08,2024-12-26,0.04149377593360996,1389
22251592,Thomson Medical Group Ltd.,1,2024-03-14,480,11,2021-03-05,2024-12-18,0.022916666666666665,1384
22142761,"United Parcel Service, Inc.",1,2021-11-30,478,5,2021-03-10,2024-12-29,0.010460251046025104,1390
945888,ACC Management Group Inc,1,2022-07-28,478,2,2021-12-08,2024-12-25,0.0041841004184100415,1113
21026811,RecruitFirst Pte Ltd.,1,2024-02-13,478,2,2021-03-18,2024-12-19,0.0041841004184100415,1372
1191500,Wells Fargo & Co.,1,2022-04-25,475,1,2021-03-16,2024-12-06,0.002105263157894737,1361
98234931,Agensi Pekerjaan The Supreme HR Advisory Sdn Bhd,1,2024-01-17,474,3,2022-10-27,2024-12-27,0.006329113924050633,792
1382154,Logicalis GmbH,1,2023-09-05,473,3,2021-01-19,2024-12-24,0.006342494714587738,1435
356693,Movement for the Intellectually Disabled of Singapore,1,2024-01-31,470,2,2021-03-01,2024-12-24,0.00425531914893617,1394
2023783,Annexion Partners Pte Ltd.,1,2023-01-18,470,5,2021-03-18,2024-12-24,0.010638297872340425,1377
5653150,PRIME SUPERMARKET LIMITED,1,2022-06-10,470,3,2021-03-01,2024-12-27,0.006382978723404255,1397
294952,"ne Digital, Inc.",1,2022-04-26,469,2,2021-03-04,2024-07-25,0.0042643923240938165,1239
5746871,Quintessential Education,1,2022-12-28,469,11,2021-05-27,2024-12-27,0.023454157782515993,1310
22243162,"IQVIA, Inc.",1,2021-04-18,469,14,2021-03-12,2024-12-21,0.029850746268656716,1380
14164503,MANFIELD EMPLOYMENT SERVICES PTE LTD,1,2024-04-17,469,6,2021-12-07,2024-12-31,0.01279317697228145,1120
1056798,ERP21 Pte. Ltd.,1,2023-09-18,468,6,2021-03-08,2024-12-26,0.01282051282051282,1389
262458,Klook Travel Technology Ltd.,1,2023-10-18,467,14,2021-03-01,2024-11-20,0.029978586723768737,1360
7408300,Ademco Security Group Pte Ltd.,1,2021-05-20,466,15,2021-04-12,2024-12-23,0.032188841201716736,1351
22628516,Plain Vanilla Bakery Pte Ltd.,1,2022-01-27,465,7,2021-03-19,2024-12-30,0.015053763440860216,1382
293817,Atomrecruit Pte Ltd,1,2022-08-09,465,2,2021-03-18,2024-12-29,0.004301075268817204,1382
7874724,Re Source Partners (EA License No : 20C0279),1,2021-09-01,464,6,2021-03-03,2024-12-24,0.01293103448275862,1392
680517,DSV A/S,1,2021-10-16,459,12,2021-03-26,2024-12-26,0.026143790849673203,1371
532444,Edwards Lifesciences Corp.,1,2021-06-07,457,19,2021-03-01,2024-12-16,0.04157549234135667,1386
618292,Careerstar International Pte Ltd.,1,2023-10-26,457,2,2021-01-01,2024-10-14,0.00437636761487965,1382
5331,Sia Ardora,1,2021-09-30,455,6,2021-03-20,2024-10-04,0.013186813186813187,1294
20923338,Panasonic Holdings Corp.,1,2022-09-04,453,2,2021-03-05,2024-12-31,0.004415011037527594,1397
1006288,Federal Aviation Administration,1,2022-08-18,453,13,2021-03-01,2024-12-14,0.02869757174392936,1384
23612121,Avatar Techno Services Pte Ltd.,1,2024-11-22,451,2,2021-03-03,2024-12-12,0.004434589800443459,1380
1410875,Ghana Ministry of Manpower Development & Social Welfare,1,2023-08-24,451,1,2021-03-10,2023-10-25,0.0022172949002217295,959
22258105,Michael Bailey Associates Ltd.,1,2022-02-15,450,5,2021-07-01,2024-05-17,0.011111111111111112,1051
7963787,"Mastercard, Inc.",1,2022-01-06,446,9,2021-03-12,2024-12-30,0.020179372197309416,1389
1043984,"UES, Inc.",1,2022-12-27,444,11,2021-03-08,2024-12-26,0.024774774774774775,1389
81844,"ISS Facility Services, Inc.",1,2024-04-30,444,1,2021-03-03,2024-09-24,0.0022522522522522522,1301
22225432,Capella Hotel Group Asia Pte Ltd.,1,2022-02-01,438,8,2021-06-28,2024-12-11,0.0182648401826484,1262
96254755,Searchasia,1,2021-10-11,436,8,2021-03-02,2024-11-07,0.01834862385321101,1346
6526876,Talent-Merge Pte Ltd,1,2022-09-08,435,6,2021-03-01,2024-12-30,0.013793103448275862,1400
93636433,"SAMEIET USTEDALEN HOTELL OG RESORT, BYGG A OG C",1,2021-08-01,434,12,2021-03-05,2024-12-19,0.027649769585253458,1385
19034939,TechWare Group,1,2023-05-15,433,1,2021-04-09,2024-12-27,0.0023094688221709007,1358
1193006,Singapore American School,1,2021-08-18,433,16,2021-03-02,2024-12-24,0.03695150115473441,1393
291535,DDB Worldwide Communications Group LLC,1,2022-07-02,432,7,2021-01-22,2024-12-27,0.016203703703703703,1435
1159801,Société Générale SA,1,2021-03-19,431,4,2021-03-19,2024-12-27,0.009280742459396751,1379
18453462,Sourceo Pte Ltd.,1,2024-02-21,431,4,2022-05-20,2024-12-23,0.009280742459396751,948
283173,Singapore Aero Engine Services Pte Ltd.,1,2024-09-23,431,1,2021-03-02,2024-12-19,0.002320185614849188,1388
13260261,Hey Rocket,1,2023-02-17,430,4,2022-02-11,2024-12-16,0.009302325581395349,1039
5365858,Opensource Co. BV,1,2024-09-02,429,3,2021-07-01,2024-12-19,0.006993006993006993,1267
1348064,"Mediabrands Worldwide, Inc.",1,2024-07-05,429,1,2021-03-06,2024-12-15,0.002331002331002331,1380
19747094,Unity Denticare,1,2021-08-03,428,5,2021-02-24,2024-03-09,0.011682242990654205,1109
17014697,Profile Search & Selection Ltd. (United Kingdom),1,2021-04-16,425,2,2021-03-01,2023-02-14,0.004705882352941176,715
180343,Archer Recruitment Pte Ltd.,1,2022-05-30,425,2,2021-03-01,2024-09-21,0.004705882352941176,1300
383823,Linesight,1,2023-07-03,425,4,2021-03-17,2024-12-27,0.009411764705882352,1381
775676,"NIKE, Inc.",1,2021-04-26,424,15,2021-03-01,2024-12-20,0.03537735849056604,1390
4543619,KSC Consultants Pte Ltd,1,2021-07-02,422,8,2021-05-11,2024-12-16,0.018957345971563982,1315
2308419,Benchmark Staffing Solutions,1,2024-10-07,418,1,2021-08-09,2024-12-30,0.0023923444976076554,1239
11568797,E-Cruit Team Pte Ltd,1,2021-07-02,416,4,2021-03-04,2024-12-24,0.009615384615384616,1391
2026642,Antaes Asia,1,2024-09-19,415,3,2021-03-04,2024-12-15,0.007228915662650603,1382
721766,Sime Darby Bhd.,1,2022-11-18,415,3,2021-11-15,2024-12-19,0.007228915662650603,1130
3978578,Hecal Pte Ltd.,1,2021-08-14,414,4,2021-03-04,2024-10-09,0.00966183574879227,1315
93268881,Greenmark Construction,1,2024-03-09,414,1,2021-03-03,2024-12-31,0.0024154589371980675,1399
458950,A & One Precision Engineering Pte Ltd.,1,2021-04-14,412,10,2021-04-14,2024-12-24,0.024271844660194174,1350
17625046,Rotary Electrical & Instrumentation (Thailand) Limited,1,2021-06-23,412,3,2021-06-03,2024-12-26,0.007281553398058253,1302
22142615,Roche Diagnostics Automation Solutions GmbH,1,2021-07-15,411,6,2021-03-18,2024-12-20,0.014598540145985401,1373
22144926,"United Personnel Services, Inc.",1,2022-06-17,411,3,2021-07-24,2024-12-31,0.0072992700729927005,1256
488025,Target Recruitment,1,2022-05-09,409,6,2021-03-26,2024-12-12,0.014669926650366748,1357
20931275,Great Eastern Holdings Ltd.,1,2021-05-25,407,2,2021-03-09,2024-12-23,0.004914004914004914,1385
5503938,Percept Solutions Pte Ltd.,1,2024-04-12,407,2,2021-03-24,2024-12-18,0.004914004914004914,1365
4843476,MaritimeONE Connect Office,1,2022-10-16,406,1,2022-04-12,2023-10-09,0.0024630541871921183,545
1032978,"Samsung Electronics Co., Ltd.",1,2021-07-13,404,6,2021-03-08,2024-12-30,0.01485148514851485,1393
95460640,Educare Human Capital Pte Ltd.,1,2021-07-02,404,5,2021-03-15,2024-12-30,0.012376237623762377,1386
58364,COMPANY,1,2022-05-25,403,9,2021-06-30,2024-10-14,0.022332506203473945,1202
459777,Itconnectus Inc,1,2024-01-18,403,1,2021-03-11,2024-12-16,0.0024813895781637717,1376
7660207,ALLIED SEARCH PTE.LTD.,1,2024-12-06,403,2,2021-06-23,2024-12-12,0.004962779156327543,1268
1159326,Connect Energy Services LLC,1,2021-10-07,403,3,2021-03-01,2024-12-31,0.007444168734491315,1401
1055822,"Celestica, Inc.",1,2021-09-14,402,18,2021-03-08,2024-12-31,0.04477611940298507,1394
655683,Touch Community Services,1,2023-05-09,401,3,2021-03-04,2024-12-19,0.007481296758104738,1386
187956,The North London Collegiate School,1,2023-02-01,400,39,2021-04-06,2024-12-20,0.0975,1354
92980808,Saitech International Inc.,1,2021-09-17,399,4,2021-03-18,2024-12-04,0.010025062656641603,1357
20931558,Winner Engineering Pte. Ltd.,1,2024-09-03,398,1,2021-03-15,2024-12-21,0.002512562814070352,1377
93449257,Bureau Veritas Perú,1,2022-03-17,397,3,2021-03-08,2024-12-20,0.007556675062972292,1383
120116,"Kuehne + Nagel, Inc.",1,2021-12-10,397,5,2021-03-10,2024-12-27,0.012594458438287154,1388
144954,Castlery Pte Ltd.,1,2021-05-31,396,4,2021-03-03,2024-12-27,0.010101010101010102,1395
534729,"Baxter International, Inc.",1,2021-10-20,393,23,2021-03-26,2024-12-09,0.058524173027989825,1354
93953448,GRACE HR SOLUTIONS LTD,1,2024-02-16,392,9,2022-12-02,2024-12-29,0.02295918367346939,758
22151788,Bolloré SE,1,2023-04-27,391,2,2021-03-08,2024-11-01,0.005115089514066497,1334
1058616,The Coca-Cola Co.,1,2024-01-08,389,5,2021-03-02,2024-12-30,0.012853470437017995,1399
1517558,"Zoom Communications, Inc.",1,2022-11-17,387,10,2021-03-17,2024-11-18,0.025839793281653745,1342
22236088,AlpSoft Group of Cos.,1,2022-07-16,387,2,2021-03-09,2024-12-26,0.00516795865633075,1388
374650,Givaudan SA,1,2023-06-13,386,6,2021-03-01,2024-12-25,0.015544041450777202,1395
586769,Trusty Cars Pte Ltd.,1,2021-03-09,385,4,2021-03-09,2024-11-25,0.01038961038961039,1357
22151637,Safran Electronics & Defense SAS,1,2021-06-10,384,11,2021-06-10,2024-12-10,0.028645833333333332,1279
954529,Dezire Technologies Pte Ltd,1,2022-05-11,382,4,2021-03-15,2024-12-13,0.010471204188481676,1369
13480306,Munich RE,1,2023-09-27,382,8,2021-03-04,2024-12-03,0.020942408376963352,1370
6226202,Skillsforce LLC,1,2021-03-01,381,41,2021-03-01,2024-12-12,0.10761154855643044,1382
19652809,TVI Srl,1,2024-10-14,380,2,2021-03-03,2024-12-27,0.005263157894736842,1395
285431,PitPoint BV,1,2021-03-02,380,12,2021-03-02,2024-12-23,0.031578947368421054,1392
651199,DSO National Laboratories,1,2022-05-04,378,3,2021-03-05,2024-12-17,0.007936507936507936,1383
475965,Apar Technologies Pte Ltd.,1,2021-10-04,377,4,2021-03-03,2024-12-24,0.010610079575596816,1392
939919,"Continental Technology Solutions, Inc.",1,2022-01-19,376,1,2021-03-09,2024-04-09,0.0026595744680851063,1127
1402625,Air Liquide SA,1,2021-03-29,376,6,2021-03-02,2024-12-31,0.015957446808510637,1400
7876768,Reich Consultancy Pte Ltd,1,2024-06-08,374,9,2021-04-24,2024-12-15,0.02406417112299465,1331
22267719,Blue Ocean Systems LLC,1,2022-04-29,374,1,2021-03-05,2024-12-24,0.00267379679144385,1390
63526,"MODEC, Inc.",1,2023-10-04,372,4,2021-10-02,2024-12-24,0.010752688172043012,1179
1072445,Fugro NV,1,2023-06-28,372,7,2021-03-24,2024-12-20,0.01881720430107527,1367
22143762,United Microelectronics Corp.,1,2024-11-14,372,1,2021-10-05,2024-12-27,0.002688172043010753,1179
1034188,The Fullerton Hotel Singapore,1,2021-11-25,371,11,2021-03-19,2024-12-30,0.029649595687331536,1382
456368,Power It Services Pvt Ltd.,1,2022-08-01,371,4,2021-08-26,2024-12-19,0.01078167115902965,1211
1311551,Parkway Hospitals Singapore Pte Ltd.,1,2021-04-17,370,2,2021-03-01,2024-11-18,0.005405405405405406,1358
1356356,Neo Garden Catering Pte Ltd.,1,2023-11-27,370,5,2021-03-15,2024-12-30,0.013513513513513514,1386
437005,Exasoft Ltd.,1,2023-11-24,370,2,2021-04-15,2024-12-24,0.005405405405405406,1349
22260149,"Unisoft Global Services, Inc.",1,2022-01-29,369,5,2021-04-02,2024-12-23,0.013550135501355014,1361
21049329,FWD Group Management Holdings Ltd.,1,2023-10-05,366,8,2021-02-19,2024-11-17,0.02185792349726776,1367
1410190,Takeda A/S,1,2021-04-16,366,24,2021-03-13,2024-12-12,0.06557377049180328,1370
439304,"Agilent Technologies, Inc.",1,2021-03-29,366,50,2021-03-05,2024-12-18,0.1366120218579235,1384
7822455,Masters Career Consultancy Pte Ltd,1,2024-08-05,365,1,2021-03-03,2024-12-12,0.0027397260273972603,1380
93167570,Legend Group,1,2021-07-09,364,5,2021-03-20,2024-12-20,0.013736263736263736,1371
1494801,Emerson Asia Pacific Pte Ltd.,1,2021-10-10,363,6,2021-03-01,2024-12-31,0.01652892561983471,1401
417968,Excelitas Technologies Corp.,1,2021-05-03,363,12,2021-03-11,2024-11-26,0.03305785123966942,1356
18865236,Swift Search Global Pte Ltd,1,2024-01-18,362,9,2021-07-01,2024-12-26,0.024861878453038673,1274
616862,St. Luke's ElderCare Ltd.,1,2024-05-20,361,2,2021-03-26,2024-12-23,0.00554016620498615,1368
22656018,RGF Srl,1,2022-07-16,361,2,2022-05-25,2022-11-26,0.00554016620498615,185
3526044,Fei Yue,1,2022-09-26,359,1,2021-03-03,2024-12-18,0.002785515320334262,1386
234743,adidas AG,1,2021-08-23,359,14,2021-03-01,2024-12-26,0.03899721448467967,1396
92821655,Xilinx Inc,1,2022-10-18,358,5,2021-03-07,2024-08-12,0.013966480446927373,1254
1653543,Elite Asia,1,2024-06-06,358,1,2021-03-02,2024-12-16,0.002793296089385475,1385
510756,"Illumina, Inc.",1,2021-05-21,357,6,2021-03-02,2024-12-26,0.01680672268907563,1395
95327555,YY Circle (SG) Pte Ltd.,1,2024-02-19,357,4,2021-03-02,2024-12-11,0.011204481792717087,1380
21031005,Millennium Management LLC,1,2022-03-03,356,5,2021-03-02,2024-12-30,0.014044943820224719,1399
7898426,Sleek Tech Pte Ltd.,1,2024-07-01,356,8,2021-03-01,2024-12-30,0.02247191011235955,1400
5411334,Ox Consultancy Pte Ltd.,1,2022-02-18,356,1,2021-10-08,2024-12-23,0.0028089887640449437,1172
2079675,Ariston Services Pte Ltd.,1,2021-05-03,355,6,2021-03-04,2024-12-26,0.016901408450704224,1393
1416824,The Toronto-Dominion Bank,1,2022-02-15,354,3,2021-08-06,2024-12-26,0.00847457627118644,1238
105436,The Bakery Depot Pte Ltd.,1,2021-05-13,354,18,2021-03-02,2024-12-12,0.05084745762711865,1381
629379,Circles Life Technology Pte Ltd.,1,2022-10-12,354,9,2021-03-16,2024-12-31,0.025423728813559324,1386
4410126,JP Infotech,1,2024-02-23,353,1,2021-08-11,2024-10-17,0.0028328611898017,1163
820583,CMA CGM SA,1,2022-08-10,353,2,2021-03-10,2024-12-31,0.0056657223796034,1392
912348,Exxon Mobil Corp.,1,2021-10-22,347,10,2021-08-31,2024-12-06,0.02881844380403458,1193
1179370,Homage Co. Pte Ltd.,1,2021-03-05,347,13,2021-03-05,2024-08-08,0.037463976945244955,1252
252034,Warner Media LLC,1,2021-07-26,346,4,2021-03-01,2024-12-17,0.011560693641618497,1387
683967,Gammon India Ltd.,1,2021-04-23,346,11,2021-03-01,2024-12-20,0.031791907514450865,1390
96737402,"Labcorp Holdings, Inc.",1,2021-07-22,343,11,2021-03-11,2024-12-23,0.03206997084548105,1383
639143,Singapore Exchange Ltd.,1,2023-08-24,343,13,2021-03-21,2024-12-30,0.037900874635568516,1380
533948,Bti Consultants Sdn. Bhd.,1,2022-09-09,343,2,2021-03-10,2024-12-30,0.0058309037900874635,1391
893698,AXA SA,1,2021-06-01,341,21,2021-03-01,2024-12-04,0.06158357771260997,1374
325995,Canon Europe Ltd.,1,2022-04-05,340,5,2021-03-11,2024-12-03,0.014705882352941176,1363
680707,Singapore Pools Pte Ltd.,1,2021-10-04,340,9,2021-01-22,2024-12-24,0.026470588235294117,1432
22239306,Willis Towers Watson (New York),1,2024-10-20,338,1,2021-03-24,2024-12-19,0.0029585798816568047,1366
4195786,INDEX CAREER CONSULTANTS PTE. LTD.,1,2024-02-13,337,7,2021-03-08,2024-12-18,0.020771513353115726,1381
786030,NBCUniversal Media LLC,1,2024-11-18,336,1,2021-04-22,2024-12-21,0.002976190476190476,1339
845573,Tanglin Trust School Ltd.,1,2024-03-28,335,1,2021-03-06,2024-12-30,0.0029850746268656717,1395
9633506,BIZCARE PERSONNEL SERVICES,1,2021-12-29,334,2,2021-03-15,2024-05-15,0.005988023952095809,1157
20926115,"Ultra Clean Holdings, Inc.",1,2021-03-15,333,14,2021-03-01,2024-10-28,0.042042042042042045,1337
373876,Samsung SDS Asia Pacific Pte Ltd.,1,2022-05-03,333,8,2021-03-01,2024-12-27,0.024024024024024024,1397
22265456,Sunningdale Tech Ltd.,1,2021-08-12,332,21,2021-08-12,2024-11-13,0.06325301204819277,1189
934814,Manulife Financial Corp.,1,2023-08-23,332,6,2021-03-16,2024-12-30,0.018072289156626505,1385
6260721,S & P MANPOWER AGENCY PTE. LTD.,1,2023-10-27,332,3,2021-03-25,2024-12-30,0.009036144578313253,1376
21051694,"Jacobs Engineering Group, Inc.",1,2021-06-02,332,10,2021-03-09,2024-05-15,0.030120481927710843,1163
662493,Porsche Asia Pacific Pte Ltd.,1,2024-09-11,332,2,2021-03-05,2024-12-20,0.006024096385542169,1386
22145052,Alstom SA,1,2023-02-17,331,2,2021-03-21,2024-12-17,0.006042296072507553,1367
620767,"ServiceNow, Inc.",1,2022-02-25,331,6,2021-03-01,2024-12-30,0.01812688821752266,1400
468939,"NOV, Inc.",1,2022-05-02,331,3,2021-03-26,2024-12-18,0.00906344410876133,1363
21016835,"Cielo, Inc.",1,2021-09-22,329,16,2021-03-08,2024-12-12,0.0486322188449848,1375
462023,Sanofi,1,2022-07-02,329,8,2021-04-29,2024-12-27,0.0243161094224924,1338
17504801,Right Recruit (17504801),1,2023-12-30,329,15,2022-03-23,2024-12-20,0.04559270516717325,1003
3960358,Australia & New Zealand Banking Group Ltd.,1,2023-12-18,327,8,2021-03-15,2024-12-05,0.024464831804281346,1361
296711,Shingda Construction Pte Ltd.,1,2021-08-05,327,3,2021-03-05,2024-12-04,0.009174311926605505,1370
17322355,"Recruit, Inc. Pte Ltd.",1,2022-03-22,327,1,2021-05-12,2024-12-26,0.0030581039755351682,1324
971764,Rolls-Royce Holdings Plc,1,2022-08-18,326,1,2021-04-15,2024-12-23,0.003067484662576687,1348
2623256,Catalyst Talent Strategy Consulting,1,2024-01-08,326,4,2021-08-04,2024-04-11,0.012269938650306749,981
22247809,Rotary Engineering Pte Ltd.,1,2021-03-09,325,4,2021-03-01,2024-12-23,0.012307692307692308,1393
20930884,Reckitt Benckiser Group Plc,1,2021-09-22,324,4,2021-03-02,2024-12-16,0.012345679012345678,1385
35483031,Prospect Consulting Services Pte Ltd,1,2024-05-31,324,3,2022-10-25,2024-12-12,0.009259259259259259,779
952420,"EPAM Systems, Inc.",1,2024-08-02,324,5,2021-03-02,2024-12-27,0.015432098765432098,1396
34273,"Shanghai Tunnel Engineering Co., Ltd.",1,2021-03-26,322,8,2021-03-03,2024-12-24,0.024844720496894408,1392
3720767,Geco Asia Pte Ltd.,1,2021-06-13,322,4,2021-03-01,2024-09-19,0.012422360248447204,1298
22148207,Wearnes Automotive Pte Ltd.,1,2023-04-04,321,1,2021-03-03,2024-12-23,0.003115264797507788,1391
20928483,Chanel Ltd.,1,2022-11-05,319,4,2021-03-02,2024-12-19,0.012539184952978056,1388
5784840,Raffles Student Care Centre LLP,1,2022-08-12,317,3,2021-03-04,2024-12-09,0.00946372239747634,1376
371286,ASM Technologies Ltd.,1,2021-03-31,317,17,2021-03-08,2024-06-20,0.05362776025236593,1200
27006261,Linde Plc,1,2022-05-19,315,15,2021-03-03,2024-12-31,0.047619047619047616,1399
587553,Swiss Re AG,1,2023-03-17,312,3,2021-03-02,2024-12-20,0.009615384615384616,1389
666044,User Experience Researchers Pte Ltd.,1,2023-12-08,312,1,2021-04-27,2024-12-09,0.003205128205128205,1322
1268827,STMicroelectronics NV,1,2022-08-11,312,1,2021-03-17,2024-12-18,0.003205128205128205,1372
3911058,GXS Bank Pte Ltd.,1,2023-10-19,312,6,2021-08-13,2024-12-19,0.019230769230769232,1224
5660384,"Professional Resources in Information Systems Management, Inc.",1,2024-05-31,311,1,2022-01-28,2024-12-30,0.003215434083601286,1067
404717,Sanmina Corp.,1,2021-07-01,311,18,2021-03-08,2024-12-27,0.05787781350482315,1390
12384137,Forbis Human Capital,1,2023-12-15,310,1,2021-06-03,2024-12-27,0.0032258064516129032,1303
2234128,Baker Hughes Incorporated,1,2021-04-12,310,7,2021-03-24,2024-12-24,0.02258064516129032,1371
1154107,H&M Foundation,1,2024-02-07,308,2,2021-03-01,2024-12-27,0.006493506493506494,1397
265690,National Library Board Singapore,1,2024-02-01,307,4,2021-03-05,2024-12-19,0.013029315960912053,1385
913473,"Bio-Rad Laboratories, Inc.",1,2021-03-17,307,3,2021-03-17,2024-12-09,0.009771986970684038,1363
774624,Evolution Recruitment Solutions Ltd.,1,2024-07-03,306,3,2021-08-09,2024-12-06,0.00980392156862745,1215
397333,BIOTRONIK SE & Co. KG,1,2021-12-08,306,14,2021-03-04,2024-12-07,0.0457516339869281,1374
95607777,Frank Recruitment Group Services Ltd.,1,2022-04-19,305,1,2021-03-12,2024-04-04,0.003278688524590164,1119
989500,Laguna Hotel Ltd.,1,2021-03-04,303,3,2021-03-04,2024-12-30,0.009900990099009901,1397
92822676,Caterpillar,1,2022-05-18,303,10,2021-03-11,2024-12-19,0.033003300330033,1379
1016385,Temasek Polytechnic,1,2023-05-18,303,5,2021-03-08,2024-09-03,0.0165016501650165,1275
3631772,Funds Partnership,1,2024-03-20,302,1,2021-03-09,2024-06-16,0.0033112582781456954,1195
22142560,Koninklijke Philips NV,1,2022-06-18,301,5,2021-04-18,2024-12-26,0.016611295681063124,1348
409938,Tech Data Corp.,1,2021-10-22,301,119,2021-03-23,2024-12-27,0.3953488372093023,1375
21141152,"Atomic Group, Inc.",1,2024-05-15,301,6,2023-10-31,2024-12-31,0.019933554817275746,427
22219892,JK Technology Pte Ltd.,1,2023-07-03,300,6,2022-09-22,2024-12-26,0.02,826
18937092,Talent Orbit Pte Ltd.,1,2022-11-01,300,2,2021-06-24,2023-01-29,0.006666666666666667,584
1024940,The Prudential Assurance Co. Ltd.,1,2022-01-03,300,3,2021-03-09,2024-11-01,0.01,1333
1973179,Am Recruitment Ltd.,1,2024-01-16,300,16,2023-10-26,2024-12-19,0.05333333333333334,420
20922348,Wood Group Ltd.,1,2021-06-22,299,6,2021-04-12,2024-12-17,0.020066889632107024,1345
18976464,TATE ASIA,1,2022-06-28,298,2,2021-03-10,2024-12-20,0.006711409395973154,1381
1431296,Softenger (India) Pvt Ltd.,1,2022-01-08,297,2,2021-03-07,2024-08-26,0.006734006734006734,1268
22564753,Matrix Process Automation,1,2023-11-07,297,1,2022-01-09,2024-12-30,0.003367003367003367,1086
475712,The Blue Barrel Pte. Ltd.,1,2021-07-05,296,4,2021-03-10,2024-12-27,0.013513513513513514,1388
926445,Técnicas Reunidas SA,1,2022-03-22,295,11,2022-01-19,2024-12-04,0.03728813559322034,1050
304787,"Palo Alto Networks, Inc.",1,2021-12-15,294,83,2021-03-11,2024-12-24,0.282312925170068,1384
1178744,Mighty Jaxx International Pte Ltd.,1,2021-03-25,293,17,2021-03-01,2024-12-02,0.05802047781569966,1372
346438,Taylor & Francis Group Ltd.,1,2022-01-05,293,4,2021-03-02,2024-12-27,0.013651877133105802,1396
93238190,HR Exchange,1,2024-11-21,292,1,2021-03-03,2024-12-19,0.003424657534246575,1387
92880081,TOUCHLIFE PRODUCTIONS LTD,1,2021-04-09,292,1,2021-03-05,2024-10-15,0.003424657534246575,1320
20946900,DKSH Holding Ltd.,1,2021-03-22,291,16,2021-03-22,2024-12-26,0.054982817869415807,1375
93201623,Job-expert,1,2022-08-04,290,3,2022-01-05,2024-12-17,0.010344827586206896,1077
542608,BDO LLP,1,2024-08-08,290,2,2021-11-03,2024-11-14,0.006896551724137931,1107
510254,"Dow Jones & Co., Inc.",1,2024-02-28,290,5,2021-04-01,2024-12-30,0.017241379310344827,1369
950094,Technology Services LLC,1,2023-10-02,289,47,2022-10-21,2024-12-30,0.16262975778546712,801
23947632,Ergokantor,1,2022-03-19,289,3,2021-04-18,2024-11-12,0.010380622837370242,1304
1441852,Bachy Soletanche Singapore Pte Ltd.,1,2023-02-16,289,1,2021-03-15,2024-12-26,0.0034602076124567475,1382
2591412,Carecone Pty Ltd.,1,2021-03-23,288,3,2021-03-03,2024-12-06,0.010416666666666666,1374
3383123,Envoy Search Partners Pte Limited (EA Licence No. 19C9761),1,2024-01-29,287,5,2021-03-01,2024-12-13,0.017421602787456445,1383
302754,Nala Employment Pte Ltd,1,2024-12-01,287,1,2021-05-12,2024-12-24,0.003484320557491289,1322
24914447,C&W Services BV,1,2023-01-09,286,2,2021-03-04,2024-12-27,0.006993006993006993,1394
920756,Kingsmen Creatives Ltd.,1,2023-12-26,285,3,2021-03-03,2024-12-27,0.010526315789473684,1395
4028553,HKM HR Management Pte Ltd.,1,2021-08-17,285,5,2021-03-01,2024-12-20,0.017543859649122806,1390
1049595,"Workato, Inc.",1,2023-11-09,284,8,2021-03-01,2024-12-13,0.028169014084507043,1383
1109560,Pfizer Inc.,1,2021-08-29,284,2,2021-03-12,2024-10-29,0.007042253521126761,1327
3777966,Global Eduhub Pte Ltd.,1,2022-03-23,283,5,2021-03-29,2024-12-26,0.0176678445229682,1368
703904,WWF International,1,2022-03-03,283,8,2021-03-02,2024-12-04,0.028268551236749116,1373
93502509,ASM International N.V.,1,2022-07-19,282,7,2022-06-29,2024-11-29,0.024822695035460994,884
1965639,Alternative Selection Pte Ltd.,1,2021-09-23,280,4,2021-03-18,2024-12-11,0.014285714285714285,1364
22265873,"Marvell Semiconductor, Inc.",1,2023-03-01,279,6,2021-03-10,2024-12-20,0.021505376344086023,1381
22188101,Thakral One Pte Ltd.,1,2023-02-28,278,2,2021-03-01,2024-12-20,0.007194244604316547,1390
18308493,SMART Information,1,2024-08-29,277,5,2021-10-05,2024-12-27,0.018050541516245487,1179
903784,"AbbVie, Inc.",1,2021-03-15,276,3,2021-03-02,2024-12-27,0.010869565217391304,1396
6526818,Talent Legal Global Search Consultancy Pte Ltd,1,2022-02-15,275,1,2021-03-04,2024-12-06,0.0036363636363636364,1373
23336470,Spearing Executive Search Pte Ltd,1,2023-02-10,275,1,2022-10-27,2023-11-13,0.0036363636363636364,382
724906,SearchAsia Consulting Pte Ltd.,1,2022-02-01,273,2,2021-03-03,2024-12-30,0.007326007326007326,1398
604981,"Databricks, Inc.",1,2024-01-17,272,9,2021-03-02,2024-12-21,0.03308823529411765,1390
1826637,Adomita Technologies Pvt Ltd.,1,2024-01-15,272,2,2021-05-13,2024-11-09,0.007352941176470588,1276
583553,Jimdo GmbH,1,2024-08-21,271,2,2023-03-15,2024-12-12,0.007380073800738007,638
1184071,Secretlab SG Pte Ltd.,1,2022-01-11,271,15,2021-12-13,2024-12-02,0.055350553505535055,1085
768598,"Revvity, Inc.",1,2021-04-28,271,12,2021-03-25,2024-12-23,0.04428044280442804,1369
20931303,"Yokogawa & Co., Ltd.",1,2021-10-05,270,1,2021-03-03,2024-12-31,0.003703703703703704,1399
49797313,DSM-Firmenich AG,1,2023-03-16,270,4,2021-03-01,2024-12-31,0.014814814814814815,1401
806579,Nanyang Academy of Fine Arts,1,2023-08-10,269,5,2021-03-08,2024-12-20,0.01858736059479554,1383
504358,Citadel Search Pte Ltd.,1,2021-09-29,269,3,2021-03-05,2024-04-24,0.011152416356877323,1146
219707,Global Contractor Management Solutions Pty Ltd.,1,2021-09-13,269,3,2021-03-08,2024-04-12,0.011152416356877323,1131
22145580,Cartier SA,1,2021-03-19,269,23,2021-03-01,2024-11-03,0.08550185873605948,1343
1239411,TechnipFMC plc,1,2021-03-03,269,6,2021-03-03,2024-12-06,0.022304832713754646,1374
6527080,Talent Spot Group Pte Ltd,1,2021-10-09,267,2,2021-03-05,2024-12-09,0.00749063670411985,1375
2041170,A PLUS MANPOWER SERVICES,1,2023-06-02,266,2,2021-03-04,2024-12-31,0.007518796992481203,1398
1268231,Shangri-La Hotels & Resorts,1,2021-05-21,266,2,2021-03-08,2024-12-05,0.007518796992481203,1368
413786,Quinnox Solutions Pte Ltd,1,2021-04-27,265,1,2021-01-11,2024-08-21,0.0037735849056603774,1318
93289379,Gateway Search,1,2023-08-26,265,1,2021-04-14,2024-10-23,0.0037735849056603774,1288
808066,"Zero Financial, Inc.",1,2021-10-20,265,15,2021-10-08,2024-06-14,0.05660377358490566,980
22151128,Zurich Insurance Co. Ltd.,1,2023-08-18,264,2,2021-10-13,2024-12-16,0.007575757575757576,1160
20923008,Sony Group Corp.,1,2022-06-26,264,4,2021-03-01,2024-12-13,0.015151515151515152,1383
1354936,Singapore Institute of Management,1,2024-03-06,264,2,2021-03-08,2024-12-26,0.007575757575757576,1389
3162438,Djb Group of Cos. Pte Ltd.,1,2022-09-23,263,5,2021-03-01,2024-11-11,0.019011406844106463,1351
266201,Ninja Logistics Pte Ltd.,1,2022-01-21,263,14,2021-03-17,2024-12-25,0.053231939163498096,1379
2414556,Bok Seng Logistics Pte Ltd.,1,2021-07-16,263,32,2021-07-16,2024-12-24,0.12167300380228137,1257
967071,Novartis AG,1,2022-01-20,263,9,2021-03-22,2024-11-02,0.034220532319391636,1321
24172318,Innovatiq Technologies Pte Ltd,1,2024-10-09,262,1,2022-04-12,2024-12-17,0.003816793893129771,980
92985939,RTZ,1,2021-05-30,262,1,2021-03-02,2024-11-01,0.003816793893129771,1340
1445985,"Hudson Global, Inc.",1,2022-10-27,262,1,2021-03-02,2024-12-19,0.003816793893129771,1388
22151449,Tata Sons Pvt Ltd.,1,2021-08-17,262,1,2021-05-13,2024-07-30,0.003816793893129771,1174
992967,Global Indian International School Pte Ltd.,1,2021-05-17,262,3,2021-03-03,2024-12-06,0.011450381679389313,1374
5654535,PrimeStaff Management Services Pte Ltd.,1,2022-09-19,261,4,2021-08-06,2024-12-12,0.01532567049808429,1224
1026817,St. Regis Hotels & Resorts /Retail Condominium & Townhouse/,1,2023-02-15,261,4,2021-03-07,2024-10-18,0.01532567049808429,1321
351560,"The Estée Lauder Companies, Inc.",1,2021-10-02,260,12,2021-05-10,2024-10-19,0.046153846153846156,1258
22151923,Ubisoft Entertainment SA,1,2021-10-02,260,2,2021-03-04,2024-12-14,0.007692307692307693,1381
1467152,AEM Holdings Ltd.,1,2022-06-24,259,1,2021-03-19,2024-11-19,0.003861003861003861,1341
20956976,Evonik Industries AG,1,2021-08-04,259,5,2021-03-22,2024-12-26,0.019305019305019305,1375
22144251,Veolia Japan KK,1,2021-07-07,259,9,2021-03-10,2024-11-13,0.03474903474903475,1344
8595421,Wilhelmsen Group,1,2024-02-05,258,2,2021-03-02,2024-12-18,0.007751937984496124,1387
4181461,Impossible Marketing,1,2023-02-02,257,22,2021-04-08,2024-12-06,0.08560311284046693,1338
483120,Sumitomo Corp.,1,2021-04-07,257,4,2021-04-07,2024-12-27,0.01556420233463035,1360
126557,"IET, Inc.",1,2024-07-25,256,1,2021-07-03,2024-12-18,0.00390625,1264
22252279,National Technical Systems LLC,1,2022-02-15,256,6,2021-03-02,2024-11-27,0.0234375,1366
99293920,Infinity Assurance Management,1,2024-04-01,256,2,2022-01-18,2024-09-26,0.0078125,982
390887,Marine Online (Singapore) Pte Ltd.,1,2021-06-07,256,15,2021-03-09,2024-12-30,0.05859375,1392
844178,Alps Pte Ltd.,1,2022-08-19,255,9,2021-03-26,2024-12-26,0.03529411764705882,1371
27004860,Pan Asia Resources Corp.,1,2024-03-20,255,3,2021-03-04,2024-12-27,0.011764705882352941,1394
22170312,Tikehau Ace Capital SAS,1,2023-09-26,255,1,2022-05-19,2024-11-12,0.00392156862745098,908
23454047,Unilever Plc,1,2021-07-16,255,16,2021-04-28,2024-12-20,0.06274509803921569,1332
92853643,Venture Corp.,1,2021-10-26,254,3,2021-04-16,2024-12-16,0.011811023622047244,1340
1281070,Aurex-Group,1,2022-05-10,254,1,2021-06-10,2024-08-23,0.003937007874015748,1170
341413,Henkel AG & Co. KGaA,1,2022-01-20,253,4,2021-03-15,2024-11-26,0.015810276679841896,1352
378901,Singapore National Employers Federation,1,2024-03-07,252,1,2021-03-16,2024-12-27,0.003968253968253968,1382
92959768,SHIMANO INC.,1,2022-03-23,251,10,2021-03-25,2024-12-09,0.0398406374501992,1355
1314902,Omni-Plus System Ltd.,1,2021-05-04,250,19,2021-03-08,2024-12-27,0.076,1390
189356,International French School Singapore Ltd.,1,2024-12-17,250,18,2021-10-19,2024-12-20,0.072,1158
961524,The Boeing Co.,1,2022-03-15,249,20,2021-03-10,2024-12-13,0.08032128514056225,1374
22268896,"Kyndryl, Inc.",1,2024-07-22,249,10,2021-07-01,2024-12-24,0.040160642570281124,1272
906990,Spacious Ltd.,1,2024-08-06,249,1,2021-06-30,2024-12-05,0.004016064257028112,1254
349715,Roadget Business Pte Ltd.,1,2024-02-27,247,3,2021-04-15,2024-12-18,0.012145748987854251,1343
334602,Yara International ASA,1,2023-06-20,247,1,2021-03-03,2024-09-23,0.004048582995951417,1300
22164739,James Cook University,1,2024-04-04,247,1,2021-03-01,2024-12-24,0.004048582995951417,1394
583473,Crossover Labs Ltd.,1,2024-05-01,245,175,2022-09-14,2024-12-25,0.7142857142857143,833
95226625,CMA CGM Shipping Agencies South Africa,1,2021-11-24,245,1,2021-03-03,2022-09-01,0.004081632653061225,547
93280519,Global Consultants Pvt Ltd.,1,2021-04-05,245,3,2021-02-11,2023-09-04,0.012244897959183673,935
2286603,Bearing Search Pte Ltd.,1,2021-07-30,245,2,2021-03-31,2024-12-18,0.00816326530612245,1358
140234,"Kintetsu World Express, Inc.",1,2021-04-23,245,1,2021-03-30,2024-11-25,0.004081632653061225,1336
75729,Smiths Detection Group Ltd.,1,2021-04-05,244,4,2021-03-11,2024-11-26,0.01639344262295082,1356
453193,Upskills Pte Ltd.,1,2024-01-30,244,7,2021-03-01,2024-12-04,0.028688524590163935,1374
421002,"Gartner, Inc.",1,2021-09-24,244,3,2021-03-03,2024-12-10,0.012295081967213115,1378
22176702,Opus IT Services Pte Ltd.,1,2023-01-16,243,2,2021-01-19,2024-12-18,0.00823045267489712,1429
96272242,One Consulting,1,2023-01-17,243,1,2021-03-13,2024-11-05,0.00411522633744856,1333
7957,Funding Societies Pte Ltd.,1,2024-10-25,242,1,2021-04-14,2024-12-30,0.004132231404958678,1356
15761521,MULBERRY LEARNING LTD,1,2022-08-03,242,2,2022-07-27,2024-04-12,0.008264462809917356,625
1425658,Jumbo Group of Restaurants Pte Ltd.,1,2023-08-29,242,1,2021-03-03,2024-12-19,0.004132231404958678,1387
20968061,Julius Bär Gruppe AG,1,2024-01-19,241,2,2021-03-03,2024-12-26,0.008298755186721992,1394
5846928,REGION DIVERSIFIED (S) PTE LTD,1,2021-09-25,241,2,2021-01-05,2023-05-16,0.008298755186721992,861
18198394,Silicon Box Pte Ltd.,1,2022-08-03,240,2,2022-08-03,2024-12-20,0.008333333333333333,870
11099547,DATASEARCH CONSULTING SINGAPORE PTE. LTD.,1,2023-09-20,240,1,2021-03-02,2024-04-17,0.004166666666666667,1142
7503547,Ascenda Loyalty Pte Ltd.,1,2023-05-04,240,9,2021-03-01,2024-08-14,0.0375,1262
8277000,Aap Consulting,1,2021-03-20,240,1,2021-03-06,2024-12-10,0.004166666666666667,1375
1845599,Aeon Seach Consulting,1,2022-11-11,240,1,2021-03-03,2024-11-26,0.004166666666666667,1364
93520792,American Express Co (Mexico),1,2021-06-11,239,53,2021-03-25,2024-12-22,0.2217573221757322,1368
6092839,Search Network Pte Ltd.,1,2024-07-03,238,1,2024-05-17,2024-12-15,0.004201680672268907,212
7911267,Sunnystep,1,2023-04-11,236,13,2021-05-11,2024-12-27,0.05508474576271186,1326
93782531,TrificCareerEduSGMY,1,2021-11-12,236,74,2021-07-13,2024-07-18,0.3135593220338983,1101
4762828,Luxury Careers Pte Ltd,1,2023-01-17,235,5,2021-03-03,2024-12-10,0.02127659574468085,1378
2522077,BYTEPLUS PTE. LTD.,1,2023-10-06,235,37,2021-11-18,2024-12-26,0.1574468085106383,1134
22239777,Swift Technical Resources LLC,1,2021-10-05,235,7,2021-03-17,2024-09-06,0.029787234042553193,1269
1669800,"Accountstaff, Inc.",1,2021-09-28,234,5,2021-03-05,2024-02-13,0.021367521367521368,1075
1077750,VFlowTech Pte Ltd.,1,2021-08-26,234,6,2021-03-11,2024-12-11,0.02564102564102564,1371
1784889,"Access People, Inc.",1,2023-01-12,234,4,2022-06-22,2024-12-29,0.017094017094017096,921
316990,Hubbed Pty Ltd.,1,2021-07-01,234,5,2021-07-01,2024-12-18,0.021367521367521368,1266
122106,MSIG Asia Pte Ltd.,1,2023-10-09,232,1,2021-03-09,2024-12-02,0.004310344827586207,1364
22233935,Cathay Cineplexes Pte Ltd.,1,2022-07-12,232,1,2021-03-09,2024-12-02,0.004310344827586207,1364
5982285,Ryan's Grocery,1,2021-11-06,232,11,2021-04-08,2024-12-26,0.04741379310344827,1358
92787869,Hotell Royal i Göteborg AB,1,2021-04-20,232,26,2021-03-03,2024-11-11,0.11206896551724138,1349
3330001,Ellwood Consulting Pte Ltd.,1,2022-06-10,232,3,2021-03-02,2024-11-13,0.01293103448275862,1352
267301,Citibank NA (New York),1,2022-01-20,231,2,2021-09-01,2024-09-14,0.008658008658008658,1109
21599967,Lithan Genovate,1,2024-07-05,231,2,2021-03-08,2024-12-19,0.008658008658008658,1382
22270416,Kabam Pte. Ltd.,1,2024-05-14,230,2,2022-09-28,2024-12-31,0.008695652173913044,825
20921792,"Kulicke & Soffa Industries, Inc.",1,2022-01-20,230,8,2021-03-17,2024-12-26,0.034782608695652174,1380
92896295,The GMP Group (92896295),1,2022-07-05,230,4,2021-09-25,2023-01-25,0.017391304347826087,487
99263536,Molex LLC,1,2022-01-27,230,3,2021-03-17,2024-09-18,0.013043478260869565,1281
93496284,Aurex,1,2022-05-09,229,1,2021-03-11,2024-04-30,0.004366812227074236,1146
2348459,Bigfoot Logistic Pte Ltd,1,2021-11-09,229,5,2021-03-03,2024-12-19,0.021834061135371178,1387
100174454,Recruit Avenue Pte. Ltd.,1,2024-04-02,228,1,2024-03-05,2024-12-30,0.0043859649122807015,300
5700250,Protemps Employment Services PTE LTD,1,2021-06-21,228,1,2021-03-01,2024-12-26,0.0043859649122807015,1396
22211166,Tiong Seng Holdings Ltd.,1,2023-12-20,228,2,2021-03-05,2024-12-19,0.008771929824561403,1385
1098597,Singapore Island Country Club,1,2024-09-02,228,1,2021-08-02,2024-12-18,0.0043859649122807015,1234
138216,iMPREG GmbH,1,2024-04-04,228,1,2023-09-15,2024-04-30,0.0043859649122807015,228
22230717,Moelis & Co.,1,2021-11-19,228,8,2021-05-21,2022-09-15,0.03508771929824561,482
3055828,DCI Consultants Pte Ltd/DCI Careers,1,2022-11-27,228,4,2021-09-30,2024-12-27,0.017543859649122806,1184
734643,Schroders Plc,1,2024-04-17,227,3,2021-03-01,2024-12-30,0.013215859030837005,1400
288469,Kok Tong Construction Pte Ltd.,1,2021-04-26,227,6,2021-03-03,2024-12-31,0.02643171806167401,1399
92890387,THE WRITES RECRUITMENT PTE. LTD.,1,2022-03-22,227,3,2021-06-17,2023-01-29,0.013215859030837005,591
435830,BASF SE,1,2022-10-13,227,4,2021-03-01,2024-12-04,0.01762114537444934,1374
81493,Awwa Ltd.,1,2021-09-29,226,3,2021-03-01,2023-02-08,0.01327433628318584,709
1266448,CLA Global TS Holdings Pte Ltd.,1,2024-08-20,226,1,2021-03-09,2024-12-09,0.004424778761061947,1371
606126,Carousell Pte Ltd.,1,2021-07-02,226,3,2021-03-03,2024-11-13,0.01327433628318584,1351
9695,Amplus Communication Pte Ltd.,1,2022-06-21,226,2,2021-03-03,2024-12-31,0.008849557522123894,1399
113451,Xcl World Academy,1,2024-05-24,224,2,2021-09-27,2024-12-23,0.008928571428571428,1183
350828,"International Flavors & Fragrances, Inc.",1,2022-01-26,224,4,2021-03-11,2024-12-23,0.017857142857142856,1383
599399,RHB Bank Bhd. (Singapore),1,2023-11-30,224,1,2021-03-10,2024-12-06,0.004464285714285714,1367
93068124,Oquirrh Mountain Symphony,1,2021-03-29,224,2,2021-03-03,2022-04-18,0.008928571428571428,411
15384653,Meinhardt (15384653),1,2024-03-25,223,1,2021-06-25,2024-09-27,0.004484304932735426,1190
164302,REC Solar Pte Ltd.,1,2023-03-09,223,1,2023-01-10,2024-12-31,0.004484304932735426,721
262450,The World Bank,1,2021-04-09,223,9,2021-03-15,2024-12-24,0.04035874439461883,1380
3800915,Gojek Tech,1,2021-10-04,223,11,2021-03-05,2024-08-16,0.04932735426008968,1260
22206565,DNV Group AS,1,2021-06-22,222,4,2021-04-20,2024-12-15,0.018018018018018018,1335
980019,"WSP USA, Inc.",1,2023-06-17,221,4,2021-03-10,2024-11-19,0.01809954751131222,1350
4387462,Jameson Legal Ltd.,1,2021-05-18,221,3,2021-03-02,2024-10-20,0.013574660633484163,1328
6100938,Security Risk Solutions,1,2023-07-14,220,7,2021-08-05,2024-12-26,0.031818181818181815,1239
48526474,P'nnacle Pte Ltd.,1,2021-04-15,220,3,2021-03-01,2022-04-30,0.013636363636363636,425
6527020,"Talent Search, Inc.",1,2024-02-14,219,1,2021-03-01,2024-11-29,0.0045662100456621,1369
10552895,CLPS Technology(Australia) Pty Ltd,1,2022-09-28,219,2,2021-11-29,2024-12-17,0.0091324200913242,1114
173622,GRIT Search Pte Ltd.,1,2023-07-26,217,2,2021-04-20,2024-11-23,0.009216589861751152,1313
6229537,Skyandf,1,2023-01-30,217,5,2021-10-05,2024-11-22,0.02304147465437788,1144
24426755,MTM Engage Pte. Ltd.,1,2022-01-13,217,1,2022-01-05,2024-02-06,0.004608294930875576,762
1007241,Karooooo Ltd.,1,2024-09-24,217,1,2021-08-28,2024-12-09,0.004608294930875576,1199
304187,American Bureau of Shipping,1,2023-06-27,216,4,2021-03-08,2024-12-20,0.018518518518518517,1383
1180225,Recruit Legal Pte Ltd.,1,2021-07-19,216,2,2021-03-01,2023-02-10,0.009259259259259259,711
477021,Dentsu International Ltd.,1,2021-11-26,216,2,2021-03-19,2024-09-30,0.009259259259259259,1291
7934538,uArrow Cloud,1,2023-10-12,215,3,2023-05-19,2024-12-19,0.013953488372093023,580
5763797,Quess Selection & Services,1,2024-07-02,215,1,2021-07-21,2024-12-19,0.004651162790697674,1247
20482736,Yuanyii Agency Pte Ltd,1,2022-09-23,215,9,2021-03-05,2024-12-30,0.04186046511627907,1396
1139320,Ecommerce Enablers Pte Ltd.,1,2024-01-25,215,3,2021-10-07,2024-12-26,0.013953488372093023,1176
23453910,Nokia Oyj,1,2024-01-10,214,8,2021-03-16,2024-12-23,0.037383177570093455,1378
357217,Lam Research Corp.,1,2021-07-27,214,5,2021-03-05,2024-12-18,0.02336448598130841,1384
800198,Korn Ferry,1,2021-06-22,214,2,2021-03-08,2024-12-04,0.009345794392523364,1367
4696473,LINKTRIX CONSULTANTS PTE. LTD.,1,2022-09-01,213,3,2021-03-05,2024-12-16,0.014084507042253521,1382
543640,Adyen NV,1,2022-11-25,213,1,2021-03-18,2024-12-17,0.004694835680751174,1370
620074,Brenntag SE,1,2024-11-09,211,1,2021-03-29,2024-12-10,0.004739336492890996,1352
935873,Watsons Singapore Pte Ltd.,1,2021-11-10,211,3,2021-03-03,2024-11-26,0.014218009478672985,1364
1218457,Aventis School of Management,1,2023-02-03,211,23,2021-11-14,2024-11-29,0.10900473933649289,1111
19540349,Tranzplus Engineering,1,2021-03-31,210,1,2021-03-08,2023-06-08,0.004761904761904762,822
5749633,Eight Talons Consulting,1,2022-08-01,210,1,2021-07-29,2024-02-20,0.004761904761904762,936
1086967,Ikigai Enablers Pte Ltd.,1,2024-12-19,209,1,2021-05-25,2024-12-19,0.004784688995215311,1304
92855839,Vantage Point (South Africa),1,2021-09-23,209,5,2021-09-10,2024-12-24,0.023923444976076555,1201
21042635,TP ICAP Group Plc,1,2024-11-19,208,1,2021-03-04,2024-12-09,0.004807692307692308,1376
887415,"Cadence, Inc.",1,2023-09-21,208,3,2021-08-05,2024-12-25,0.014423076923076924,1238
660434,Charles & Keith Group Pte Ltd.,1,2021-04-19,208,7,2021-03-24,2024-12-19,0.03365384615384615,1366
117626,MooVita Pte Ltd.,1,2022-03-08,207,5,2021-03-25,2024-12-16,0.024154589371980676,1362
22143867,Proterial Ltd.,1,2022-05-07,207,2,2021-03-24,2024-10-01,0.00966183574879227,1287
831357,"Kaplan, Inc.",1,2022-04-27,206,22,2021-04-19,2024-10-03,0.10679611650485436,1263
21032985,Element Materials Technology Ltd.,1,2022-06-21,206,2,2021-03-01,2024-12-19,0.009708737864077669,1389
22193191,"Coty, Inc.",1,2024-07-20,206,1,2021-04-29,2024-11-30,0.0048543689320388345,1311
529229,Neste Corp.,1,2022-08-05,205,2,2021-09-01,2024-12-13,0.00975609756097561,1199
1311350,Intel Corp.,1,2021-05-25,205,8,2021-03-04,2024-11-21,0.03902439024390244,1358
6469559,Superform Consulting Pte Ltd.,1,2022-06-07,204,2,2021-03-02,2024-09-02,0.00980392156862745,1280
1054379,KrisShop Pte Ltd.,1,2021-10-05,204,7,2021-03-29,2024-12-16,0.03431372549019608,1358
92844697,Volt Services Group,1,2022-04-08,204,1,2022-04-01,2024-04-15,0.004901960784313725,745
591185,Times Publishing Ltd.,1,2021-07-02,204,3,2021-03-17,2024-12-11,0.014705882352941176,1365
93190441,Kepler Search,1,2023-02-21,204,9,2021-12-09,2024-12-16,0.04411764705882353,1103
5479174,Pazzion International Pte Ltd.,1,2021-10-26,203,8,2021-04-14,2024-12-03,0.03940886699507389,1329
35452,Yamaha Music Communications Co. Ltd.,1,2024-01-18,203,3,2021-03-01,2024-11-18,0.014778325123152709,1358
2230871,Bah Partners Ltd.,1,2024-11-15,203,2,2021-03-05,2024-12-20,0.009852216748768473,1386
1060666,"Zendesk, Inc.",1,2024-04-04,202,3,2021-03-02,2024-12-10,0.01485148514851485,1379
626759,"QUALCOMM, Inc.",1,2024-01-17,202,3,2021-03-17,2024-12-23,0.01485148514851485,1377
971856,Tech Mahindra Ltd.,1,2024-05-25,202,2,2021-03-08,2024-12-16,0.009900990099009901,1379
382720,"Arrow Electronics, Inc.",1,2023-02-01,202,6,2021-03-08,2024-12-27,0.0297029702970297,1390
4674921,Lico Resources,1,2021-07-02,202,2,2021-03-10,2024-12-02,0.009900990099009901,1363
87624,Singapore Innovate Pte Ltd.,1,2021-08-16,201,2,2021-03-17,2024-11-05,0.009950248756218905,1329
22211853,Amadeus IT Group SA,1,2022-04-12,201,4,2021-03-26,2024-12-19,0.01990049751243781,1364
27746301,AIG,1,2022-01-15,201,7,2021-03-10,2024-12-06,0.03482587064676617,1367
6604782,TESCOM (SINGAPORE) SOFTWARE SYSTEMS TESTING PTE LTD.,1,2023-08-10,201,1,2021-03-03,2024-12-12,0.004975124378109453,1380
22211715,Far East Organisation Pte Ltd.,1,2022-06-20,201,2,2021-03-03,2024-12-29,0.009950248756218905,1397
398158,The Partners Group LLC,1,2024-08-21,200,1,2021-03-03,2024-12-31,0.005,1399
5650595,Primarius Search Consultancy Pte. Ltd.,1,2022-09-13,200,2,2022-09-13,2022-09-13,0.01,0
22155456,Singapore Epson Industrial Pte Ltd.,1,2022-04-20,200,3,2021-02-24,2024-12-08,0.015,1383
7536214,Pepperl+Fuchs SE,1,2021-08-02,199,2,2021-03-25,2024-12-20,0.010050251256281407,1366
22152077,voco Orchard Singapore,1,2024-07-12,199,2,2021-10-26,2024-12-24,0.010050251256281407,1155
93518230,AMS,1,2022-02-08,199,1,2021-09-20,2024-10-16,0.005025125628140704,1122
15256604,Match Resources,1,2024-06-07,198,3,2021-03-03,2024-10-08,0.015151515151515152,1315
22786400,"Holiday Inn /Jekyll Island, GA/",1,2024-01-23,198,1,2021-03-17,2024-12-31,0.005050505050505051,1385
902987,Hummingbird Bioscience Pte Ltd.,1,2022-02-16,197,5,2021-03-02,2024-11-05,0.025380710659898477,1344
13216529,Helios Systems Pte Ltd.,1,2023-10-30,197,1,2021-03-09,2024-12-12,0.005076142131979695,1374
95936127,Panda Hresource Pte Ltd,1,2021-10-20,196,2,2021-04-15,2024-12-18,0.01020408163265306,1343
5361139,OOm Pte Ltd,1,2023-07-31,196,10,2021-08-05,2024-12-31,0.05102040816326531,1244
165746,Pcubed SAS,1,2022-07-30,196,3,2021-08-12,2024-12-16,0.015306122448979591,1222
976438,Singapore-MIT Alliance for Research & Technology,1,2023-06-12,194,11,2021-03-02,2024-12-19,0.05670103092783505,1388
1103840,BCD Travel BV,1,2021-05-12,194,21,2021-03-24,2024-12-23,0.10824742268041238,1370
854704,"VUI, Inc.",1,2024-02-17,194,2,2021-03-25,2024-12-26,0.010309278350515464,1372
1119905,Father Flanagan's Boys' Home,1,2023-07-11,193,4,2021-03-10,2024-12-09,0.02072538860103627,1370
5394597,OSG Containers and Modular Pte Ltd,1,2024-09-19,193,3,2021-03-07,2024-12-25,0.015544041450777202,1389
1227792,MyRepublic Ltd.,1,2021-09-03,192,6,2021-03-31,2024-02-01,0.03125,1037
1241268,Coda Payments Pte Ltd.,1,2023-09-27,192,3,2021-03-23,2024-12-04,0.015625,1352
7127045,We Plus SpA,1,2024-09-05,191,3,2023-12-15,2024-12-23,0.015706806282722512,374
22238296,Samsung C&T Corp. /Old/,1,2024-06-25,190,1,2021-12-31,2024-12-28,0.005263157894736842,1093
93490175,Aztech Systems,1,2024-03-13,190,1,2021-03-05,2024-12-02,0.005263157894736842,1368
520182,Oliver James Associates Ltd.,1,2024-07-12,190,1,2021-03-01,2024-12-10,0.005263157894736842,1380
5553626,Pinpoint Asia Ltd.,1,2024-06-18,190,4,2021-03-10,2024-11-25,0.021052631578947368,1356
22181083,Richemont SA,1,2022-01-14,189,3,2021-03-02,2024-10-02,0.015873015873015872,1310
284544,"Fortinet, Inc.",1,2022-08-23,188,3,2021-03-01,2024-12-02,0.015957446808510637,1372
825778,UrbanFox Pte Ltd.,1,2021-06-03,188,7,2021-03-01,2024-12-23,0.03723404255319149,1393
96930374,Talentvue Pte Ltd,1,2024-02-17,188,3,2023-04-05,2024-11-30,0.015957446808510637,605
18235315,Service Connections Hr Consultancy Pte Ltd.,1,2024-07-10,188,1,2021-03-17,2024-12-26,0.005319148936170213,1380
251578,"WESCO International, Inc.",1,2021-10-08,187,36,2021-03-12,2024-12-23,0.1925133689839572,1382
488084,Aspial Corp. Ltd.,1,2021-09-02,187,5,2021-09-02,2024-12-16,0.026737967914438502,1201
26892504,Tyson Jay,1,2023-07-11,187,1,2023-04-18,2024-12-24,0.0053475935828877,616
273054,"Lumen Technologies, Inc. (Louisiana)",1,2021-10-07,186,5,2021-03-05,2024-12-16,0.026881720430107527,1382
1357583,"Greenlane Holdings, Inc.",1,2024-08-21,185,1,2023-10-14,2024-12-25,0.005405405405405406,438
80824,Waters Corp.,1,2021-06-18,185,6,2021-03-03,2024-12-05,0.032432432432432434,1373
5681281,Progression Pte Ltd.,1,2022-05-23,185,3,2021-03-16,2024-04-22,0.016216216216216217,1133
15373765,Conrad Singapore Orchard,1,2022-03-25,185,5,2021-03-08,2024-12-23,0.02702702702702703,1386
22151604,Olympus Imaging Australia Pty Ltd.,1,2022-01-12,184,2,2021-09-23,2024-12-17,0.010869565217391304,1181
1367292,"Williams-Sonoma, Inc.",1,2021-07-02,184,23,2021-03-10,2024-12-11,0.125,1372
1289500,JK Technosoft Ltd.,1,2022-07-12,184,1,2021-06-06,2023-01-19,0.005434782608695652,592
6364748,St.Hua Private School,1,2024-08-28,183,7,2021-06-13,2024-12-18,0.03825136612021858,1284
1170407,World Scientific Publishing Co. Pte Ltd.,1,2022-10-13,183,1,2021-03-11,2024-12-26,0.00546448087431694,1386
310676,Trusted Services Pte Ltd.,1,2024-04-15,182,1,2021-03-01,2024-12-11,0.005494505494505495,1381
2361693,Bioquest Advisory Pte Ltd.,1,2023-08-15,182,34,2021-03-03,2024-12-04,0.18681318681318682,1372
22231506,PacificLight Energy Pte Ltd.,1,2023-03-17,181,1,2021-04-23,2024-11-20,0.0055248618784530384,1307
1115241,HDR Global Trading Ltd.,1,2021-08-16,181,1,2021-07-05,2024-11-28,0.0055248618784530384,1242
865629,Phoenix Contact Gmbh & Co. KG,1,2021-08-17,181,7,2021-06-06,2024-07-04,0.03867403314917127,1124
7664743,Anter Consulting,1,2024-10-25,180,1,2021-07-16,2024-12-23,0.005555555555555556,1256
98643,"Netflix, Inc.",1,2023-08-02,180,1,2021-03-01,2024-12-28,0.005555555555555556,1398
3470095,Expertise Technologies Pte Ltd.,1,2021-07-27,180,2,2021-04-08,2024-12-26,0.011111111111111112,1358
3831288,Grand Imperial Hotel,1,2022-03-25,179,1,2021-09-19,2024-12-26,0.00558659217877095,1194
1140273,YTL PowerSeraya Pte Ltd.,1,2022-06-22,179,1,2021-03-30,2024-12-26,0.00558659217877095,1367
7917,"Ingram Micro, Inc.",1,2022-05-26,178,5,2021-03-24,2024-10-27,0.028089887640449437,1313
472309,Memiontec Pte Ltd.,1,2022-11-27,178,10,2021-03-05,2024-12-27,0.056179775280898875,1393
673240,Lovebonito Singapore Pte Ltd.,1,2022-12-15,177,4,2021-01-07,2024-12-18,0.022598870056497175,1441
2872392,Concorde Hotel Singapore,1,2022-07-02,177,11,2021-09-02,2024-12-11,0.062146892655367235,1196
93583168,徐州米格网络科技有限公司,1,2021-08-21,177,1,2021-03-02,2022-12-19,0.005649717514124294,657
22154515,Goodwood Park Hotel Pvt Ltd.,1,2022-06-20,177,2,2021-04-30,2024-10-18,0.011299435028248588,1267
3955909,Hatch Asia Consulting Pte Ltd.,1,2022-09-24,176,2,2021-11-15,2024-11-25,0.011363636363636364,1106
5759075,Quantum Leap Career Consultancy,1,2022-08-08,176,2,2021-03-01,2024-11-22,0.011363636363636364,1362
1217285,Bayer AG,1,2021-03-05,176,2,2021-03-05,2024-11-05,0.011363636363636364,1341
93162946,Lifeslice,1,2021-10-27,176,9,2021-10-27,2024-12-30,0.05113636363636364,1160
6102017,Sedha Consulting Pty Ltd.,1,2023-11-07,175,1,2023-07-05,2024-12-24,0.005714285714285714,538
1032330,Cityneon Holdings Pte. Ltd.,1,2022-09-24,175,59,2021-04-19,2024-12-17,0.33714285714285713,1338
1186433,SEA Ltd.,1,2022-05-24,175,2,2021-03-02,2022-11-09,0.011428571428571429,617
89152902,PM Group Belgium NV,1,2023-05-16,175,4,2021-03-11,2024-07-11,0.022857142857142857,1218
22152118,Shilla Travel Retail Pte Ltd.,1,2022-09-14,174,2,2021-09-10,2024-12-17,0.011494252873563218,1194
7940753,"Venti Technologies, Inc.",1,2024-01-12,174,3,2022-06-25,2024-12-24,0.017241379310344827,913
23800891,Connexus Global (23800891),1,2022-04-01,174,2,2021-10-15,2024-03-25,0.011494252873563218,892
14918,"Daniel J. Edelman Holdings, Inc.",1,2023-08-29,174,1,2021-03-01,2024-12-30,0.005747126436781609,1400
1012780,"GE Healthcare Technologies, Inc.",1,2021-06-29,173,9,2021-03-08,2024-12-09,0.05202312138728324,1372
23464080,The British Council,1,2022-07-01,173,1,2021-03-11,2024-12-02,0.005780346820809248,1362
26815682,MyCareersFuture,1,2023-02-13,173,4,2021-04-08,2024-09-11,0.023121387283236993,1252
93027361,Prism Tech,1,2024-06-19,173,1,2021-10-07,2024-12-11,0.005780346820809248,1161
7118485,wei!Creative (SG) Pte. Ltd.,1,2022-01-06,173,1,2021-03-23,2024-12-30,0.005780346820809248,1378
924179,Energy Market Authority,1,2024-03-04,172,1,2021-03-04,2024-07-29,0.005813953488372093,1243
800618,"Avnet, Inc.",1,2021-03-02,172,20,2021-03-02,2024-12-22,0.11627906976744186,1391
550574,Drew & Napier LLC,1,2022-06-29,172,1,2021-03-11,2024-08-14,0.005813953488372093,1252
333093,Shinryo Corp.,1,2024-03-13,172,1,2021-04-21,2024-12-27,0.005813953488372093,1346
53955,Pharmex Healthcare Pte Ltd.,1,2023-09-13,172,1,2021-03-15,2024-10-09,0.005813953488372093,1304
20250916,WHIZ LINK MANPOWER,1,2024-02-13,171,1,2021-08-17,2024-11-27,0.005847953216374269,1198
805281,Archer-Daniels-Midland Co.,1,2022-04-27,170,3,2021-04-20,2024-12-20,0.01764705882352941,1340
1794633,Achievers Dream - Chemistry Specialist,1,2023-10-25,170,8,2021-03-19,2024-12-27,0.047058823529411764,1379
2234638,Baker's Brew,1,2021-05-11,169,7,2021-04-08,2024-11-10,0.04142011834319527,1312
10752093,Consolidated System(S) Pte Ltd,1,2022-04-03,169,2,2021-08-18,2024-12-02,0.011834319526627219,1202
14565604,Lambda Computing Solutions (S) Pte Ltd.,1,2024-10-30,169,1,2021-05-29,2024-12-30,0.005917159763313609,1311
849832,Boston Scientific Corp.,1,2021-08-18,169,2,2021-03-02,2024-11-29,0.011834319526627219,1368
16293565,One Consulting (Global) Pte Ltd.,1,2023-02-16,168,1,2022-12-12,2024-04-29,0.005952380952380952,504
6777889,Total Ebiz Solutions,1,2022-10-01,168,1,2021-03-11,2024-11-13,0.005952380952380952,1343
85883,IKas International Ltd.,1,2024-03-04,168,2,2021-06-15,2024-08-16,0.011904761904761904,1158
1262278,Hilti Group,1,2022-03-10,168,3,2021-03-02,2024-12-02,0.017857142857142856,1371
841741,Schlumberger Ltd.,1,2021-11-06,168,13,2021-03-01,2024-11-15,0.07738095238095238,1355
642662,You Technologies Group Ltd.,1,2024-07-01,168,1,2021-03-02,2024-12-17,0.005952380952380952,1386
1256784,"F5, Inc.",1,2023-01-21,166,2,2021-05-11,2024-12-12,0.012048192771084338,1311
423021,"WeWork, Inc.",1,2024-09-10,166,2,2021-03-30,2024-11-01,0.012048192771084338,1312
247356,WongPartnership LLP,1,2024-12-04,165,1,2021-01-11,2024-12-23,0.006060606060606061,1442
925416,J&T Express Singapore Pte Ltd,1,2021-08-05,165,4,2021-03-09,2024-12-23,0.024242424242424242,1385
1422747,Infosight Consulting Services Ltd.,1,2023-04-25,165,1,2021-03-11,2024-06-03,0.006060606060606061,1180
6893240,Uniconnect One Pvt Ltd.,1,2024-03-30,164,1,2021-03-15,2024-12-17,0.006097560975609756,1373
1407012,SThree Plc,1,2022-08-03,164,1,2021-03-03,2023-01-19,0.006097560975609756,687
21040968,POSH Fleet Services Pte Ltd.,1,2024-08-12,164,6,2021-09-14,2024-12-31,0.036585365853658534,1204
1185566,Decathlon SE,1,2021-11-15,164,7,2021-08-16,2024-12-30,0.042682926829268296,1232
1003591,Page Executive,1,2024-01-24,164,1,2022-10-27,2024-12-10,0.006097560975609756,775
99392748,Richdale International Executive Search Pte. Ltd.,1,2023-12-04,163,2,2022-03-22,2024-12-10,0.012269938650306749,994
1245939,Itcan Pte Ltd.,1,2022-07-20,163,2,2022-04-21,2024-12-24,0.012269938650306749,978
94126261,Ninja Logistics,1,2022-12-29,163,2,2021-08-27,2024-11-27,0.012269938650306749,1188
95516475,Right Search,1,2024-04-22,162,2,2023-08-07,2024-12-28,0.012345679012345678,509
22153887,Chip Eng Seng Corp. Ltd.,1,2024-02-29,162,3,2021-03-18,2024-12-12,0.018518518518518517,1365
1037801,"MediaTek, Inc.",1,2021-04-16,162,4,2021-03-24,2024-12-21,0.024691358024691357,1368
657640,RGF Professional Recruitment,1,2022-10-01,162,1,2022-05-24,2022-11-25,0.006172839506172839,185
14331804,KING SEARCH,1,2024-01-17,162,2,2021-03-31,2024-12-16,0.012345679012345678,1356
871683,Western Plant Hire (WA) Pty Ltd.,1,2024-07-16,161,1,2022-01-10,2024-12-22,0.006211180124223602,1077
388314,OUE Restaurants Pte Ltd.,1,2022-12-12,161,1,2021-03-17,2024-10-25,0.006211180124223602,1318
1214068,"Cloudflare, Inc.",1,2023-01-09,161,3,2021-03-09,2024-12-30,0.018633540372670808,1392
1022693,HCL Insys Pte Ltd.,1,2024-07-16,161,1,2021-03-05,2024-11-23,0.006211180124223602,1359
6526623,TALENT EDGE RECRUITMENT LLP,1,2022-06-24,161,2,2021-03-03,2024-12-19,0.012422360248447204,1387
8079651,Cyclect Holdings Pte Ltd.,1,2021-05-19,160,8,2021-03-11,2024-12-22,0.05,1382
1135383,Mitsubishi Electric Corp.,1,2022-10-07,160,2,2021-07-09,2024-12-20,0.0125,1260
1386080,"MaxLinear, Inc.",1,2022-06-29,160,1,2021-03-02,2024-10-30,0.00625,1338
611331,MSC Mediterranean Shipping Co. SA,1,2022-07-15,159,24,2022-01-09,2024-12-24,0.1509433962264151,1080
21973298,Supernova Asset Management Pte Ltd.,1,2021-05-17,159,3,2021-03-01,2024-12-17,0.018867924528301886,1387
7935150,UL LLC,1,2021-09-17,158,6,2021-03-03,2024-12-23,0.0379746835443038,1391
787921,Maker Lab Pte. Ltd.,1,2023-11-03,158,2,2021-05-01,2024-12-30,0.012658227848101266,1339
151335,Pathlight School,1,2024-05-23,157,1,2021-01-18,2024-12-12,0.006369426751592357,1424
1194004,International Baccalaureate Organization,1,2023-12-26,157,1,2021-03-01,2024-12-30,0.006369426751592357,1400
832947,Clarion Events Ltd.,1,2024-07-08,157,2,2021-03-18,2024-11-13,0.012738853503184714,1336
704894,Pnh Group,1,2024-01-24,157,1,2021-10-19,2024-12-23,0.006369426751592357,1161
314033,Morgan Philips UK Ltd.,1,2022-09-23,157,4,2021-03-29,2024-04-15,0.025477707006369428,1113
2969580,Cristofori Music Pte Ltd.,1,2021-03-31,156,10,2021-03-18,2024-12-26,0.0641025641025641,1379
595645,Salad Stop Pte Ltd.,1,2022-03-22,155,5,2021-03-01,2024-12-23,0.03225806451612903,1393
6563928,Techcom Solutions,1,2024-06-12,155,2,2021-03-15,2024-12-17,0.012903225806451613,1373
13108081,Hanlin International Education,1,2024-10-11,155,1,2023-08-21,2024-10-25,0.0064516129032258064,431
310409,Hegen Pte Ltd.,1,2023-09-28,155,5,2021-10-05,2024-12-09,0.03225806451612903,1161
643711,Carl Zeiss AG,1,2021-08-17,155,4,2021-03-10,2024-11-07,0.025806451612903226,1338
22151288,Electrolux AB,1,2022-06-25,155,6,2021-04-23,2024-11-08,0.03870967741935484,1295
12312859,FLAMINGO RECRUITMENT LTD,1,2024-11-29,154,1,2021-03-14,2024-12-25,0.006493506493506494,1382
4491052,Kim Hock Corporation Pte Ltd,1,2022-01-14,154,8,2021-03-17,2024-11-26,0.05194805194805195,1350
1468159,Sabre Corp.,1,2022-12-14,154,3,2021-03-24,2024-12-20,0.01948051948051948,1367
22151982,Makino Asia Pte Ltd.,1,2022-08-04,154,1,2021-06-11,2024-07-02,0.006493506493506494,1117
185521,Flowserve Corp.,1,2022-09-14,153,10,2021-06-18,2024-12-31,0.06535947712418301,1292
891884,"Getronics USA, Inc.",1,2023-05-22,153,1,2021-04-12,2024-12-23,0.006535947712418301,1351
76203,"PharmEng Technology, Inc.",1,2024-03-13,153,2,2021-10-30,2024-12-18,0.013071895424836602,1145
85295,Sartorius AG,1,2021-03-19,153,3,2021-03-03,2024-12-18,0.0196078431372549,1386
840379,"West Pharmaceutical Services, Inc.",1,2021-07-02,152,4,2021-03-02,2024-06-25,0.02631578947368421,1211
98569706,TE Connectivity Ltd.,1,2023-03-28,152,19,2021-03-09,2024-12-26,0.125,1388
20998212,"Medpace Holdings, Inc.",1,2021-11-18,152,2,2021-03-16,2024-12-06,0.013157894736842105,1361
10696157,Compit Consultants Pte Ltd,1,2022-03-13,152,1,2021-03-02,2024-04-15,0.006578947368421052,1140
1194394,"Efficient Networks, Inc.",1,2023-07-06,152,2,2021-10-09,2024-12-17,0.013157894736842105,1165
55379,KLC International Institute Pte Ltd.,1,2023-09-13,151,5,2021-03-10,2024-11-22,0.033112582781456956,1353
141202,Jte Recruit Pte Ltd.,1,2022-01-07,151,9,2021-07-01,2024-12-02,0.059602649006622516,1250
22148250,W Singapore – Sentosa Cove,1,2022-01-06,151,2,2021-06-17,2024-12-17,0.013245033112582781,1279
4898567,Mconnect Consulting Pte Ltd.,1,2023-10-21,150,2,2021-03-16,2024-12-02,0.013333333333333334,1357
1289802,NTUC Club,1,2024-08-20,150,2,2021-09-03,2024-12-31,0.013333333333333334,1215
6092674,Searchelect Pte Ltd.,1,2022-10-20,150,1,2021-03-05,2024-03-19,0.006666666666666667,1110
93538717,Aerostar,1,2021-08-16,150,1,2021-03-04,2024-12-12,0.006666666666666667,1379
964456,BW Offshore Ltd.,1,2024-02-15,150,1,2021-03-16,2024-12-26,0.006666666666666667,1381
1112709,Luxasia Pte Ltd.,1,2022-02-10,150,2,2021-03-10,2024-12-31,0.013333333333333334,1392
99783686,Cosmos Recruit,1,2023-02-17,150,2,2023-02-10,2024-07-01,0.013333333333333334,507
93399642,Connect One Consulting Pte Ltd.,1,2022-03-16,150,1,2022-03-16,2024-11-13,0.006666666666666667,973
518056,Chiu Teng Construction Co. Pte Ltd.,1,2024-01-02,150,2,2021-03-04,2024-12-30,0.013333333333333334,1397
11824881,REACH Community Services Society,1,2023-04-10,150,5,2021-03-17,2024-12-27,0.03333333333333333,1381
27923949,EasyRecrue SAS,1,2021-08-05,149,3,2021-05-26,2022-01-19,0.020134228187919462,238
5104457,MUMMYS MARKET PTE. LTD.,1,2021-09-13,149,7,2021-08-12,2024-12-06,0.04697986577181208,1212
1131032,"Align Technology, Inc.",1,2021-04-05,149,18,2021-03-28,2024-06-26,0.12080536912751678,1186
1419075,Tum Create Ltd.,1,2023-10-03,149,2,2021-04-07,2024-12-20,0.013422818791946308,1353
2770061,ClearSK Aesthetics Pte Ltd.,1,2023-04-12,149,13,2021-05-20,2024-12-27,0.087248322147651,1317
1252962,Brighton College,1,2023-08-13,148,3,2021-03-11,2024-12-11,0.02027027027027027,1371
22252461,Stamford American International School Pte Ltd.,1,2023-10-26,148,1,2022-01-09,2024-12-12,0.006756756756756757,1068
97850200,Kanry Search,1,2024-09-24,147,4,2024-06-26,2024-12-19,0.027210884353741496,176
17322357,Recruit International Consultants Pte Ltd.,1,2024-11-05,147,1,2021-04-21,2024-12-11,0.006802721088435374,1330
1031849,Mencast Holdings Ltd.,1,2022-05-27,146,2,2021-03-03,2024-12-10,0.0136986301369863,1378
6494879,Swimwerks Asia Pte Ltd,1,2024-04-25,146,1,2021-11-16,2024-12-17,0.00684931506849315,1127
680093,UEMS Solutions Pte Ltd.,1,2023-09-08,146,1,2021-03-01,2024-11-12,0.00684931506849315,1352
6333215,Speech Academy Asia,1,2024-07-01,145,1,2021-08-31,2024-12-18,0.006896551724137931,1205
23275544,Recruitment Oasis Pte Ltd,1,2022-07-30,145,4,2022-03-18,2024-09-16,0.027586206896551724,913
921937,Danone SA,1,2023-06-30,145,3,2021-04-07,2024-12-30,0.020689655172413793,1363
548847,YMCA of Singapore,1,2024-03-08,144,3,2021-01-15,2024-12-16,0.020833333333333332,1431
12286803,FirstCom Academy,1,2024-01-12,144,8,2023-06-16,2024-12-09,0.05555555555555555,542
954649,BP Plc,1,2021-03-03,144,7,2021-03-03,2024-12-17,0.04861111111111111,1385
802781,Mentor Media Ltd.,1,2024-04-08,144,1,2021-12-02,2024-12-19,0.006944444444444444,1113
406020,Swiss Precision Industries Pte Ltd.,1,2024-03-12,144,6,2021-04-13,2024-12-12,0.041666666666666664,1339
658078,Amcor Plc,1,2021-07-23,143,2,2021-04-07,2024-12-22,0.013986013986013986,1355
16140810,National Volunteer & Philantrophy Centre,1,2022-06-19,142,8,2021-07-27,2024-12-23,0.056338028169014086,1245
22153967,Heineken NV,1,2021-09-30,142,5,2021-09-28,2024-12-12,0.035211267605633804,1171
22154330,"Fonterra (USA), Inc.",1,2022-08-15,142,3,2021-04-06,2024-12-13,0.02112676056338028,1347
634521,Biosensors International Group Ltd.,1,2021-12-07,142,3,2021-09-29,2024-12-05,0.02112676056338028,1163
3680453,Futurex Technologies Pte Ltd.,1,2023-12-12,142,5,2022-01-09,2024-12-26,0.035211267605633804,1082
295339,Seng Hua Hng Foodstuff Pte Ltd.,1,2024-08-13,142,2,2021-03-20,2024-12-26,0.014084507042253521,1377
11721705,EL Development Pte Ltd.,1,2023-04-25,142,7,2022-08-13,2024-12-18,0.04929577464788732,858
840759,"Cummins, Inc.",1,2024-07-02,141,2,2021-03-20,2024-12-17,0.014184397163120567,1368
908630,Poh Heng Jewellery Pte Ltd.,1,2022-02-18,141,2,2021-07-02,2024-12-10,0.014184397163120567,1257
1249675,Motivator (Group M Media India Pvt. Ltd,1,2021-08-29,141,2,2021-07-24,2022-11-19,0.014184397163120567,483
593588,Siemens Energy AG,1,2021-12-03,141,14,2021-04-22,2024-12-20,0.09929078014184398,1338
19758015,Univerz HR Consulting Pte Ltd,1,2021-12-27,141,2,2021-03-16,2024-12-15,0.014184397163120567,1370
569345,"Genesis Healthcare, Inc.",1,2021-03-02,141,39,2021-03-02,2024-12-04,0.2765957446808511,1373
4906766,Mecomb Group,1,2024-01-12,141,7,2022-01-13,2024-12-26,0.04964539007092199,1078
452275,Hashstacs Pte Ltd.,1,2022-02-08,141,3,2021-03-18,2024-12-18,0.02127659574468085,1371
6349399,Spring College International,1,2024-12-26,141,1,2021-03-09,2024-12-26,0.0070921985815602835,1388
93769819,CFB Bots Pte Ltd,1,2023-09-15,140,8,2021-03-23,2024-12-31,0.05714285714285714,1379
21028,French Chamber of Commerce In Singapore,1,2024-11-20,140,1,2021-06-14,2024-12-27,0.007142857142857143,1292
93530654,ALCOTT & ROBSON SINGAPORE PTE. LTD.,1,2021-05-21,140,10,2021-05-21,2024-04-05,0.07142857142857142,1050
18614654,Telstra Corp. Ltd.,1,2022-09-16,140,3,2021-03-03,2024-12-18,0.02142857142857143,1386
1396409,Marvable Pte Ltd.,1,2021-10-27,139,1,2021-05-07,2024-06-12,0.007194244604316547,1132
3286885,Eduquest.sg,1,2021-08-19,139,8,2021-03-08,2024-11-11,0.05755395683453238,1344
9865746,BRIGHT VISION CAREER CONSULTANT,1,2022-08-23,139,2,2021-07-01,2024-07-29,0.014388489208633094,1124
6528180,Talentreq Partners Pte Ltd,1,2021-08-16,139,2,2021-03-10,2024-12-03,0.014388489208633094,1364
754499,Credence Systems Corp.,1,2024-08-12,138,3,2021-03-05,2024-12-18,0.021739130434782608,1384
93330352,ES Recruitment Pte Ltd,1,2022-07-15,138,1,2021-03-05,2024-12-31,0.007246376811594203,1397
402059,Augmentus Pte Ltd.,1,2024-01-16,138,3,2022-01-28,2024-12-27,0.021739130434782608,1064
6858533,TutorJohn,1,2024-12-25,138,2,2021-12-01,2024-12-26,0.014492753623188406,1121
1819420,Adept Manpower APAC Pte Ltd,1,2024-08-21,138,1,2021-07-28,2024-12-26,0.007246376811594203,1247
22265994,South East Asia Moulding Co. Pte Ltd.,1,2022-12-20,138,2,2021-10-25,2024-12-26,0.014492753623188406,1158
3603877,Fong’s Engineering & Manufacturing Pte Ltd.,1,2021-11-11,137,1,2021-06-01,2024-08-21,0.0072992700729927005,1177
97091634,TalentNet HR Services Pte Ltd,1,2024-01-25,137,1,2023-10-17,2024-12-30,0.0072992700729927005,440
1107287,Global Mind SA,1,2024-08-13,137,1,2022-10-24,2024-12-04,0.0072992700729927005,772
3038184,DAS Umbrella,1,2021-09-10,137,2,2021-03-09,2024-12-23,0.014598540145985401,1385
4682482,SMM,1,2024-01-22,136,1,2021-03-05,2024-08-20,0.007352941176470588,1264
1315467,"Prudential Financial, Inc.",1,2022-07-13,136,1,2021-10-20,2024-10-06,0.007352941176470588,1082
4385496,JJ EXPRESS SERVICES SDN. BHD.,1,2021-07-01,136,7,2021-03-31,2024-11-11,0.051470588235294115,1321
1260632,Rentokil Initial Plc,1,2024-01-17,136,1,2021-03-05,2024-12-09,0.007352941176470588,1375
20922195,AstraZeneca PLC,1,2022-12-01,136,1,2021-03-25,2024-12-03,0.007352941176470588,1349
96163,Smitech Engineering Pte Ltd.,1,2024-06-18,135,6,2021-03-01,2024-12-30,0.044444444444444446,1400
93358725,dormakaba Group,1,2022-08-31,135,8,2021-10-07,2024-12-12,0.05925925925925926,1162
10829766,Core Talent Inc.,1,2022-06-27,135,2,2021-03-31,2024-01-11,0.014814814814814815,1016
950039,SeaTech Solutions International (S) Pte Ltd.,1,2023-09-07,134,6,2021-08-03,2024-12-09,0.04477611940298507,1224
854459,Cytiva LLC,1,2021-04-04,134,11,2021-03-03,2024-12-13,0.08208955223880597,1381
253358,Sysmex Corp.,1,2021-12-08,134,2,2021-02-09,2024-10-25,0.014925373134328358,1354
570641,Trip.com Group Ltd.,1,2024-08-02,134,2,2021-04-28,2024-12-30,0.014925373134328358,1342
22269434,"Nippon Express USA, Inc.",1,2023-07-10,132,4,2021-04-22,2024-12-20,0.030303030303030304,1338
534105,ST Integrated Engineering Pte Ltd.,1,2022-06-16,132,1,2021-03-05,2024-11-11,0.007575757575757576,1347
996044,Fujitsu Ltd.,1,2024-04-02,132,1,2021-10-08,2024-11-15,0.007575757575757576,1134
97840,"AT&T, Inc.",1,2021-07-31,132,1,2021-03-18,2024-12-13,0.007575757575757576,1366
21002416,United Test & Assembly Center Ltd.,1,2021-08-17,132,1,2021-04-13,2024-12-16,0.007575757575757576,1343
993509,Techmasters Matrix Pte Ltd.,1,2022-01-15,131,3,2021-03-05,2024-11-08,0.022900763358778626,1344
22525098,"Kenvue, Inc.",1,2023-02-04,131,7,2023-02-01,2024-12-15,0.05343511450381679,683
1448764,Dematic Corp.,1,2024-06-05,131,1,2021-03-12,2024-11-29,0.007633587786259542,1358
95515940,SMTP Consult Pte Ltd,1,2024-09-02,131,4,2023-08-14,2024-12-13,0.030534351145038167,487
9057079,Asianext Digital Exchange Pte Ltd.,1,2022-11-24,131,18,2022-06-23,2024-11-05,0.13740458015267176,866
928732,Crimson Education Ltd.,1,2023-03-03,131,1,2021-03-05,2024-12-11,0.007633587786259542,1377
22185923,Grundfos Holding A/S,1,2023-10-19,130,2,2021-03-31,2024-12-26,0.015384615384615385,1366
887220,Infodrive Solutions Pte Ltd.,1,2021-04-29,130,3,2021-03-01,2024-11-06,0.023076923076923078,1346
93380814,Da Paolo,1,2024-08-14,130,1,2021-03-09,2024-12-18,0.007692307692307693,1380
15003142,LIBERTY INSURANCE,1,2022-09-13,129,3,2021-09-22,2024-12-10,0.023255813953488372,1175
4212387,Infinity Manpower Pte Ltd,1,2021-10-08,129,1,2021-04-27,2024-12-17,0.007751937984496124,1330
5443872,Ppp Coffee,1,2022-03-24,129,2,2021-03-10,2024-11-26,0.015503875968992248,1357
7390554,Poket Pte Ltd.,1,2023-09-15,129,1,2021-03-05,2024-12-27,0.007751937984496124,1393
92776745,Kwong Wai Shiu Hospital & Nursing Home,1,2021-09-07,129,3,2021-04-09,2024-12-09,0.023255813953488372,1340
205189,PDS International Pte Ltd.,1,2021-06-16,129,12,2021-03-02,2024-12-30,0.09302325581395349,1399
20941583,Athletes World Ltd. (Canada),1,2021-06-08,128,2,2021-03-23,2024-10-08,0.015625,1295
955468,Terrenus Energy Pte Ltd.,1,2022-12-21,128,1,2022-01-20,2024-12-20,0.0078125,1065
1137333,RC HOTELS s.r.o.,1,2022-08-18,128,4,2021-09-03,2024-04-22,0.03125,962
780860,"Diebold Nixdorf, Inc.",1,2021-04-26,128,4,2021-03-02,2024-12-19,0.03125,1388
22169169,"Lululemon usa, Inc.",1,2022-04-14,128,2,2021-01-04,2024-12-18,0.015625,1444
93213066,Iron Mountain Inc.,1,2023-10-20,128,1,2021-11-17,2024-10-12,0.0078125,1060
22178370,Institute of Singapore Chartered Accountants,1,2024-11-25,128,1,2021-10-23,2024-12-17,0.0078125,1151
7502250,Exyte GmbH,1,2021-07-14,128,5,2021-03-23,2024-09-10,0.0390625,1267
2700518,Chc Construction Pte Ltd.,1,2022-11-11,128,6,2021-05-19,2024-08-27,0.046875,1196
795059,"Under Armour, Inc.",1,2023-03-16,127,3,2021-09-03,2024-12-16,0.023622047244094488,1200
1149835,Ren Ci Hospital,1,2024-01-09,127,1,2021-08-03,2024-12-03,0.007874015748031496,1218
7177712,WISMA RECRUITMENT CENTRE,1,2021-03-18,127,12,2021-03-17,2024-10-07,0.09448818897637795,1300
1070091,Helix Leisure Pte Ltd.,1,2021-08-06,127,2,2021-03-02,2024-09-09,0.015748031496062992,1287
219272,Little Farms Group Pte Ltd.,1,2022-12-27,127,5,2021-03-07,2024-12-03,0.03937007874015748,1367
10145434,Career Trend,1,2021-09-06,127,1,2021-03-04,2024-10-04,0.007874015748031496,1310
1148993,Singapore Academy of Law,1,2022-11-01,126,1,2021-03-25,2024-04-05,0.007936507936507936,1107
18934930,Talent Match Recruitment Consultancy Pte Ltd,1,2022-02-17,126,3,2021-06-08,2024-11-28,0.023809523809523808,1269
776763,Express VPN International Ltd.,1,2022-03-24,126,1,2021-04-09,2023-10-19,0.007936507936507936,923
9813516,(BRS) Braindge Recruitment Solutions Pte Ltd,1,2024-03-11,126,1,2021-09-24,2024-12-30,0.007936507936507936,1193
96053556,Surpass Staffing,1,2024-10-23,126,1,2024-01-25,2024-12-12,0.007936507936507936,322
1793618,ACExcellent Consulting,1,2022-09-23,126,2,2021-03-05,2024-10-04,0.015873015873015872,1309
159054,EOS IT Solutions Ltd.,1,2021-04-30,126,3,2021-03-01,2024-12-12,0.023809523809523808,1382
7751531,Flexxon Pte Ltd.,1,2023-05-29,126,9,2021-05-25,2024-12-10,0.07142857142857142,1295
6711923,The Hyphen Group Ltd.,1,2022-08-24,126,1,2021-03-02,2023-05-17,0.007936507936507936,806
6544099,Tate Asia Partners LLP,1,2022-09-16,126,1,2021-03-03,2024-10-09,0.007936507936507936,1316
480358,Binnies Singapore,1,2024-05-06,125,3,2021-05-20,2024-07-26,0.024,1163
96734846,Lumileds Holding BV,1,2022-04-25,125,1,2021-03-08,2022-08-24,0.008,534
426254,Nanofilm Technologies International Ltd.,1,2022-01-27,125,1,2021-08-28,2024-12-14,0.008,1204
29761,St Josephs Institution International Ltd.,1,2021-08-30,125,4,2021-03-05,2024-12-12,0.032,1378
15856775,Institute For Human Resource Professionals Ltd.,1,2022-01-25,125,5,2021-03-10,2024-12-16,0.04,1377
22238638,Pacific International Lines (Pte) Ltd.,1,2023-12-18,125,1,2021-10-23,2024-12-30,0.008,1164
1028739,Barghest Building Performance Pte Ltd.,1,2021-09-28,125,14,2021-03-15,2024-11-27,0.112,1353
96498770,Allen Overy Shearman Sterling LLP (GB),1,2023-02-21,124,2,2021-04-28,2024-12-23,0.016129032258064516,1335
93347446,Ecolab Inc,1,2024-08-28,124,2,2021-04-09,2024-12-19,0.016129032258064516,1350
1116644,"Workday, Inc.",1,2022-11-29,124,1,2021-03-12,2024-11-26,0.008064516129032258,1355
5385308,Oriental Remedies Clinic 源自梁药,1,2021-10-15,124,2,2021-10-15,2024-12-30,0.016129032258064516,1172
22151782,JCDecaux SE,1,2022-04-07,124,4,2021-04-10,2024-10-14,0.03225806451612903,1283
93232634,Icon,1,2022-06-07,124,1,2021-09-02,2024-11-22,0.008064516129032258,1177
46341,Subsea 7 SA,1,2024-02-15,123,3,2021-04-22,2024-12-23,0.024390243902439025,1341
22268566,Advance Intelligence Pte Ltd.,1,2021-09-29,123,3,2021-03-05,2024-11-29,0.024390243902439025,1365
208311,Ocean Network Express Pte. Ltd.,1,2023-07-18,123,3,2021-08-12,2024-12-23,0.024390243902439025,1229
836322,VDL Enabling Technologies Group,1,2024-08-12,123,1,2021-03-18,2024-09-19,0.008130081300813009,1281
7682522,Bifrost Pte Ltd.,1,2022-07-06,123,43,2022-07-06,2024-10-30,0.34959349593495936,847
11414714,Dois Palitos,1,2024-08-06,123,2,2023-09-07,2024-12-28,0.016260162601626018,478
95682759,The Smart Local Pte Ltd.,1,2022-05-30,123,2,2022-01-11,2024-12-04,0.016260162601626018,1058
8314361,ABS Connect Pte Ltd,1,2022-12-28,123,3,2021-10-21,2024-12-04,0.024390243902439025,1140
115139,Brightoil Petroleum (Holdings) Ltd.,1,2024-05-16,123,22,2023-10-06,2024-12-30,0.17886178861788618,451
727773,Vipshop (China) Co. Ltd.,1,2022-05-18,122,1,2022-05-12,2024-12-18,0.00819672131147541,951
6911224,United Language Centre Pte. Ltd.,1,2023-02-13,122,17,2021-03-02,2024-12-24,0.13934426229508196,1393
92774995,TTS Motor Group Pte Ltd.,1,2022-06-29,121,6,2021-10-12,2024-07-22,0.049586776859504134,1014
988858,Fazz Financial Group Pte Ltd.,1,2021-09-29,121,2,2021-09-10,2024-10-22,0.01652892561983471,1138
1024422,Royal Plaza on Scotts,1,2023-01-10,121,11,2021-03-01,2024-11-13,0.09090909090909091,1353
9958995,TecQubes,1,2021-12-11,121,1,2021-12-10,2021-12-11,0.008264462809917356,1
72886,Culina Pte Ltd.,1,2022-02-18,121,1,2021-03-08,2024-12-11,0.008264462809917356,1374
452352,Minmed Group Pte Ltd.,1,2024-12-19,120,1,2021-12-10,2024-12-19,0.008333333333333333,1105
92794355,G.D. Precision (CNC) Ltd.,1,2022-03-16,120,1,2021-03-05,2024-12-27,0.008333333333333333,1393
17498922,Excellence SAS (Réunion Islands),1,2023-08-15,120,4,2023-06-08,2024-12-22,0.03333333333333333,563
772035,Holiday Inn Express & Suites (Tampa) /2 Select Service Hotels/,1,2021-05-28,120,36,2021-05-06,2024-12-13,0.3,1317
3460155,Excellence Singapore Pte Ltd.,1,2023-01-20,120,2,2021-09-15,2024-06-03,0.016666666666666666,992
97675492,WOLA Recruitment,1,2024-02-07,120,3,2023-08-21,2024-12-16,0.025,483
5215770,NEXT LEVEL SG PTE. LTD.,1,2021-03-05,120,1,2021-03-03,2023-06-22,0.008333333333333333,841
931745,MMA Brand Services Pte Ltd.,1,2021-05-05,120,2,2021-04-01,2024-06-05,0.016666666666666666,1161
321116,WorldQuant LLC,1,2021-08-05,119,3,2021-03-24,2024-12-27,0.025210084033613446,1374
931050,Carlton City Hotel (Singapore) Pte Ltd.,1,2022-02-26,119,4,2021-09-22,2024-12-18,0.03361344537815126,1183
22263471,Profoto Digital Services Pte Ltd.,1,2024-08-30,119,1,2021-03-18,2024-12-30,0.008403361344537815,1383
10671015,COMMERZBANK Aktiengesellschaft,1,2022-06-30,119,1,2021-09-01,2024-12-16,0.008403361344537815,1202
1154924,ZOLL Medical Corp.,1,2024-06-19,118,7,2021-03-02,2024-11-06,0.059322033898305086,1345
96212894,Ensure Manpower Consultancy,1,2024-02-01,118,2,2023-06-01,2024-12-16,0.01694915254237288,564
16039939,Nimisski Pte Ltd,1,2023-09-06,118,1,2021-03-03,2024-12-31,0.00847457627118644,1399
22151963,"Sumitomo Warehouse Co., Ltd.",1,2024-03-13,118,1,2021-07-29,2024-11-11,0.00847457627118644,1201
7799772,KeaWorld,1,2022-08-23,118,15,2022-06-30,2024-12-17,0.1271186440677966,901
93243243,HOME-NURSING,1,2022-03-04,118,3,2021-04-22,2024-12-10,0.025423728813559324,1328
1005273,"MongoDB, Inc.",1,2024-03-11,118,7,2021-03-03,2024-12-21,0.059322033898305086,1389
5437649,Pan Pacific Hotel Singapore,1,2022-10-26,118,3,2021-09-05,2024-12-12,0.025423728813559324,1194
22151600,"Mitsui Chemicals, Inc.",1,2024-11-11,118,1,2021-08-07,2024-12-30,0.00847457627118644,1241
894718,Techware Pty Ltd.,1,2024-12-09,117,1,2021-03-03,2024-12-09,0.008547008547008548,1377
1112516,talentsconnect AG,1,2024-05-27,117,2,2024-01-15,2024-12-27,0.017094017094017096,347
1483487,"Cardinal Health, Inc.",1,2021-04-27,117,6,2021-03-03,2024-12-19,0.05128205128205128,1387
21813304,Prestige Media Ltd.,1,2024-04-01,117,1,2023-03-13,2024-12-31,0.008547008547008548,659
23213066,Swissôtel Tbilisi,1,2021-05-04,117,5,2021-03-22,2024-08-21,0.042735042735042736,1248
597777,Liebherr-International Deutschland GmbH,1,2021-11-02,116,4,2021-03-08,2024-12-06,0.034482758620689655,1369
17184959,Quotient Search Pte Ltd.,1,2021-07-06,116,2,2021-03-09,2024-06-28,0.017241379310344827,1207
599578,TTMFS Singapore Pte Ltd.,1,2024-11-01,116,2,2021-03-01,2024-12-27,0.017241379310344827,1397
21041235,Manitowoc Foodservice Cos. LLC,1,2021-08-03,115,5,2021-03-04,2024-12-23,0.043478260869565216,1390
3404333,Esco Aster Pte Ltd.,1,2022-03-23,115,3,2021-03-10,2024-07-24,0.02608695652173913,1232
68621,"BYD Co., Ltd.",1,2024-12-10,115,1,2021-03-22,2024-12-18,0.008695652173913044,1367
523782,Diners Club (Singapore) Pte Ltd.,1,2023-01-27,115,3,2021-09-21,2024-12-24,0.02608695652173913,1190
1446219,FPT Asia Pacific Pte Ltd.,1,2024-07-03,115,1,2021-11-26,2024-08-23,0.008695652173913044,1001
94442918,Decimal Business Solutions Pte Ltd,1,2023-11-17,114,2,2022-07-01,2024-11-20,0.017543859649122806,873
2117316,Asia Association Pte Ltd.,1,2021-05-03,114,1,2021-03-04,2024-12-24,0.008771929824561403,1391
23037631,"Goodman Environmental, Inc",1,2024-01-24,114,1,2021-08-10,2024-12-31,0.008771929824561403,1239
1244705,Lufthansa Technik AG,1,2022-05-10,114,6,2021-03-02,2024-12-23,0.05263157894736842,1392
22177248,Lecca Crédito Financiamento e Investimento SA,1,2022-01-15,114,1,2021-03-19,2024-12-06,0.008771929824561403,1358
101303431,"Black Sesame Technologies, Inc.",1,2023-02-02,113,7,2021-10-19,2024-12-23,0.061946902654867256,1161
1287479,SCI Ecommerce Pte Ltd.,1,2021-08-17,113,36,2021-03-09,2024-07-08,0.3185840707964602,1217
18748439,Styl Solutions Pte Ltd.,1,2024-05-23,113,1,2021-03-05,2024-12-18,0.008849557522123894,1384
96506490,Think One Automobile & Trading Pte Ltd,1,2023-09-20,113,6,2021-03-08,2024-12-27,0.05309734513274336,1390
6893481,Uni Recruit Services Pte Ltd.,1,2021-12-31,113,1,2021-07-01,2024-06-25,0.008849557522123894,1090
6115134,SEMIKO RECRUITMENT & CONSULTANTS PTE LTD,1,2024-08-08,113,1,2021-03-20,2024-12-27,0.008849557522123894,1378
4480934,Keyteo Consulting,1,2023-01-26,113,2,2021-03-11,2023-10-26,0.017699115044247787,959
210803,Sia Huat Pte Ltd.,1,2022-08-11,112,2,2021-07-13,2024-10-04,0.017857142857142856,1179
94934831,CA Indosuez Wealth (Miami),1,2021-04-12,112,45,2021-04-12,2024-12-23,0.4017857142857143,1351
855,Indeco Engineers Pte Ltd.,1,2024-11-25,112,1,2021-02-01,2024-11-27,0.008928571428571428,1395
18074551,Car Choice Singapore,1,2024-05-27,112,1,2022-11-01,2024-12-26,0.008928571428571428,786
93933812,"RMR International, LLC",1,2023-12-13,112,5,2023-01-31,2024-12-22,0.044642857142857144,691
1156290,Talent Focus Recruitment Vic SA Pty Ltd.,1,2022-12-16,112,1,2022-11-28,2024-12-07,0.008928571428571428,740
96303882,Heinemann,1,2023-09-12,111,1,2021-03-31,2024-12-27,0.009009009009009009,1367
881256,"Astreya Partners, Inc.",1,2024-09-11,111,1,2021-03-03,2024-12-10,0.009009009009009009,1378
480847,Qxpress Pte Ltd.,1,2022-05-23,111,2,2021-03-16,2024-12-02,0.018018018018018018,1357
10588,AV MEDIA as,1,2024-07-22,111,2,2021-09-01,2024-12-24,0.018018018018018018,1210
92794145,Butler (Delaware),1,2024-07-01,111,1,2023-02-16,2024-12-13,0.009009009009009009,666
22371001,"Citrix Systems, Inc.",1,2021-10-11,110,1,2021-03-23,2024-01-19,0.00909090909090909,1032
996751,Zionext Pte Ltd.,1,2024-08-11,110,1,2021-03-04,2024-09-03,0.00909090909090909,1279
7509667,"Ingersoll Rand, Inc.",1,2021-08-26,110,8,2021-04-28,2024-12-24,0.07272727272727272,1336
1401406,S&I Systems Pte Ltd.,1,2024-09-10,110,1,2021-03-26,2024-12-27,0.00909090909090909,1372
784827,Assurity Trusted Solutions Pte Ltd.,1,2024-03-05,110,3,2023-09-22,2024-12-26,0.02727272727272727,461
404004,Taurus Firm Pte Ltd.,1,2024-04-21,109,1,2021-03-27,2024-12-18,0.009174311926605505,1362
92892595,The Regent Alpiner,1,2024-04-19,109,1,2021-03-18,2024-12-21,0.009174311926605505,1374
6382674,STARCOM MEDIA WORLDWIDE,1,2023-01-21,109,1,2021-10-19,2023-02-01,0.009174311926605505,470
44717,Fonda Global Engineering Pte Ltd.,1,2021-09-11,109,1,2021-06-07,2024-12-18,0.009174311926605505,1290
93279547,Global Schools,1,2021-06-09,109,1,2021-03-03,2022-01-13,0.009174311926605505,316
99043397,AGPG ASIA PTE LTD,1,2022-07-27,108,19,2021-08-23,2024-12-12,0.17592592592592593,1207
11398787,DNA INFOTECH,1,2021-10-04,108,1,2021-06-07,2024-10-14,0.009259259259259259,1225
67391,Geniebook Pte Ltd.,1,2024-12-18,108,1,2021-03-15,2024-12-20,0.009259259259259259,1376
98625133,Indoguna (Singapore) Pte Ltd.,1,2023-11-24,108,8,2021-07-02,2024-12-10,0.07407407407407407,1257
1462652,Tekishub Consulting Services LLC,1,2022-08-17,108,4,2021-06-01,2024-09-04,0.037037037037037035,1191
1174575,MMD-Monitors & Displays Nederland BV,1,2024-07-25,108,1,2021-03-09,2024-12-31,0.009259259259259259,1393
2957792,The Trustee For Creative Hearts Trust,1,2023-05-08,108,6,2021-04-06,2024-12-05,0.05555555555555555,1339
974599,Livspace Pte Ltd.,1,2022-12-14,108,5,2021-07-12,2024-11-21,0.046296296296296294,1228
824699,Aibel AS,1,2022-05-25,107,13,2021-03-04,2024-11-11,0.12149532710280374,1348
350072,SPD Scientific Pte Ltd.,1,2024-01-23,107,2,2021-10-02,2024-10-17,0.018691588785046728,1111
1259961,InfoFabrica Pte Ltd.,1,2022-03-24,107,2,2021-03-09,2024-10-08,0.018691588785046728,1309
92998650,REVOLUT LTD,1,2024-12-23,107,1,2022-04-12,2024-12-23,0.009345794392523364,986
490840,"Cogent, Inc.",1,2024-05-10,107,2,2021-04-09,2024-12-03,0.018691588785046728,1334
22258901,MANN+HUMMEL GmbH,1,2022-03-18,106,4,2021-03-02,2024-12-12,0.03773584905660377,1381
92954287,SINDA D.O.O.,1,2022-05-05,106,1,2021-03-15,2024-12-14,0.009433962264150943,1370
1756903,Aaqua SA,1,2021-03-17,106,3,2021-03-10,2022-07-04,0.02830188679245283,481
332777,Phoon Huat Pte Ltd.,1,2024-12-30,106,1,2021-12-02,2024-12-30,0.009433962264150943,1124
98508157,Aristos Search,1,2021-04-01,106,3,2021-03-08,2024-08-24,0.02830188679245283,1265
930847,PALO IT SAS,1,2023-04-21,106,7,2021-04-05,2024-12-23,0.0660377358490566,1358
98517875,HONG YE LTD,1,2024-08-29,106,1,2021-10-12,2024-12-31,0.009433962264150943,1176
18612735,Starlight Jewellery Pte Ltd.,1,2024-03-07,106,9,2021-10-14,2024-10-17,0.08490566037735849,1099
110882,Integro Technologies Pte Ltd.,1,2024-07-26,106,1,2021-08-14,2024-11-07,0.009433962264150943,1181
1067862,PaxOcean Group,1,2022-02-22,106,1,2022-01-21,2022-10-13,0.009433962264150943,265
895690,ABR Holdings Ltd.,1,2021-09-29,106,1,2021-03-03,2024-09-23,0.009433962264150943,1300
894508,Hai Di Lao Holdings Pte Ltd.,1,2022-03-11,106,1,2021-03-03,2024-12-20,0.009433962264150943,1388
314198,"Kemin Industries, Inc.",1,2024-05-30,105,2,2021-04-23,2024-12-20,0.01904761904761905,1337
368065,TVS Supply Chain Solutions Ltd.,1,2024-08-05,105,2,2021-10-23,2024-09-12,0.01904761904761905,1055
13882041,It Business Solutions,1,2024-03-08,105,17,2021-07-08,2024-12-30,0.1619047619047619,1271
919119,Trust Bank Plc,1,2024-06-28,105,3,2023-02-12,2024-12-27,0.02857142857142857,684
48510432,Snip Avenue Holdings Pte Ltd.,1,2023-05-30,105,1,2021-03-12,2024-12-12,0.009523809523809525,1371
400495,Web Synergies (S) Pte Ltd.,1,2024-07-10,105,5,2021-03-05,2024-08-24,0.047619047619047616,1268
95116978,Xpressflower.Com Pte Ltd.,1,2021-04-20,104,2,2021-03-02,2024-12-19,0.019230769230769232,1388
95854531,Hua Hng Trading Co. Pte Ltd,1,2023-12-13,104,2,2022-03-22,2024-12-13,0.019230769230769232,997
22142075,British American Tobacco plc,1,2021-04-07,104,11,2021-03-11,2024-12-11,0.10576923076923077,1371
98436213,Hansing Recruitment Pte Ltd,1,2024-09-23,104,1,2023-11-29,2024-12-30,0.009615384615384616,397
558755,Zenyum Pte Ltd.,1,2021-10-19,104,2,2021-03-13,2024-08-22,0.019230769230769232,1258
913627,DSTNCT Pte Ltd.,1,2023-01-10,103,1,2021-05-18,2024-11-21,0.009708737864077669,1283
95450607,House of 28,1,2023-10-17,103,11,2022-07-22,2024-12-11,0.10679611650485436,873
282992,"Digital Realty Trust, Inc.",1,2022-03-30,102,1,2021-03-11,2024-12-10,0.00980392156862745,1370
5051134,MoneySmart Group,1,2021-07-22,101,2,2021-03-09,2024-11-02,0.019801980198019802,1334
21826971,Puma Group,1,2021-04-12,101,7,2021-03-05,2024-12-20,0.06930693069306931,1386
598083,Sealed Air Corp.,1,2021-04-27,101,7,2021-03-12,2024-11-26,0.06930693069306931,1355
93277890,GO Jobs,1,2022-09-29,101,1,2021-07-01,2024-12-24,0.009900990099009901,1272
290549,"MSCI, Inc.",1,2022-12-13,101,4,2021-06-14,2024-12-30,0.039603960396039604,1295
22179661,"Nippon Paint Holdings Co., Ltd.",1,2021-03-22,101,1,2021-03-22,2024-12-03,0.009900990099009901,1352
22150407,Eaton Corp. Plc,1,2022-05-24,100,10,2021-04-21,2024-12-20,0.1,1339
99410429,Nielsen Holdings Ltd.,1,2024-06-12,100,1,2021-03-02,2024-12-23,0.01,1392
7388412,Liberty Wireless LLC,1,2022-01-13,100,5,2021-10-02,2024-06-07,0.05,979
772656,Vizzio Technologies Pte Ltd.,1,2024-08-16,100,1,2022-01-01,2024-12-23,0.01,1087
482417,Acecom Technologies Pte Ltd.,1,2022-03-30,100,9,2021-03-02,2024-11-06,0.09,1345
1451949,H&M Hennes & Mauritz AB,1,2024-03-08,100,3,2021-03-31,2024-12-11,0.03,1351
93139610,Mars Consulting Pte Ltd.,1,2024-12-02,100,2,2021-03-25,2024-12-19,0.02,1365
156187,Ban Leong Technologies Ltd.,1,2022-07-02,100,17,2021-03-10,2024-12-03,0.17,1364
184189,National Heritage Board,1,2023-09-10,100,1,2021-03-22,2024-11-26,0.01,1345
22243742,IMS Corp. Pte Ltd.,1,2024-01-11,99,1,2021-03-25,2024-11-12,0.010101010101010102,1328
940840,Spencer Ogden Ltd.,1,2021-08-13,99,4,2021-04-15,2024-12-19,0.04040404040404041,1344
21014318,Huationg Contractor Pte Ltd.,1,2022-06-25,99,4,2021-03-03,2024-12-26,0.04040404040404041,1394
20948690,"Beam Suntory, Inc.",1,2024-03-06,99,3,2021-03-04,2024-12-31,0.030303030303030304,1398
17799493,Singapore entity iKas International Asia PTE Ltd.,1,2024-08-16,99,2,2023-07-24,2024-10-16,0.020202020202020204,450
1254077,Smith & Nephew plc,1,2022-07-08,99,1,2021-03-02,2024-12-30,0.010101010101010102,1399
548906,Behtar Technology Pvt Ltd.,1,2023-09-25,99,1,2022-05-27,2024-11-29,0.010101010101010102,917
1370469,MOI Global Ltd.,1,2021-03-31,99,4,2021-03-31,2024-10-18,0.04040404040404041,1297
899638,Austen Maritime Services Pte Ltd.,1,2021-07-01,99,1,2021-07-01,2024-11-26,0.010101010101010102,1244
1049684,Alphalab Capital Pte Ltd.,1,2024-07-04,99,2,2021-03-29,2024-12-31,0.020202020202020204,1373
11570819,E-JOB SA,1,2022-08-09,98,3,2021-04-20,2024-11-26,0.030612244897959183,1316
27953,Stolt-Nielsen Ltd.,1,2023-02-03,98,2,2021-03-22,2024-12-30,0.02040816326530612,1379
1096935,ViSenze Pte Ltd.,1,2023-12-04,98,1,2021-01-18,2024-12-11,0.01020408163265306,1423
433379,REC Solar Commercial Corp.,1,2022-11-24,98,5,2021-04-22,2023-11-24,0.05102040816326531,946
1044939,"Mitsui & Co., Ltd.",1,2022-01-13,98,10,2021-04-30,2024-12-18,0.10204081632653061,1328
97352074,MindFlex Education Pte. Ltd.,1,2022-03-25,98,6,2021-10-07,2024-11-18,0.061224489795918366,1138
817287,Halcon Primo Logistics Pte Ltd.,1,2023-01-09,98,2,2022-06-29,2024-11-12,0.02040816326530612,867
1262557,Space Executive Pte Ltd.,1,2023-01-01,97,1,2021-04-01,2024-12-13,0.010309278350515464,1352
950895,Doodle Labs LLC,1,2024-08-08,97,2,2021-03-03,2024-12-18,0.020618556701030927,1386
93035015,Posh Group,1,2022-02-22,97,1,2022-02-08,2023-01-04,0.010309278350515464,330
78095,Anymind,1,2021-04-13,97,2,2021-04-13,2024-12-26,0.020618556701030927,1353
1270153,Micron NV/SA,1,2021-11-05,97,2,2021-06-02,2022-03-31,0.020618556701030927,302
1440312,Hua Cheng Education Centre Pte Ltd.,1,2022-03-22,97,1,2021-03-07,2024-12-31,0.010309278350515464,1395
511139,"Teradyne, Inc.",1,2024-05-07,97,1,2021-03-02,2024-12-04,0.010309278350515464,1373
5487110,Pearl Marine Logistics Pte Ltd.,1,2024-12-27,97,1,2021-04-14,2024-12-27,0.010309278350515464,1353
4154810,Ignition Global Consulting,1,2021-06-03,97,3,2021-03-01,2023-04-04,0.030927835051546393,764
22203377,Dovre NV,1,2021-10-02,97,5,2021-03-26,2024-09-10,0.05154639175257732,1264
97915737,Briohr Sdn Bhd,1,2023-01-26,97,3,2022-10-27,2024-12-19,0.030927835051546393,784
26472512,Ample Solutions Pte Ltd.,1,2023-08-03,97,3,2022-06-07,2024-05-15,0.030927835051546393,708
4159636,iKen Marketing Pte Ltd,1,2021-03-24,96,5,2021-03-24,2024-11-16,0.052083333333333336,1333
1492282,Volvo Information Technology AB,1,2022-03-21,96,4,2021-05-31,2024-12-27,0.041666666666666664,1306
22152252,"Ingrasys Technology, Inc.",1,2021-10-09,96,11,2021-08-13,2024-12-27,0.11458333333333333,1232
1725555,3C RGH - APAC,1,2022-09-06,96,1,2021-03-11,2024-03-08,0.010416666666666666,1093
226332,"Perry Street Software, Inc.",1,2022-02-26,96,1,2022-02-06,2022-04-20,0.010416666666666666,73
658655,Eastern Pacific Shipping Pte Ltd.,1,2021-10-23,96,23,2021-04-27,2024-11-12,0.23958333333333334,1295
144457,Tech Grid Asia Pte Ltd.,1,2024-12-30,96,1,2021-10-07,2024-12-30,0.010416666666666666,1180
358946,BPCE SA,1,2021-04-16,96,48,2021-04-09,2024-05-23,0.5,1140
1366529,Hydroball Technics Sea Pte Ltd.,1,2023-11-03,95,4,2021-03-07,2024-09-06,0.042105263157894736,1279
22152505,"Future Electronics, Inc.",1,2021-03-09,95,7,2021-03-09,2024-10-01,0.07368421052631578,1302
404957,Changi Travel Services Pte Ltd.,1,2022-11-17,95,3,2021-07-30,2024-11-26,0.031578947368421054,1215
430928,Venus Beauty Pte Ltd.,1,2024-11-04,95,1,2021-02-09,2024-12-27,0.010526315789473684,1417
848174,ASML Holding NV,1,2022-12-05,95,2,2021-07-23,2024-12-03,0.021052631578947368,1229
5656497,Prince’s Landscape & Construction Pte Ltd.,1,2024-05-16,95,1,2021-03-12,2024-12-24,0.010526315789473684,1383
766610,Swiss Federal Institute of Technology,1,2023-11-20,95,2,2021-05-04,2024-07-01,0.021052631578947368,1154
1512466,"JCET Group Co., Ltd.",1,2024-09-12,95,1,2021-10-05,2024-12-31,0.010526315789473684,1183
135996,BBC Studios Distribution Ltd.,1,2024-07-11,95,3,2021-03-03,2024-12-17,0.031578947368421054,1385
1464019,Best World International Ltd.,1,2021-07-01,95,2,2021-03-05,2024-11-07,0.021052631578947368,1343
430466,Asia Projects Engineering Pte Ltd.,1,2023-09-06,95,6,2021-07-26,2024-12-19,0.06315789473684211,1242
139154,Open Government Products,1,2024-05-21,95,1,2021-04-19,2024-12-31,0.010526315789473684,1352
22787874,Hotel Indigo Birmingham /Uk/,1,2023-04-11,94,1,2023-02-06,2024-12-20,0.010638297872340425,683
951665,Stryker Corp.,1,2021-05-10,94,6,2021-03-15,2024-12-19,0.06382978723404255,1375
49790560,SEETHO CONTRACTING SERVICES PTE.LTD,1,2022-06-28,94,3,2021-03-30,2024-12-11,0.031914893617021274,1352
49753065,Abbott Nutrition Health Institute,1,2022-07-06,94,2,2022-07-06,2022-11-26,0.02127659574468085,143
5042380,Mohan Management Consultants Pte Ltd.,1,2024-04-15,94,2,2021-03-10,2024-12-01,0.02127659574468085,1362
16799343,Plateable,1,2021-11-10,94,24,2021-03-02,2023-07-10,0.2553191489361702,860
3338479,Embrio Consulting Pte Ltd.,1,2021-03-19,94,4,2021-03-11,2023-01-26,0.0425531914893617,686
1232749,Alfa Laval AB,1,2022-01-05,94,6,2021-03-10,2024-09-24,0.06382978723404255,1294
22145605,Pernod Ricard SA,1,2021-11-02,94,1,2021-05-20,2024-11-21,0.010638297872340425,1281
24619547,Recruiters.ie,1,2024-09-11,93,1,2022-11-25,2024-11-11,0.010752688172043012,717
49566,Leoch Battery Pte Ltd.,1,2023-12-31,93,1,2022-01-19,2024-12-29,0.010752688172043012,1075
766309,MIT Semiconductor Pte Ltd.,1,2021-11-06,93,3,2021-10-04,2024-11-15,0.03225806451612903,1138
3189171,.Zero,1,2022-12-16,93,6,2021-03-04,2024-12-05,0.06451612903225806,1372
22168844,MCI France SAS,1,2021-08-06,93,1,2021-04-23,2024-11-22,0.010752688172043012,1309
3430733,EU Holidays Pte Ltd.,1,2021-10-19,93,2,2021-10-19,2024-12-04,0.021505376344086023,1142
92852274,Vertis,1,2024-10-30,93,4,2022-03-16,2024-12-20,0.043010752688172046,1010
18214561,Simon Consultancy,1,2021-04-01,93,1,2021-03-05,2024-02-06,0.010752688172043012,1068
1467627,Fresenius Medical Care AG,1,2021-07-01,93,2,2021-05-11,2024-11-12,0.021505376344086023,1281
1478370,The Cigna Group,1,2023-09-07,93,1,2021-04-13,2024-12-09,0.010752688172043012,1336
897565,Berneda SA,1,2023-10-03,93,2,2021-09-15,2024-12-17,0.021505376344086023,1189
1077982,Styletheory Pte Ltd.,1,2021-03-12,93,2,2021-03-01,2024-09-26,0.021505376344086023,1305
1056566,PPLingo Pte Ltd.,1,2024-05-14,93,8,2021-03-05,2024-12-05,0.08602150537634409,1371
7672958,The Body Shop International Ltd.,1,2022-06-20,93,2,2021-03-31,2024-11-27,0.021505376344086023,1337
96519265,harrianns pte,1,2024-03-26,92,1,2021-10-11,2024-12-27,0.010869565217391304,1173
999239,"FTI Consulting, Inc.",1,2022-12-07,92,1,2021-03-02,2024-11-01,0.010869565217391304,1340
800492,The Singapore Manufacturing Federation,1,2023-10-17,92,1,2022-06-15,2024-12-20,0.010869565217391304,919
771575,Chan & Chan Engineering Pte Ltd.,1,2021-03-09,92,1,2021-03-03,2024-12-13,0.010869565217391304,1381
95973426,hong an engineering,1,2021-07-02,92,26,2021-07-02,2024-12-24,0.2826086956521739,1271
80642,Timeo-Performance Pte Ltd.,1,2024-04-08,92,1,2021-03-16,2024-04-08,0.010869565217391304,1119
1369147,"SAS Institute, Inc.",1,2024-10-17,92,2,2021-03-11,2024-12-19,0.021739130434782608,1379
3366359,Enggsol,1,2023-07-04,92,1,2022-03-01,2024-04-15,0.010869565217391304,776
1404226,Allmaster Enterprise,1,2021-12-26,91,5,2021-07-16,2024-07-05,0.054945054945054944,1085
861937,Voco GmbH,1,2023-08-11,91,3,2021-07-02,2024-12-04,0.03296703296703297,1251
1026165,Process Electronics Corp.,1,2022-12-28,91,3,2021-03-11,2024-06-28,0.03296703296703297,1205
24732846,HWA International School,1,2024-04-09,91,3,2023-01-10,2024-12-30,0.03296703296703297,720
1321349,Singapore Raffles Music College,1,2023-08-28,91,3,2022-07-06,2024-12-05,0.03296703296703297,883
905967,"Wantedly, Inc.",1,2021-07-15,91,1,2021-04-28,2024-11-11,0.01098901098901099,1293
3287595,Edvox Music School,1,2021-03-16,90,23,2021-03-16,2024-12-27,0.25555555555555554,1382
1646413,Woodlandshealth Pte Ltd.,1,2022-12-06,90,1,2021-08-10,2023-07-17,0.011111111111111112,706
22243082,"Avantor, Inc.",1,2022-02-14,90,8,2021-03-10,2024-12-11,0.08888888888888889,1372
298725,Att Systems Group,1,2023-04-14,90,1,2021-04-28,2024-11-04,0.011111111111111112,1286
3238663,etalent,1,2022-07-12,90,6,2022-07-12,2024-12-31,0.06666666666666667,903
952639,FD Technologies Plc,1,2024-04-19,90,1,2021-12-01,2024-10-29,0.011111111111111112,1063
93305352,FOCAS,1,2023-06-24,90,1,2023-06-20,2024-02-26,0.011111111111111112,251
6558982,Teamlink Marketing Pte Ltd.,1,2023-06-19,90,2,2021-04-15,2024-12-30,0.022222222222222223,1355
494467,Neuron Mobility Pte Ltd.,1,2021-09-14,90,4,2021-03-10,2024-02-23,0.044444444444444446,1080
687808,"Betur, Inc.",1,2024-06-28,89,1,2022-03-27,2024-12-11,0.011235955056179775,990
5349994,One HR Pte Ltd.,1,2022-02-09,89,2,2021-03-12,2024-04-05,0.02247191011235955,1120
1212052,"Qorvo, Inc.",1,2022-08-17,89,3,2021-03-09,2024-11-23,0.033707865168539325,1355
22153035,Tiong Nam Logistics Holdings Bhd.,1,2024-12-10,89,1,2021-03-15,2024-12-10,0.011235955056179775,1366
21286349,COSEM HR Capital & Consultancy,1,2023-12-18,89,2,2021-03-10,2024-08-13,0.02247191011235955,1252
22249066,TMC Academy Pte Ltd.,1,2022-01-12,88,1,2021-09-17,2024-12-13,0.011363636363636364,1183
22230189,MTech Systems USA LLC,1,2024-07-03,88,1,2021-03-31,2024-12-23,0.011363636363636364,1363
875123,Kurihara Kogyo Co. Ltd. (Singapore),1,2021-08-21,88,3,2021-03-22,2024-12-30,0.03409090909090909,1379
246316,Bridgetek Pte Ltd.,1,2022-06-15,88,1,2021-07-15,2024-06-04,0.011363636363636364,1055
578484,Cabot Microelectronics Corp. (Taiwan),1,2021-12-07,88,2,2021-04-12,2024-11-21,0.022727272727272728,1319
332928,Keystone Cable (S) Pte Ltd.,1,2023-06-05,88,2,2021-09-05,2024-12-23,0.022727272727272728,1205
5183393,NET6TEM PTE. LTD.,1,2024-07-10,87,1,2021-10-01,2024-10-18,0.011494252873563218,1113
906508,"Stripe, Inc.",1,2024-07-25,87,1,2024-02-25,2024-12-22,0.011494252873563218,301
510173,"Ivanhoé Cambridge, Inc.",1,2021-04-13,87,4,2021-03-11,2024-10-25,0.04597701149425287,1324
15234511,Julia Gabriel Education Pte Ltd.,1,2024-02-23,87,6,2021-03-12,2024-12-27,0.06896551724137931,1386
5457520,Parkroyal On Beach Rd And The Plaza,1,2023-01-05,87,3,2021-08-03,2024-06-24,0.034482758620689655,1056
1005566,Orchid Country Club,1,2023-12-01,87,1,2021-09-02,2024-09-05,0.011494252873563218,1099
21018662,Genscript Biotech Corp.,1,2024-05-20,87,2,2021-03-02,2024-12-27,0.022988505747126436,1396
24510295,Oxygen Studio Designs,1,2021-11-11,87,1,2021-03-25,2024-12-23,0.011494252873563218,1369
99921183,Aptiv Irish Holdings Ltd.,1,2022-07-06,87,2,2021-04-15,2024-11-27,0.022988505747126436,1322
23994743,Fish International Sourcing House Pte Ltd,1,2024-09-26,86,3,2021-09-25,2024-12-23,0.03488372093023256,1185
15451,Mediaone Business Group Pte Ltd.,1,2024-09-21,86,2,2021-09-10,2024-12-20,0.023255813953488372,1197
119622,Mercedes-Benz Group AG,1,2022-10-20,86,2,2021-12-15,2024-08-01,0.023255813953488372,960
125101,"Intellect, Inc. (California)",1,2023-12-15,86,3,2021-09-10,2024-12-23,0.03488372093023256,1200
354196,Lucence Singapore,1,2021-08-17,86,3,2021-03-23,2024-08-15,0.03488372093023256,1241
316228,Univac Precision Engineering Pte Ltd.,1,2021-10-23,86,4,2021-03-30,2024-06-25,0.046511627906976744,1183
1399571,Netlink Trust,1,2021-09-02,86,2,2021-09-02,2024-10-03,0.023255813953488372,1127
20929698,"CommScope Holding Co., Inc.",1,2022-06-02,86,2,2021-03-26,2024-12-20,0.023255813953488372,1365
6491756,Swee Lee Holdings Pte Ltd.,1,2024-03-28,86,1,2021-03-29,2024-09-20,0.011627906976744186,1271
93361937,DJB,1,2022-04-05,86,1,2021-06-18,2024-11-14,0.011627906976744186,1245
20929890,"CrowdStrike, Inc.",1,2023-02-17,85,4,2021-03-12,2024-12-23,0.047058823529411764,1382
1482983,MLC Holdings Ltd.,1,2024-07-18,85,1,2021-04-08,2024-12-02,0.011764705882352941,1334
7613325,Urban Massage Ltd.,1,2021-12-09,85,3,2021-03-09,2024-12-31,0.03529411764705882,1393
95434801,AT&S AS,1,2024-05-09,85,8,2022-05-06,2024-12-13,0.09411764705882353,952
21710194,Advanced Cable Technologies Inc,1,2022-01-15,85,5,2021-03-10,2024-04-18,0.058823529411764705,1135
99248549,Let's Tok,1,2023-02-08,85,2,2021-03-08,2024-07-23,0.023529411764705882,1233
21226711,Career Story (21226711),1,2024-05-31,85,1,2024-05-31,2024-12-30,0.011764705882352941,213
21035819,Zuellig Pharma Holdings Pte Ltd.,1,2021-09-10,85,11,2021-09-10,2024-11-28,0.12941176470588237,1175
287170,V2Y Pte Ltd.,1,2021-11-04,85,18,2021-08-11,2024-12-03,0.21176470588235294,1210
6349350,SPRING BRAINY KIDZ PTE. LTD.,1,2022-01-17,84,2,2021-09-07,2024-07-15,0.023809523809523808,1042
650102,Marriott Vacations Worldwide Corp.,1,2022-11-15,84,3,2021-05-25,2024-12-11,0.03571428571428571,1296
360370,Cordlife Group Ltd.,1,2022-03-22,84,4,2021-07-02,2024-11-19,0.047619047619047616,1236
95521471,Career Zoom,1,2023-10-20,84,2,2021-08-13,2024-12-13,0.023809523809523808,1218
15508336,Mighty Velo,1,2023-09-20,84,1,2021-03-01,2024-07-19,0.011904761904761904,1236
95849319,Jarrons & Co,1,2021-05-03,84,4,2021-03-17,2024-11-29,0.047619047619047616,1353
93300672,Foxconn Electronics Inc.,1,2021-08-17,84,1,2021-07-14,2024-12-05,0.011904761904761904,1240
694089,"Bell Textron, Inc.",1,2023-08-23,84,3,2021-03-08,2024-12-12,0.03571428571428571,1375
22174916,Menicon Singapore Pte Ltd.,1,2024-02-16,84,5,2021-09-21,2024-12-18,0.05952380952380952,1184
197643,U.S. Navy,1,2024-02-27,84,8,2021-03-03,2024-12-06,0.09523809523809523,1374
5439100,PanCare Medical Clinic,1,2021-07-25,84,1,2021-05-16,2024-12-23,0.011904761904761904,1317
95165471,NJ Works Pte Ltd,1,2022-11-25,83,9,2021-11-06,2024-11-27,0.10843373493975904,1117
14780218,Lakeside Family Services (14780218),1,2021-07-29,83,2,2021-03-24,2024-12-05,0.024096385542168676,1352
799828,Coupang Co. Ltd.,1,2021-04-11,83,4,2021-04-11,2024-12-03,0.04819277108433735,1332
1379363,Barry Callebaut AG,1,2021-08-19,83,8,2021-03-31,2024-11-29,0.0963855421686747,1339
5522042,Pets' Station Holding Pte Ltd,1,2022-08-26,83,5,2021-03-19,2024-12-19,0.060240963855421686,1371
3349054,eV Search,1,2022-08-26,83,4,2021-04-09,2024-12-17,0.04819277108433735,1348
93181695,Kryjas,1,2024-08-08,83,1,2023-02-03,2024-12-20,0.012048192771084338,686
25181387,Divine Foods Ltd.,1,2021-09-03,83,2,2021-03-08,2024-11-08,0.024096385542168676,1341
1434783,Evantage Hr Pte Ltd.,1,2024-10-11,83,3,2022-08-08,2024-12-26,0.03614457831325301,871
1176451,Eng Lee Logistics Pte Ltd.,1,2023-11-27,83,3,2021-10-25,2024-11-02,0.03614457831325301,1104
23690153,Bridged Collective,1,2022-07-02,82,5,2022-03-17,2024-07-21,0.06097560975609756,857
22261374,Vertiv Co.,1,2021-06-01,82,10,2021-04-21,2024-12-27,0.12195121951219512,1346
198743,ReNew Power Pvt Ltd.,1,2023-12-13,82,1,2021-06-07,2024-12-26,0.012195121951219513,1298
480040,International Finance Corp.,1,2024-06-07,82,3,2021-08-23,2024-10-21,0.036585365853658534,1155
22179825,bioMérieux SA,1,2023-01-03,82,1,2021-03-24,2024-05-07,0.012195121951219513,1140
1511246,Validus Capital Pte Ltd.,1,2022-03-16,82,9,2021-09-13,2024-12-17,0.10975609756097561,1191
1051139,PDK SA,1,2024-12-13,82,1,2021-05-07,2024-12-28,0.012195121951219513,1331
21049311,Kpler Holding SA,1,2024-04-02,82,1,2021-03-13,2024-12-20,0.012195121951219513,1378
1168682,Training Vision Institute Pte Ltd.,1,2023-11-22,82,1,2021-03-17,2024-09-26,0.012195121951219513,1289
92812439,Terrascope Pte Ltd.,1,2024-07-23,82,1,2022-06-28,2024-08-02,0.012195121951219513,766
357873,Iron Mountain Singapore Pte Ltd.,1,2022-06-01,82,6,2021-08-11,2024-06-06,0.07317073170731707,1030
583769,Real Estate Analytics Pte Ltd.,1,2023-10-06,81,3,2021-05-18,2024-11-26,0.037037037037037035,1288
92797709,Global Exploration Services Ltd.,1,2021-08-26,81,2,2021-03-13,2024-07-18,0.024691358024691357,1223
975673,"OmniVision Technologies, Inc.",1,2021-05-07,81,2,2021-03-03,2024-12-09,0.024691358024691357,1377
2464325,BRIDGE FOR BUSINESS PTE. LTD.,1,2023-08-15,81,1,2021-07-02,2024-06-03,0.012345679012345678,1067
433138,Vonage Holdings Corp.,1,2023-02-15,81,1,2021-03-12,2024-11-21,0.012345679012345678,1350
22151670,Schindler Lifts (SA) (Pty) Ltd.,1,2022-07-13,81,3,2021-07-01,2024-11-14,0.037037037037037035,1232
96419807,One Seven Consulting,1,2024-06-08,80,1,2024-01-10,2024-12-19,0.0125,344
93020962,PSC Investments,1,2023-10-16,80,2,2021-08-31,2024-11-20,0.025,1177
20952014,Phillip Futures Pte Ltd.,1,2024-10-15,80,1,2021-04-28,2024-12-24,0.0125,1336
9062405,Asleya,1,2023-09-11,80,2,2021-04-19,2024-11-20,0.025,1311
5640355,Premium Catering,1,2022-07-07,80,15,2021-03-17,2024-12-20,0.1875,1374
93341242,Element,1,2024-03-19,80,1,2022-02-09,2024-12-11,0.0125,1036
1071314,Pomelo Fashion Co. Ltd.,1,2022-03-22,80,1,2021-03-08,2024-03-28,0.0125,1116
22182775,Delifrance SA,1,2022-12-12,80,4,2021-09-01,2024-12-26,0.05,1212
5172405,Neferti Pte Ltd.,1,2021-11-02,80,6,2021-09-24,2024-08-28,0.075,1069
111452,Moneyhero Com Hk,1,2024-02-06,80,6,2023-05-26,2024-12-23,0.075,577
1056317,HST Medical Pte Ltd.,1,2023-10-19,80,3,2021-07-22,2024-12-05,0.0375,1232
326277,Ahrefs Pte Ltd.,1,2023-01-27,79,11,2021-03-03,2024-12-14,0.13924050632911392,1382
93975586,K2 Recruit Pte Ltd.,1,2021-07-08,79,4,2021-03-05,2024-11-22,0.05063291139240506,1358
462267,Winson Press Pte Ltd.,1,2022-04-04,79,5,2021-03-02,2024-12-27,0.06329113924050633,1396
97092985,Cubic Corp.,1,2021-11-08,79,1,2021-03-02,2024-11-28,0.012658227848101266,1367
636601,Ud Trucks Singapore Pte Ltd.,1,2022-11-28,79,4,2022-01-12,2024-10-25,0.05063291139240506,1017
6952531,V Group Limited,1,2023-12-12,78,1,2021-03-10,2024-12-19,0.01282051282051282,1380
22255584,Saxo Bank A/S (Broker),1,2023-07-31,78,1,2021-04-18,2024-12-14,0.01282051282051282,1336
1222075,"Glanbia Performance Nutrition, Inc.",1,2022-07-05,78,4,2021-03-12,2024-12-09,0.05128205128205128,1368
95828403,Oishi Manufacturing,1,2024-10-19,78,2,2022-12-29,2024-12-21,0.02564102564102564,723
20927286,Germaxco Shipping Agencies Pte Ltd.,1,2022-08-19,78,4,2021-03-09,2024-12-31,0.05128205128205128,1393
7479,Dragages et TP (Hong-Kong) Ltd.,1,2021-11-10,78,1,2021-04-06,2024-12-04,0.01282051282051282,1338
3521389,FE Consultancy B.V.,1,2021-07-25,78,1,2021-03-13,2024-11-22,0.01282051282051282,1350
338016,Creative Technology Ltd. (united Kingdom),1,2023-07-19,77,3,2021-12-21,2024-07-19,0.03896103896103896,941
377514,Morning Star Community Services,1,2021-09-07,77,4,2021-05-17,2024-12-27,0.05194805194805195,1320
4002939,hexcel solutions pte ltd,1,2021-03-22,77,1,2021-03-04,2024-10-07,0.012987012987012988,1313
1243331,Ban Choon Marketing Pte Ltd.,1,2023-11-08,77,2,2021-10-19,2024-12-09,0.025974025974025976,1147
490548,Jade E-Services Singapore Pte Ltd.,1,2021-05-25,77,1,2021-03-01,2024-12-23,0.012987012987012988,1393
435259,BIPO Service (Singapore) Pte. Ltd.,1,2024-06-06,77,2,2021-04-21,2024-12-04,0.025974025974025976,1323
96680185,BizLink Speedy Pte. Ltd.,1,2024-05-24,77,1,2023-05-09,2024-12-27,0.012987012987012988,598
6237831,Singapore LNG Corp. Pte Ltd.,1,2022-06-19,77,3,2021-04-06,2024-12-26,0.03896103896103896,1360
4442630,Kang Logistics Pte Ltd.,1,2023-02-09,77,3,2021-10-23,2024-12-19,0.03896103896103896,1153
1141269,"Crocs, Inc.",1,2023-08-29,76,9,2021-05-05,2024-12-26,0.11842105263157894,1331
22248773,Davide Campari-Milano NV,1,2023-08-30,76,5,2022-01-06,2024-12-18,0.06578947368421052,1077
12946,"IKANO Communications, Inc.",1,2022-06-15,76,2,2021-07-02,2024-09-07,0.02631578947368421,1163
262497,Float Foods Pte Ltd.,1,2024-03-04,76,1,2021-03-01,2024-07-29,0.013157894736842105,1246
37629,INSEAD,1,2022-01-18,75,5,2021-10-07,2024-12-03,0.06666666666666667,1153
27923601,Mercantile Pacific,1,2024-04-18,75,1,2021-03-02,2024-12-03,0.013333333333333334,1372
2860340,Completion Products Pte Ltd.,1,2022-02-01,75,4,2021-09-05,2024-11-05,0.05333333333333334,1157
2400781,Blue Waves,1,2022-11-18,75,1,2021-04-16,2024-10-01,0.013333333333333334,1264
119748,FNA Group International Pte Ltd.,1,2022-11-28,75,1,2022-01-09,2024-12-27,0.013333333333333334,1083
771479,"IDC Technologies, Inc.",1,2021-03-23,75,1,2021-03-10,2021-05-07,0.013333333333333334,58
2310487,BENG HOCK MECHANICAL ENGINEERING PTE. LTD.,1,2021-03-05,75,8,2021-03-05,2024-06-27,0.10666666666666667,1210
902591,Asian Sealand Offshore & Marine Pte Ltd.,1,2022-06-14,75,4,2021-03-18,2024-12-06,0.05333333333333334,1359
20924821,Delta Electronics Singapore,1,2023-09-08,75,1,2021-10-05,2024-12-04,0.013333333333333334,1156
6987424,VenderMac Distribution Pte Ltd,1,2022-11-02,75,4,2021-03-05,2024-11-25,0.05333333333333334,1361
339482,Gennal Industries Pte Ltd.,1,2024-02-29,75,1,2021-04-09,2024-12-30,0.013333333333333334,1361
92952680,sk jewellery,1,2023-09-19,75,1,2021-07-09,2024-12-30,0.013333333333333334,1270
99967575,CloserStill Media Ltd.,1,2024-01-16,75,17,2021-08-26,2024-07-18,0.22666666666666666,1057
722324,Katoen Natie NV,1,2023-05-15,75,1,2021-02-15,2024-12-27,0.013333333333333334,1411
97157819,Bestfoody,1,2024-12-02,74,1,2022-03-22,2024-12-23,0.013513513513513514,1007
1793395,Acestes Pte Ltd,1,2023-06-24,74,6,2021-03-17,2024-12-18,0.08108108108108109,1372
93329530,Esplanade,1,2023-02-01,74,3,2021-03-04,2024-11-28,0.04054054054054054,1365
5551812,Pinkcube E commerce BV,1,2023-01-05,74,4,2021-11-28,2024-11-18,0.05405405405405406,1086
2797962,CNRS@CREATE,1,2023-02-09,74,3,2021-08-06,2024-12-16,0.04054054054054054,1228
1379075,Duotech SAS,1,2024-05-16,73,3,2021-05-18,2024-12-12,0.0410958904109589,1304
21009649,"Kunlun Tech Co., Ltd.",1,2023-11-14,73,46,2023-07-24,2024-11-21,0.6301369863013698,486
22148628,Crane Worldwide Logistics LLC,1,2023-09-12,73,4,2021-11-23,2024-10-17,0.0547945205479452,1059
553597,Absolute Kinetics Consultancy Pte Ltd.,1,2023-11-30,73,2,2022-03-02,2024-12-20,0.0273972602739726,1024
303910,"Intercontinental Exchange, Inc.",1,2024-07-16,73,2,2021-03-05,2024-12-19,0.0273972602739726,1385
7297885,Autism Association,1,2022-03-16,73,3,2021-03-23,2024-12-10,0.0410958904109589,1358
22182986,C.K. Tang Ltd.,1,2021-08-31,73,7,2021-03-05,2024-12-11,0.0958904109589041,1377
1207382,Temenos AG,1,2021-11-18,73,2,2021-03-16,2024-12-11,0.0273972602739726,1366
801880,Mitsubishi Corp.,1,2024-05-08,73,1,2021-07-29,2024-12-23,0.0136986301369863,1243
273593,ParallelChain Lab,1,2024-01-23,73,4,2023-04-12,2024-11-05,0.0547945205479452,573
852825,TalentSpace GmbH,1,2024-10-17,73,1,2023-08-26,2024-11-14,0.0136986301369863,446
22217901,ON Engineers Pte Ltd.,1,2022-05-09,73,11,2021-08-25,2024-12-17,0.1506849315068493,1210
6481703,Sushi Express Group Pte. Ltd.,1,2023-11-14,73,1,2021-03-08,2024-12-31,0.0136986301369863,1394
22142377,"Coherent, Inc.",1,2021-08-12,73,1,2021-03-17,2024-10-01,0.0136986301369863,1294
198445,Servo Dynamics Pte Ltd.,1,2024-05-16,73,1,2021-06-08,2024-11-28,0.0136986301369863,1269
94353220,Stanford Manpower,1,2023-07-26,73,1,2023-06-07,2024-11-16,0.0136986301369863,528
649386,Société Air France SA,1,2022-09-26,72,2,2021-03-18,2024-11-21,0.027777777777777776,1344
354813,Assetando Real Estate GmbH,1,2022-03-04,72,8,2021-03-16,2023-03-14,0.1111111111111111,728
387660,Destination Maternity Corp.,1,2023-04-05,72,1,2021-03-12,2024-11-25,0.013888888888888888,1354
8119942,Affinity Human Venture LLP,1,2021-05-27,72,12,2021-03-31,2024-04-29,0.16666666666666666,1125
3118662,Dhl Global Forwarding (3118662),1,2021-08-14,72,2,2021-08-14,2021-10-05,0.027777777777777776,52
22254899,Moomoo Financial Singapore Pte Ltd.,1,2024-07-09,72,1,2022-01-28,2024-12-23,0.013888888888888888,1060
99412792,SW Seekers Pte Ltd,1,2022-11-01,72,3,2022-09-07,2024-11-26,0.041666666666666664,811
1246644,International Air Transport Association,1,2024-12-06,72,1,2021-09-01,2024-12-06,0.013888888888888888,1192
568637,Declarators Pte Ltd.,1,2024-11-22,72,1,2021-03-02,2024-11-27,0.013888888888888888,1366
7793383,Natures Farm Pte Ltd.,1,2024-05-10,72,1,2021-11-13,2024-12-27,0.013888888888888888,1140
25124314,Arts Junior Montessori LLP,1,2024-07-24,72,1,2021-03-24,2024-11-07,0.013888888888888888,1324
1402091,Tetra Pak AB,1,2021-06-07,71,3,2021-03-03,2024-08-21,0.04225352112676056,1267
4426611,Jvkm Consultants Pte Ltd.,1,2024-07-10,71,1,2021-07-28,2024-09-17,0.014084507042253521,1147
258393,Megawatts Engineering Services Pte Ltd.,1,2022-03-13,71,18,2022-01-12,2024-12-06,0.2535211267605634,1059
5022648,Mixes From Mars,1,2021-03-10,71,20,2021-03-10,2024-12-27,0.28169014084507044,1388
3779528,Global Hydraulics Ltd,1,2024-09-05,71,1,2021-03-02,2024-12-30,0.014084507042253521,1399
22221231,Era International Network Pte Ltd.,1,2021-06-01,70,1,2021-06-01,2024-12-31,0.014285714285714285,1309
1266369,"Bain & Co., Inc.",1,2021-10-23,70,4,2021-05-07,2024-12-15,0.05714285714285714,1318
8545,Alchemy FoodTech Pte Ltd.,1,2021-03-29,70,1,2021-03-01,2024-10-19,0.014285714285714285,1328
22631647,Porsche Singapore Pte. Ltd.,1,2024-09-12,70,1,2022-06-10,2024-12-02,0.014285714285714285,906
22224662,"Elasticsearch, Inc.",1,2023-09-14,70,2,2021-05-12,2024-12-18,0.02857142857142857,1316
187951,Maha Chemicals (Asia ) Pte Ltd.,1,2021-07-01,70,3,2021-03-09,2024-12-02,0.04285714285714286,1364
4507529,KLARRA,1,2022-07-02,70,3,2021-03-01,2024-12-12,0.04285714285714286,1382
53726397,Think One Leasing,1,2023-09-20,70,5,2023-07-27,2024-12-04,0.07142857142857142,496
92804382,Computer Science Corp.,1,2022-08-25,70,3,2021-04-07,2024-12-03,0.04285714285714286,1336
16831145,Podigy,1,2024-09-18,70,1,2023-12-04,2024-11-05,0.014285714285714285,337
210451,Meiden Singapore Pte Ltd.,1,2022-09-10,69,20,2021-07-01,2024-10-23,0.2898550724637681,1210
98245759,NivaBiz Pte.Ltd.,1,2024-10-11,69,4,2023-05-25,2024-12-11,0.057971014492753624,566
22185349,Plant Electrical Instrumentation Pte Ltd.,1,2021-11-12,69,1,2021-07-01,2024-12-19,0.014492753623188406,1267
18113913,Sheldon Global,1,2021-09-07,69,5,2021-03-22,2024-04-25,0.07246376811594203,1130
1036573,Alexander & Baldwin Investments LLC,1,2022-06-03,69,1,2021-03-01,2022-06-21,0.014492753623188406,477
6695595,THE SWIM STARTER PTE. LTD.,1,2023-01-12,69,3,2021-03-08,2024-12-23,0.043478260869565216,1386
8488615,"THE WRITE EDGE, LTD.",1,2023-09-26,69,1,2021-09-07,2024-11-16,0.014492753623188406,1166
1112079,"PepsiCo, Inc.",1,2022-01-21,69,3,2021-03-24,2024-12-14,0.043478260869565216,1361
17962998,Seagate Singapore International Headquarters Pte. Ltd (Netherlands Branch),1,2023-02-07,69,1,2021-03-02,2024-07-04,0.014492753623188406,1220
849315,CareerBuilder (Singapore) Pte Ltd.,1,2024-08-15,69,3,2021-03-02,2024-12-13,0.043478260869565216,1382
96357017,Manadr Pte Ltd.,1,2023-12-20,68,1,2022-06-24,2024-11-07,0.014705882352941176,867
7265889,Zenith Learning Group Pte Ltd.,1,2024-01-17,68,2,2021-09-20,2024-11-13,0.029411764705882353,1150
1627804,DigiPen Institute of Technology Singapore,1,2022-03-29,68,1,2021-03-12,2024-11-05,0.014705882352941176,1334
1306849,Wildlife Reserves Singapore Pte Ltd.,1,2021-07-12,68,1,2021-03-08,2024-12-20,0.014705882352941176,1383
10910679,Credit Suisse Services,1,2022-08-29,68,1,2021-10-20,2023-02-14,0.014705882352941176,482
1139714,"Tapestry, Inc.",1,2021-03-09,68,11,2021-03-09,2024-10-23,0.16176470588235295,1324
4496585,Kingdom Gourmet,1,2023-08-26,68,1,2021-12-03,2024-12-19,0.014705882352941176,1112
1844294,Aegis Building & Engineering Pte Ltd.,1,2024-01-05,68,3,2022-01-12,2024-12-30,0.04411764705882353,1083
1066592,"BMC Software, Inc.",1,2021-08-23,68,2,2021-03-02,2024-06-25,0.029411764705882353,1211
327600,Yi Hu Fish Farm Trading Pte Ltd.,1,2023-01-26,68,1,2021-10-02,2024-12-10,0.014705882352941176,1165
5476932,Pay2Home Pte Ltd.,1,2021-11-26,68,1,2021-03-11,2024-03-18,0.014705882352941176,1103
230665,Withers KhattarWong LLP,1,2022-01-15,68,5,2021-09-22,2024-12-12,0.07352941176470588,1177
129129,LGA Telecom Pte Ltd.,1,2021-03-09,68,4,2021-03-09,2024-12-24,0.058823529411764705,1386
95234641,Brawn & Brains Coffee,1,2024-09-20,67,1,2021-08-03,2024-12-27,0.014925373134328358,1242
7170639,WINGSOVERASIA PTE. LTD.,1,2023-10-02,67,2,2021-03-31,2024-10-04,0.029850746268656716,1283
14586442,Lantern Recruitment Solutions Pte Ltd,1,2024-08-22,67,1,2021-03-16,2024-11-22,0.014925373134328358,1347
96341532,Bintai Kindenko,1,2021-07-02,67,2,2021-07-02,2023-01-12,0.029850746268656716,559
48499516,Ju Eng Home For Senior Citizens,1,2024-03-14,67,2,2022-01-12,2024-11-11,0.029850746268656716,1034
1250096,East Asia Institute,1,2024-09-30,67,1,2021-05-14,2024-11-20,0.014925373134328358,1286
1255910,Marketnode Pte Ltd.,1,2024-02-27,66,3,2022-01-06,2024-12-19,0.045454545454545456,1078
16598051,Pearly Lustre,1,2024-04-25,66,6,2021-08-17,2024-12-10,0.09090909090909091,1211
1000822,Orient Futures International (Singapore) Pte Ltd.,1,2023-10-04,66,3,2022-03-25,2024-12-27,0.045454545454545456,1008
663773,Compex Systems Pte Ltd.,1,2023-08-17,66,5,2021-03-23,2024-12-04,0.07575757575757576,1352
97081891,AirTrunk Pte Ltd.,1,2023-08-25,66,2,2021-06-28,2024-12-17,0.030303030303030304,1268
93386335,Crown Coffee,1,2023-02-02,65,11,2021-04-21,2024-09-24,0.16923076923076924,1252
500585,"Dataiku, Inc.",1,2023-11-20,65,21,2021-03-23,2024-12-16,0.3230769230769231,1364
19070,AMOREPACIFIC Singapore Pte Ltd.,1,2023-10-04,65,1,2021-07-01,2024-12-17,0.015384615384615385,1265
1270063,"Motorola Solutions, Inc.",1,2021-10-25,65,4,2021-03-15,2024-12-30,0.06153846153846154,1386
98734773,CARSTOM PTE LTD,1,2024-11-26,65,2,2024-01-25,2024-12-09,0.03076923076923077,319
22219567,3SI SAS,1,2024-06-04,65,1,2021-07-12,2024-12-31,0.015384615384615385,1268
25707322,AiChat Pte Ltd.,1,2023-03-15,65,2,2021-03-10,2024-03-04,0.03076923076923077,1090
662191,Globibo Ltd.,1,2024-04-25,65,5,2021-03-03,2024-12-12,0.07692307692307693,1380
239923,"Mondelez International, Inc.",1,2024-05-09,65,1,2021-06-01,2024-12-11,0.015384615384615385,1289
20946536,World Wide Technology LLC,1,2023-02-23,65,2,2021-05-05,2024-12-11,0.03076923076923077,1316
2078552,Arihant Satiate,1,2023-01-30,65,1,2022-09-09,2024-09-05,0.015384615384615385,727
1060501,Netpluz Asia Pte Ltd.,1,2024-03-05,65,6,2021-04-12,2024-07-30,0.09230769230769231,1205
778049,Aicadium Singapore Pte. Ltd.,1,2023-06-06,64,6,2021-09-22,2024-10-29,0.09375,1133
15575233,International Workplace Consulting Pte Ltd.,1,2023-11-01,64,3,2021-05-10,2024-10-25,0.046875,1264
4444752,Kao Singapore Private Limited,1,2023-01-17,64,3,2021-08-12,2024-12-30,0.046875,1236
22152481,Wang Foong Foodstuffs Suppliers Pte Ltd.,1,2022-04-27,64,2,2021-03-05,2024-11-18,0.03125,1354
20931620,Ipsos SA,1,2024-12-30,64,1,2021-03-04,2024-12-30,0.015625,1397
1364670,"Qlik Technologies, Inc.",1,2022-01-13,64,2,2021-03-03,2024-12-20,0.03125,1388
93331111,Embry-Riddle Center for Innovation and Entrepreneurship,1,2021-05-04,64,7,2021-02-26,2024-12-18,0.109375,1391
97123674,Oaks Plus,1,2022-12-06,64,1,2022-06-24,2024-12-13,0.015625,903
94479927,Victoria World Academy Pte Ltd,1,2023-10-25,64,1,2022-05-24,2024-12-04,0.015625,925
21027110,Qualtrics LLC,1,2024-07-12,64,1,2021-03-03,2024-12-20,0.015625,1388
1394588,Team Axis Pte Ltd.,1,2024-10-01,64,1,2021-10-08,2024-10-16,0.015625,1104
2572732,Coordinated Assistance Network,1,2023-12-20,64,3,2022-12-15,2024-12-31,0.046875,747
98685266,One Farrer,1,2022-01-12,64,1,2022-01-12,2024-12-24,0.015625,1077
862995,Finastra Ltd.,1,2024-05-17,64,5,2021-04-05,2024-10-15,0.078125,1289
96327400,Crown Digital (96327400),1,2023-09-04,63,1,2022-01-06,2024-11-14,0.015873015873015872,1043
4004518,HFSE International School,1,2024-04-15,63,3,2021-03-04,2024-12-10,0.047619047619047616,1377
22158349,Protocol National Ltd.,1,2024-07-03,63,3,2021-10-16,2024-12-16,0.047619047619047616,1157
370332,"ResMed, Inc.",1,2024-10-29,63,4,2021-04-05,2024-12-20,0.06349206349206349,1355
93208273,Jacobs International Consultants Pte Ltd,1,2022-08-19,63,2,2021-03-05,2024-06-14,0.031746031746031744,1197
172733,"New Product Integration Solutions, Inc.",1,2024-09-21,63,2,2021-03-03,2024-12-26,0.031746031746031744,1394
92954150,Singapore Brain Development Centre Pte Ltd.,1,2024-09-13,63,5,2021-03-18,2024-12-18,0.07936507936507936,1371
573442,Zebra Technologies Corp.,1,2023-02-01,63,6,2021-03-17,2024-11-27,0.09523809523809523,1351
1026524,Chin Yuan Metal Pte Ltd.,1,2021-04-08,63,1,2021-03-05,2024-12-26,0.015873015873015872,1392
4092547,HUB DISTRIBUTORS SERVICES PTE LTD,1,2024-04-01,63,1,2021-07-29,2024-12-05,0.015873015873015872,1225
7152234,Wholesome Savour Pte Ltd.,1,2021-12-09,63,2,2021-03-02,2024-12-09,0.031746031746031744,1378
287155,"Syneos Health, Inc.",1,2022-01-05,62,4,2021-03-02,2024-12-04,0.06451612903225806,1373
4922988,Meds Technologies Pte Ltd.,1,2024-09-23,62,1,2021-04-09,2024-09-23,0.016129032258064516,1263
1245016,Singapore Recreation Club,1,2021-07-01,62,2,2021-07-01,2024-12-11,0.03225806451612903,1259
6205815,SIMTRUM PTE. LTD.,1,2023-09-06,62,3,2021-07-30,2024-12-17,0.04838709677419355,1236
863843,Celanese Corp.,1,2024-08-02,62,1,2021-06-22,2024-11-21,0.016129032258064516,1248
1092415,VF Corp.,1,2021-05-20,62,1,2021-04-16,2024-12-21,0.016129032258064516,1345
1039543,"BEST, Inc. (China)",1,2024-08-15,62,1,2021-08-06,2024-12-17,0.016129032258064516,1229
659319,Supermom Pte Ltd.,1,2023-01-06,62,8,2021-09-02,2024-12-14,0.12903225806451613,1199
42356138,Bitdeer Technologies Group,1,2024-07-18,62,3,2021-07-27,2024-12-20,0.04838709677419355,1242
783238,Giftano Pte Ltd.,1,2021-10-12,62,10,2021-07-05,2024-12-16,0.16129032258064516,1260
2042029,APOL Singapore Pte Ltd,1,2022-05-27,62,10,2021-05-31,2024-06-20,0.16129032258064516,1116
4866645,Mastereign Group,1,2024-01-10,62,1,2021-03-01,2024-10-16,0.016129032258064516,1325
643096,Limitless Technology Sdn. Bhd.,1,2023-12-22,62,5,2022-04-27,2024-10-08,0.08064516129032258,895
93535043,ahtc,1,2021-08-07,62,5,2021-03-22,2024-07-30,0.08064516129032258,1226
375347,Marex Group Plc,1,2023-04-06,61,1,2021-03-13,2024-12-27,0.01639344262295082,1385
92910883,Talenthunter LLC,1,2021-05-10,61,1,2021-03-15,2023-01-19,0.01639344262295082,675
98111099,SG Sagawa AMEROID Pte Ltd.,1,2023-10-30,61,1,2021-05-14,2024-09-01,0.01639344262295082,1206
93075627,"Odem Portugal, S.A.",1,2024-09-07,61,3,2023-10-20,2024-12-02,0.04918032786885246,409
7173054,Winter Time Pte Ltd.,1,2024-07-05,61,3,2023-04-11,2024-12-10,0.04918032786885246,609
562419,"Energizer Holdings, Inc.",1,2024-05-23,60,1,2021-10-26,2024-10-11,0.016666666666666666,1081
22163622,Tee Yih Jia Food Manufacturing Pte Ltd.,1,2022-10-04,60,1,2021-10-08,2024-12-16,0.016666666666666666,1165
510592,Compagnie de Saint-Gobain SA,1,2022-04-21,60,1,2021-07-23,2024-11-21,0.016666666666666666,1217
316487,Archisen Pte Ltd.,1,2021-04-19,60,1,2021-04-19,2024-08-06,0.016666666666666666,1205
22254010,DuPont (Research),1,2022-03-23,60,1,2021-04-10,2024-12-31,0.016666666666666666,1361
22144569,"NICE Systems, Inc.",1,2024-03-03,60,1,2022-06-01,2024-11-28,0.016666666666666666,911
93292463,GALA FOOD,1,2024-07-02,60,1,2021-09-28,2024-12-06,0.016666666666666666,1165
106033,CAD-IT Consultants (Asia) Pte Ltd.,1,2023-04-25,60,1,2021-03-12,2024-12-10,0.016666666666666666,1369
1827913,Drgl,1,2022-09-15,60,5,2021-03-03,2024-09-18,0.08333333333333333,1295
876608,Novo Nordisk A/S,1,2024-08-16,60,2,2021-06-15,2024-12-24,0.03333333333333333,1288
94204334,CT Smart Home Pte Ltd,1,2024-02-05,60,2,2022-06-20,2024-11-26,0.03333333333333333,890
204866,The Perse School,1,2024-08-26,59,8,2021-03-18,2024-12-04,0.13559322033898305,1357
13468144,Music Delight Pte Ltd.,1,2024-02-02,59,2,2022-01-20,2024-11-17,0.03389830508474576,1032
4050316,HONEST CRAFTERS PTE. LTD.,1,2022-03-22,59,2,2021-08-13,2024-12-22,0.03389830508474576,1227
22269419,Greenpac (S) Pte Ltd.,1,2022-09-10,59,2,2021-03-18,2024-07-08,0.03389830508474576,1208
262677,TSAO Foundation,1,2024-03-11,59,1,2021-05-21,2024-10-08,0.01694915254237288,1236
574900,Perx Technologies Pte Ltd.,1,2021-10-27,59,3,2021-04-22,2024-09-17,0.05084745762711865,1244
1037811,Servicios Fast Collecting Chile Ltda.,1,2022-02-15,59,1,2021-08-17,2024-08-12,0.01694915254237288,1091
1044405,The Wonderful Co. LLC,1,2022-06-13,59,1,2021-10-02,2024-12-30,0.01694915254237288,1185
92930877,STAR LEARNERS,1,2023-08-16,59,2,2021-03-22,2024-12-03,0.03389830508474576,1352
20951869,Santa Fe Relocation Services (S) Pte Ltd.,1,2023-07-14,59,1,2021-09-03,2024-12-24,0.01694915254237288,1208
22151863,Advantech Co. Singapore Pte Ltd.,1,2021-09-15,59,2,2021-03-01,2024-11-19,0.03389830508474576,1359
2805580,Cocoba Chocolate,1,2023-10-16,59,2,2021-07-01,2024-12-17,0.03389830508474576,1265
96228382,Wrist Far East,1,2024-06-21,59,2,2022-01-18,2024-12-05,0.03389830508474576,1052
96197204,Virtuos China Ltd.,1,2022-11-23,59,3,2021-03-02,2024-11-25,0.05084745762711865,1364
22673144,Scale Insights Pte Ltd.,1,2021-05-07,58,6,2021-03-12,2024-12-09,0.10344827586206896,1368
6748615,Tipsy Collective Pte Ltd.,1,2024-05-23,58,2,2021-10-11,2024-12-18,0.034482758620689655,1164
1115594,Benel Singapore Pte Ltd.,1,2023-10-19,58,3,2021-04-07,2024-12-28,0.05172413793103448,1361
1402840,WEC Engineers & Constructors Pte Ltd.,1,2024-03-19,58,1,2021-03-21,2024-06-26,0.017241379310344827,1193
1309352,HarbourVest Partners LLC,1,2023-01-11,58,1,2021-03-30,2024-12-19,0.017241379310344827,1360
669161,"Expedia Group, Inc.",1,2021-04-26,58,2,2021-04-21,2024-12-14,0.034482758620689655,1333
4251290,ISEAS - Yusof Ishak Institute,1,2023-09-30,58,1,2021-03-22,2024-11-26,0.017241379310344827,1345
3166383,DM DASHER SDN. BHD.,1,2023-06-23,58,10,2021-07-21,2024-12-14,0.1724137931034483,1242
23458589,DRW Holdings LLC,1,2022-05-17,58,2,2021-05-11,2024-11-16,0.034482758620689655,1285
22218556,"Diandian Interactive (Beijing) Technology Co., Ltd.",1,2024-06-04,58,1,2021-11-08,2024-12-18,0.017241379310344827,1136
707428,Elfie Pte Ltd.,1,2023-09-27,57,9,2023-07-21,2024-12-21,0.15789473684210525,519
22170664,IFS Capital Ltd.,1,2024-07-12,57,1,2021-09-03,2024-10-24,0.017543859649122806,1147
1690925,Canossaville Children and Community Services,1,2021-07-30,57,1,2021-03-16,2024-11-22,0.017543859649122806,1347
2293694,BEECRUIT PTE. LTD.,1,2024-01-04,57,2,2021-03-05,2024-09-30,0.03508771929824561,1305
859625,Habib Bank Ltd.,1,2023-01-12,57,1,2021-09-07,2024-12-02,0.017543859649122806,1182
26894596,LawNet Technology Services,1,2024-02-28,57,11,2023-04-11,2024-12-09,0.19298245614035087,608
224648,Kiteworks USA LLC,1,2021-09-16,57,1,2021-03-07,2024-12-04,0.017543859649122806,1368
316375,Ultimate Performance Ltd.,1,2024-07-10,57,1,2021-11-04,2024-10-23,0.017543859649122806,1084
7677900,Base Camp Recruitment Pte Ltd. Ea,1,2024-06-25,57,1,2021-06-23,2024-12-17,0.017543859649122806,1273
611982,Hapag-Lloyd AG,1,2024-08-14,56,1,2022-01-09,2024-12-17,0.017857142857142856,1073
21052597,8xpand,1,2022-05-19,56,1,2021-11-10,2023-10-23,0.017857142857142856,712
25705757,F&N Coca Cola Singapore Pte Ltd.,1,2022-04-08,56,1,2021-09-29,2024-12-26,0.017857142857142856,1184
3800397,Goh Joo Hin Pte Ltd.,1,2022-03-19,56,3,2021-10-19,2024-12-11,0.05357142857142857,1149
15552000,MINISTRY OF RECRUITERS PTE. LTD.,1,2024-04-04,56,1,2021-07-01,2024-04-11,0.017857142857142856,1015
573714,Info-Tech Systems Integrators Pte Ltd.,1,2024-06-03,56,1,2021-10-02,2024-08-15,0.017857142857142856,1048
276613,Woopa Travels Pte Ltd.,1,2024-07-26,56,3,2021-09-23,2024-12-10,0.05357142857142857,1174
93491072,"Axiom Memory Solutions, Inc.",1,2021-04-28,56,1,2021-03-11,2024-12-16,0.017857142857142856,1376
4520888,Kohepets,1,2023-10-12,55,4,2021-03-03,2024-10-28,0.07272727272727272,1335
148572,Partipost Pte Ltd.,1,2023-09-27,55,1,2021-05-18,2024-11-26,0.01818181818181818,1288
7866648,Prm Marketing Services Pte Ltd.,1,2023-01-31,55,1,2022-03-22,2024-11-13,0.01818181818181818,967
960013,Redex SA,1,2023-09-11,55,4,2023-01-03,2024-12-20,0.07272727272727272,717
12093681,Eye Recruitment,1,2021-10-22,55,2,2021-03-30,2023-07-22,0.03636363636363636,844
96758212,HelloApp,1,2024-12-19,55,1,2023-04-04,2024-12-19,0.01818181818181818,625
720249,Sing Investments & Finance Ltd.,1,2023-01-16,55,2,2021-11-12,2024-08-20,0.03636363636363636,1012
92919346,SUNS,1,2023-06-12,55,1,2022-10-04,2024-10-16,0.01818181818181818,743
22151299,Aurora Technology BV,1,2023-11-21,55,1,2021-08-13,2024-11-27,0.01818181818181818,1202
192471,Infineum Usa L P,1,2021-05-04,54,1,2021-03-25,2024-10-12,0.018518518518518517,1297
5001837,Minde Group (Recruitment Company),1,2024-06-12,54,1,2022-01-20,2024-06-12,0.018518518518518517,874
20238675,Whiskdom,1,2022-05-04,54,12,2021-07-07,2024-12-11,0.2222222222222222,1253
1236002,"Power Integrations, Inc.",1,2022-12-27,54,1,2021-03-08,2024-03-28,0.018518518518518517,1116
22187519,Power I.T. LLC,1,2022-08-02,54,1,2021-03-01,2023-05-11,0.018518518518518517,801
663534,"Trove Information Technologies, Inc.",1,2023-10-04,54,2,2023-10-04,2024-12-16,0.037037037037037035,439
2209864,AXRAIL PTE. LTD.,1,2024-07-10,54,2,2021-07-15,2024-12-10,0.037037037037037035,1244
539787,"Adrenalin, Inc.",1,2022-04-03,54,1,2021-06-07,2024-10-10,0.018518518518518517,1221
633922,"EPIQ Systems, Inc.",1,2023-11-09,54,1,2021-03-22,2024-12-20,0.018518518518518517,1369
95220506,DE CHENG XIN XING TRADING PTE LTD,1,2022-10-11,54,2,2021-09-11,2024-12-17,0.037037037037037035,1193
343566,Advantest Corp.,1,2022-04-21,54,1,2021-04-07,2024-10-14,0.018518518518518517,1286
93489333,B.T.S,1,2024-08-28,54,1,2021-11-24,2024-08-29,0.018518518518518517,1009
94618298,Ferrari Logistics Singapore Pte Ltd,1,2024-07-02,54,5,2021-12-09,2024-10-07,0.09259259259259259,1033
300360,FMC Corp.,1,2022-04-23,54,1,2021-11-06,2024-06-27,0.018518518518518517,964
7956200,Fieldnotes Singapore,1,2022-05-11,53,4,2021-04-14,2024-12-06,0.07547169811320754,1332
1408224,ICONZ-Webvisions Pte Ltd.,1,2024-06-11,53,1,2021-05-07,2024-12-10,0.018867924528301886,1313
772805,Awin Resource International Pte Ltd.,1,2024-09-13,53,1,2021-04-15,2024-12-31,0.018867924528301886,1356
531827,Wealth Management Institute Ltd.,1,2021-12-02,53,1,2021-03-19,2024-04-29,0.018867924528301886,1137
9938806,BUJA,1,2023-01-04,53,15,2023-01-04,2024-12-07,0.2830188679245283,703
782889,IPOS International,1,2023-09-07,53,4,2021-10-02,2024-12-31,0.07547169811320754,1186
15453561,Ix Technology Private Ltd.,1,2022-03-24,53,4,2021-08-13,2024-11-14,0.07547169811320754,1189
13434803,HR Exchange Pte Ltd,1,2024-11-21,53,1,2023-11-21,2024-11-21,0.018867924528301886,366
97544668,Autobahn Rent-A-Car,1,2024-01-31,53,1,2022-03-23,2024-11-29,0.018867924528301886,982
92793275,Splore (92793275),1,2023-05-19,53,22,2023-02-14,2024-12-20,0.41509433962264153,675
968269,EP-Tec Solutions Pte Ltd.,1,2021-10-14,53,1,2021-04-30,2024-11-19,0.018867924528301886,1299
7037089,Visa Worldwide Pte Ltd ( Singapore Post Center),1,2022-07-06,53,4,2021-10-12,2024-12-19,0.07547169811320754,1164
941029,"FormFactor, Inc.",1,2024-07-25,53,2,2021-03-05,2024-11-23,0.03773584905660377,1359
5621724,Persatuan Pemudi Islam Singapura Ppis,1,2022-06-07,53,3,2021-03-05,2024-12-04,0.05660377358490566,1370
97700527,Big Box International Pvt. Ltd.,1,2024-01-17,53,1,2021-09-21,2024-06-10,0.018867924528301886,993
595241,"Agape, Connecting People Pte Ltd.",1,2023-01-05,53,1,2021-07-14,2024-10-10,0.018867924528301886,1184
150780,Club 21 Pte Ltd.,1,2022-06-03,53,2,2021-03-24,2024-10-11,0.03773584905660377,1297
673428,"Spiralytics, Inc.",1,2024-03-27,53,1,2022-06-22,2024-10-09,0.018867924528301886,840
313059,Shinhan Bank Co. Ltd.,1,2024-02-02,52,1,2021-11-17,2024-12-31,0.019230769230769232,1140
92949521,SmartIMS,1,2024-09-09,52,1,2022-03-17,2024-09-12,0.019230769230769232,910
939738,Levi Strauss & Co.,1,2022-04-05,52,1,2021-03-08,2024-10-28,0.019230769230769232,1330
865092,"Teleflex, Inc.",1,2023-04-11,52,2,2021-04-05,2024-12-31,0.038461538461538464,1366
14854229,Livecommerce Entertainment Pte Ltd.,1,2024-06-02,52,1,2022-02-04,2024-10-10,0.019230769230769232,979
4862940,MASS POWER SERVICES PTE. LTD.,1,2022-08-17,52,2,2022-05-24,2024-09-06,0.038461538461538464,836
170581,Flight Centre Travel Group Ltd.,1,2022-07-19,52,1,2021-04-15,2024-11-20,0.019230769230769232,1315
14583709,lets.pk,1,2023-02-07,52,1,2021-03-19,2023-04-04,0.019230769230769232,746
408858,EFG International AG,1,2023-10-02,52,2,2021-08-11,2024-11-14,0.038461538461538464,1191
877492,Igloocompany Pte Ltd.,1,2022-01-11,52,1,2021-04-06,2024-05-17,0.019230769230769232,1137
1082669,Danfoss A/S,1,2021-05-20,52,4,2021-04-15,2024-06-13,0.07692307692307693,1155
11381533,Dixmondsg,1,2024-11-15,52,4,2024-04-25,2024-12-31,0.07692307692307693,250
1444763,Flex Ltd.,1,2023-02-10,52,1,2021-10-08,2024-12-11,0.019230769230769232,1160
714942,SP Services (UK) Ltd.,1,2024-08-27,52,1,2021-10-19,2024-12-02,0.019230769230769232,1140
3965565,HCS SCIENTIFIC & CHEMICAL PTE. LTD.,1,2024-04-05,51,2,2021-10-19,2024-12-30,0.0392156862745098,1168
585873,Soitec SA,1,2023-04-20,51,2,2022-11-24,2024-12-19,0.0392156862745098,756
1012130,Mothercare Plc,1,2022-05-30,51,6,2021-07-30,2024-08-19,0.11764705882352941,1116
5500643,Former Pi Pty Ltd.,1,2022-09-05,51,4,2021-03-21,2024-01-08,0.0784313725490196,1023
834122,Armour Publishing Pte Ltd.,1,2022-06-09,51,5,2021-09-22,2024-09-23,0.09803921568627451,1097
364048,Freemen Asia Pacific Pte Ltd.,1,2021-07-05,51,2,2021-03-01,2024-12-17,0.0392156862745098,1387
22153596,WS Engineering & Fabrication Pte Ltd.,1,2024-02-06,51,1,2021-03-03,2024-10-15,0.0196078431372549,1322
6738299,Tien Hsia Language School,1,2021-04-27,51,17,2021-03-18,2024-11-30,0.3333333333333333,1353
5619729,PowerPlus (5619729),1,2024-09-20,51,1,2021-08-31,2024-12-30,0.0196078431372549,1217
9069123,AspenHealth Singapore,1,2024-04-16,51,2,2021-07-29,2024-12-17,0.0392156862745098,1237
621218,Trakomatic Pte Ltd.,1,2024-02-23,51,1,2021-08-23,2024-12-04,0.0196078431372549,1199
5293503,Nuway CFR Pte Ltd.,1,2023-12-26,51,1,2021-07-29,2024-10-24,0.0196078431372549,1183
20921455,"Verizon Communications, Inc.",1,2023-11-28,51,6,2021-03-11,2024-07-27,0.11764705882352941,1234
909363,"CAE, Inc.",1,2023-01-06,51,4,2021-12-02,2024-12-23,0.0784313725490196,1117
95077588,Dr. Ora,1,2023-12-12,51,4,2022-08-13,2024-12-20,0.0784313725490196,860
4834569,"Marbles Kids Talent, Inc. & Lincoln Talent",1,2022-11-08,51,1,2021-04-16,2024-10-07,0.0196078431372549,1270
932055,Teads SA,1,2022-01-19,51,1,2021-03-05,2024-10-30,0.0196078431372549,1335
1927590,Algas Engineering Pte Ltd,1,2024-05-15,51,1,2021-12-21,2024-12-31,0.0196078431372549,1106
22151754,Getinge AB,1,2023-11-07,51,3,2021-03-29,2024-12-21,0.058823529411764705,1363
94551644,"GnA Engineering, PC.",1,2021-09-06,51,1,2021-03-05,2024-12-24,0.0196078431372549,1390
902318,Egis SA,1,2024-08-16,51,1,2022-03-24,2024-12-13,0.0196078431372549,995
6474754,THE SUPPLY ADVISORY PTE. LTD.,1,2023-04-24,50,2,2022-01-18,2024-11-25,0.04,1042
22142030,AIG APAC Holdings Pte Ltd.,1,2022-01-11,50,4,2021-09-22,2024-08-02,0.08,1045
851983,Capital Preferences Ltd.,1,2022-01-06,50,4,2021-09-30,2023-09-12,0.08,712
93136624,Matsushita Avionics,1,2022-04-28,50,3,2021-08-07,2024-06-30,0.06,1058
1919646,Alcotech Group,1,2022-07-06,50,12,2021-03-25,2024-10-18,0.24,1303
90582662,"Videojet Technologies, Inc.",1,2023-05-29,50,2,2021-05-10,2024-12-25,0.04,1325
92790032,"Beijing Pensees Technology Co., Ltd.",1,2024-02-19,50,2,2021-03-23,2024-06-20,0.04,1185
1693970,SagePaths Global Education,1,2021-04-30,50,11,2021-03-24,2024-12-30,0.22,1377
1058132,A-Speed Infotech Pte Ltd.,1,2021-11-02,50,1,2021-03-05,2024-07-09,0.02,1222
41875,Rightship Pty Ltd.,1,2024-07-22,50,1,2021-12-21,2024-12-13,0.02,1088
21022660,"Tenable Holdings, Inc.",1,2024-02-16,50,1,2021-03-10,2024-09-12,0.02,1282
23360198,Talent Ace Pte Ltd,1,2023-12-09,50,2,2022-03-04,2024-12-17,0.04,1019
12999301,Oceanus,1,2024-03-06,50,3,2021-12-24,2024-12-02,0.06,1074
3718241,Genetic Design & Manufacturing Corp.,1,2022-05-12,50,1,2022-03-18,2024-04-30,0.02,774
810511,Education Personnel Ltd.,1,2024-02-29,50,3,2022-02-26,2024-11-19,0.06,997
99263607,OMS Oilfield Services Pte Ltd.,1,2024-09-01,50,1,2021-08-28,2024-12-19,0.02,1209
20954281,Criteo SA,1,2021-10-19,50,1,2021-03-30,2024-12-17,0.02,1358
48840,CKD Singapore Pte Ltd.,1,2021-03-18,50,5,2021-03-18,2024-09-11,0.1,1273
1083567,"Biomed Diagnostics, Inc.",1,2024-01-15,50,1,2022-01-17,2024-12-10,0.02,1058
354286,Easmed Pte Ltd.,1,2024-03-01,50,2,2021-10-13,2024-12-26,0.04,1170
155853,Sumitomo Bakelite Singapore Pte Ltd.,1,2024-01-03,50,6,2021-10-04,2024-12-09,0.12,1162
660057,Sandvik Aktiebolag,1,2023-12-16,49,1,2021-12-10,2024-11-04,0.02040816326530612,1060
149153,Asian Infrastructure Investment Bank,1,2022-12-15,49,1,2022-12-14,2024-12-17,0.02040816326530612,734
6442551,STX Service Singapore,1,2022-09-18,49,1,2021-06-06,2024-12-02,0.02040816326530612,1275
22149315,Spotify Technology SA,1,2022-03-31,49,1,2021-03-02,2024-12-18,0.02040816326530612,1387
885031,"Netvirta, Inc.",1,2024-02-29,49,5,2021-03-29,2024-10-26,0.10204081632653061,1307
21012367,Spaceship Financial Services Pty Ltd.,1,2023-02-01,49,9,2021-03-04,2024-10-14,0.1836734693877551,1320
92866909,UGS,1,2023-05-02,49,4,2022-12-20,2023-10-27,0.08163265306122448,311
22252857,Caltek Srl,1,2024-11-15,49,1,2022-03-31,2024-11-20,0.02040816326530612,965
537097,X0PA AI Pte Ltd.,1,2023-03-13,49,1,2021-09-25,2024-11-16,0.02040816326530612,1148
1041285,Oilfield Services & Supplies Pte Ltd.,1,2023-10-30,49,1,2021-06-18,2024-10-21,0.02040816326530612,1221
24257989,Kosme Aesthetics,1,2024-02-16,49,2,2021-09-10,2024-11-14,0.04081632653061224,1161
93663453,One Search Consulting Pte Ltd.,1,2022-01-21,49,4,2021-11-19,2024-12-04,0.08163265306122448,1111
93716675,HireHub,1,2024-03-05,49,1,2024-02-23,2024-11-13,0.02040816326530612,264
1056650,Hysses,1,2021-11-15,49,2,2021-03-23,2024-12-23,0.04081632653061224,1371
22154824,"Computhink, Inc.",1,2023-03-06,49,14,2021-03-17,2024-12-02,0.2857142857142857,1356
14668765,LeaderImpact - Singapore,1,2024-08-21,48,1,2022-06-28,2024-08-21,0.020833333333333332,785
817588,Blackpanda Pte Ltd.,1,2022-09-27,48,15,2022-08-14,2024-12-30,0.3125,869
22168568,Grupo General Cable Sistemas SL,1,2024-05-07,48,2,2021-04-09,2024-12-05,0.041666666666666664,1336
1161988,Pundi X Labs Pte Ltd.,1,2024-08-05,48,1,2021-04-05,2024-08-07,0.020833333333333332,1220
94023739,FUTURUM ACADEMY SINGAPORE,1,2023-06-11,48,7,2023-03-29,2024-12-02,0.14583333333333334,614
122896,Fortive Corp.,1,2021-05-06,48,4,2021-03-15,2024-12-27,0.08333333333333333,1383
544796,Raffles College of Higher Education Sdn. Bhd.,1,2021-03-08,48,3,2021-03-08,2024-10-08,0.0625,1310
22083369,Wah Son Engineering Pte Ltd.,1,2024-03-21,48,1,2021-09-14,2024-07-29,0.020833333333333332,1049
718787,"Bridgestone Americas, Inc.",1,2024-04-25,48,1,2021-10-22,2024-12-16,0.020833333333333332,1151
1186824,"Gilead Sciences, Inc.",1,2022-02-07,48,4,2021-07-05,2024-12-24,0.08333333333333333,1268
359929,"LiquiDx, Inc. (New York)",1,2023-08-16,48,5,2021-07-22,2024-06-21,0.10416666666666667,1065
1027305,BioNTech R&D (Austria) GmbH,1,2023-11-21,48,1,2022-01-28,2024-10-11,0.020833333333333332,987
1164030,Cynapse India Pvt Ltd.,1,2024-06-28,47,16,2022-07-21,2024-12-18,0.3404255319148936,881
22053197,UNITED FMO,1,2023-12-13,47,2,2021-04-15,2024-12-27,0.0425531914893617,1352
22148504,1-Net Singapore Pte Ltd.,1,2022-09-18,47,9,2021-08-05,2024-12-10,0.19148936170212766,1223
1133366,"10X Genomics, Inc.",1,2021-05-27,47,4,2021-03-19,2024-12-13,0.0851063829787234,1365
22151419,Angel,1,2023-09-11,47,1,2021-07-01,2024-10-17,0.02127659574468085,1204
761691,Racer Technology Pte Ltd.,1,2021-03-30,47,4,2021-03-30,2024-12-26,0.0851063829787234,1367
2908189,Cooking Art,1,2023-04-24,47,5,2021-03-05,2024-12-31,0.10638297872340426,1397
24069404,OnTheList Ltd,1,2023-02-15,47,1,2021-03-04,2024-12-23,0.02127659574468085,1390
7252652,Yummi House Pte Ltd.,1,2021-12-16,47,2,2021-03-11,2024-10-17,0.0425531914893617,1316
1996445,"Amity Global Institute,Singapore",1,2024-03-01,47,2,2022-07-04,2024-12-04,0.0425531914893617,884
19707768,UMILIFE Media & Technology Inc,1,2024-06-03,47,13,2024-06-03,2024-12-30,0.2765957446808511,210
1492865,Fragrance Foodstuff Pte Ltd.,1,2021-03-03,47,1,2021-03-03,2024-12-11,0.02127659574468085,1379
486105,Limitless LLC,1,2024-02-26,47,1,2021-03-19,2024-12-11,0.02127659574468085,1363
6167613,SHINYUU COLD CHAIN SOLUTIONS PTE. LTD.,1,2022-08-05,47,40,2022-08-05,2024-02-21,0.851063829787234,565
1158271,"Matterport, Inc.",1,2021-11-05,46,3,2021-03-16,2024-11-02,0.06521739130434782,1327
93365965,Digital Disruption,1,2024-08-06,46,1,2024-01-12,2024-12-03,0.021739130434782608,326
3625305,Fotohub,1,2021-04-15,46,4,2021-04-15,2024-12-05,0.08695652173913043,1330
5216229,Nextsoft | Elinext Alliance,1,2024-10-10,46,1,2021-07-30,2024-12-19,0.021739130434782608,1238
22227956,Boustead International Heaters Ltd.,1,2024-04-12,46,1,2023-01-03,2024-11-04,0.021739130434782608,671
18283612,Skyline Business Consulting,1,2023-11-23,46,1,2021-09-15,2024-11-22,0.021739130434782608,1164
19655031,Hock Tong Bee Pte Ltd.,1,2022-01-04,46,1,2021-08-18,2024-12-27,0.021739130434782608,1227
211744,KMP AG,1,2022-05-11,46,1,2021-09-02,2024-11-28,0.021739130434782608,1183
1037488,Raku Co. Ltd.,1,2022-01-19,46,1,2021-03-29,2024-12-06,0.021739130434782608,1348
521691,arvato AG,1,2022-03-28,46,4,2021-04-23,2024-11-25,0.08695652173913043,1312
438046,Lotte Confectionery (S.E.A.) Pte Ltd.,1,2023-01-05,46,1,2021-07-24,2024-11-07,0.021739130434782608,1202
95782578,Eagle Services Asia Pvt Ltd.,1,2024-02-08,46,1,2022-08-22,2024-11-04,0.021739130434782608,805
96757500,Hypergai Pte Ltd.,1,2023-09-02,46,43,2023-09-02,2024-07-30,0.9347826086956522,332
92948313,smrt,1,2024-06-16,46,1,2024-05-25,2024-09-19,0.021739130434782608,117
173842,Infogain Corp.,1,2021-07-16,46,2,2021-04-09,2024-05-06,0.043478260869565216,1123
94572285,"Wiz, Inc. (IL)",1,2024-04-03,46,2,2021-04-16,2024-08-20,0.043478260869565216,1222
1693675,MANEUVER MARKETING PTE. LTD.,1,2021-03-03,46,7,2021-03-03,2024-12-14,0.15217391304347827,1382
16265752,Olivers & Partners Pte Ltd,1,2022-07-12,46,2,2022-07-08,2024-12-13,0.043478260869565216,889
93408,Singapore Turf Club,1,2023-01-15,46,1,2021-08-14,2024-09-24,0.021739130434782608,1137
20072069,Vsmart Technologies Pvt Ltd,1,2024-05-24,46,4,2021-04-27,2024-12-31,0.08695652173913043,1344
1008117,NCR Voyix Corp.,1,2023-05-01,46,1,2021-04-05,2024-07-25,0.021739130434782608,1207
146916,Aggreko Ltd.,1,2022-01-06,46,5,2022-01-06,2024-10-01,0.10869565217391304,999
22188433,Egon Oldendorff GmbH & Co. KG,1,2024-11-13,46,2,2022-01-21,2024-12-09,0.043478260869565216,1053
996721,Modern Link Pte Ltd.,1,2024-03-08,45,1,2021-10-19,2024-12-11,0.022222222222222223,1149
222462,"Chrysalis, Inc.",1,2021-07-29,45,1,2021-07-29,2024-11-12,0.022222222222222223,1202
21037151,Aesop UK Ltd.,1,2021-09-10,45,1,2021-07-07,2024-10-22,0.022222222222222223,1203
774534,RushOwl Singapore Pte Ltd.,1,2024-01-15,45,14,2021-08-10,2024-12-10,0.3111111111111111,1218
19176398,"Aardvark Medical, Inc.",1,2024-12-11,45,1,2021-05-07,2024-12-11,0.022222222222222223,1314
16541,Jebsen & Jessen (SEA) Pte Ltd.,1,2022-11-07,45,3,2021-09-15,2024-12-17,0.06666666666666667,1189
19658333,CAMERON,1,2022-05-17,45,1,2021-11-13,2024-07-08,0.022222222222222223,968
4226916,inlingua Cheltenham School of Languages,1,2024-02-05,45,3,2021-03-01,2024-11-14,0.06666666666666667,1354
176235,Tookitaki Holding Pte Ltd.,1,2024-03-28,45,1,2021-05-21,2024-06-29,0.022222222222222223,1135
7384154,Cru (Florida),1,2022-09-12,45,1,2021-11-23,2024-11-11,0.022222222222222223,1084
299456,Tiong Woon Corp. Holding Ltd.,1,2022-09-27,45,2,2021-09-01,2024-09-23,0.044444444444444446,1118
22246065,IDEMIA France SAS,1,2023-03-15,45,1,2021-10-08,2024-12-19,0.022222222222222223,1168
26574116,BioSyngen Pte Ltd.,1,2024-10-09,45,2,2021-07-21,2024-11-27,0.044444444444444446,1225
1210491,BHG (Singapore) Pte Ltd.,1,2022-01-21,45,1,2021-07-14,2023-11-10,0.022222222222222223,849
7429968,"Milestone Technologies, Inc. (California)",1,2024-06-03,45,2,2021-04-01,2024-12-06,0.044444444444444446,1345
8513275,Agora Colearning,1,2022-09-20,45,3,2022-03-29,2024-12-19,0.06666666666666667,996
5560950,Pixel Automation Pte Ltd.,1,2022-07-12,44,2,2021-09-10,2024-12-31,0.045454545454545456,1208
882078,"Infor, Inc.",1,2021-03-03,44,25,2021-03-03,2024-11-19,0.5681818181818182,1357
15872773,Nas-tec srl,1,2022-11-08,44,10,2022-11-08,2024-12-12,0.22727272727272727,765
1492305,Miraco Nutripharm Pte Ltd.,1,2023-07-28,44,5,2021-08-13,2024-12-06,0.11363636363636363,1211
4498671,Kingston Medical Clinic,1,2024-05-01,44,5,2021-04-17,2024-11-29,0.11363636363636363,1322
32867,Red Dot Analytics Pte Ltd.,1,2021-03-02,44,2,2021-03-02,2024-12-06,0.045454545454545456,1375
946155,Optiver Holding BV,1,2024-12-06,44,2,2022-05-06,2024-12-10,0.045454545454545456,949
16625652,People Lab Srl,1,2023-02-13,44,3,2021-10-07,2024-07-26,0.06818181818181818,1023
22182524,South Pole Suisse SA,1,2023-08-21,44,1,2021-03-16,2024-10-30,0.022727272727272728,1324
2158827,"Shanghai Daiao Talent Information Consulting Co., Ltd",1,2023-10-18,44,1,2023-09-14,2024-12-11,0.022727272727272728,454
97720661,Ming Deng Metrology Services Pte Ltd,1,2023-05-05,44,3,2021-03-08,2024-07-18,0.06818181818181818,1228
1136521,Storbest-SSHK Cold Logistics Pte Ltd.,1,2023-02-07,44,1,2021-09-23,2024-11-28,0.022727272727272728,1162
93286136,Gensler Inc.,1,2022-04-04,44,1,2021-03-19,2023-04-04,0.022727272727272728,746
279050,So Drama! Entertainment,1,2023-09-08,44,6,2021-03-18,2024-12-13,0.13636363636363635,1366
22215509,Leong Hup Food Pte Ltd.,1,2022-03-28,44,3,2021-07-02,2024-12-20,0.06818181818181818,1267
1324180,Yeo Eng Koon (S) Pte Ltd.,1,2021-11-06,44,1,2021-07-01,2024-12-06,0.022727272727272728,1254
38955,Newpower Worldwide LLC,1,2022-04-07,43,5,2021-03-01,2024-12-16,0.11627906976744186,1386
387557,Ackcio Pte Ltd.,1,2023-09-05,43,3,2021-06-10,2024-12-23,0.06976744186046512,1292
22253513,The Dow Chemical Co.,1,2021-07-07,43,3,2021-03-03,2024-11-01,0.06976744186046512,1339
483905,Lab Ariad S.L.,1,2024-03-12,43,2,2024-03-12,2024-06-13,0.046511627906976744,93
22246735,HERE Global BV,1,2021-10-21,43,2,2021-03-06,2024-04-14,0.046511627906976744,1135
223001,"Mettler-Toledo International, Inc.",1,2022-03-24,43,8,2022-03-22,2024-11-11,0.18604651162790697,965
48496627,Asis Technologies Pte Ltd.,1,2022-01-19,43,5,2021-10-19,2024-12-31,0.11627906976744186,1169
5828025,Recruitment Hub Asia Pte. Ltd.,1,2021-07-26,43,1,2021-03-18,2023-03-16,0.023255813953488372,728
4039252,Holland International School,1,2024-04-01,43,4,2022-07-12,2024-11-20,0.09302325581395349,862
101193324,Freight Mark Logistics (S) Pte Ltd,1,2024-03-18,43,1,2022-02-04,2024-11-22,0.023255813953488372,1022
580400,Financial Times Group Ltd.,1,2021-10-08,43,1,2021-04-20,2024-07-29,0.023255813953488372,1196
1422970,Ssw Logistics Pte Ltd.,1,2022-06-13,43,1,2021-10-08,2024-11-05,0.023255813953488372,1124
11011739,Consultoria y Comunicaciones de Navarra SL,1,2023-10-04,43,9,2021-03-22,2024-12-06,0.20930232558139536,1355
1264405,"Michelman, Inc.",1,2022-01-10,43,5,2021-04-02,2024-08-13,0.11627906976744186,1229
1064167,CrescoData,1,2023-03-20,43,1,2021-03-02,2024-11-27,0.023255813953488372,1366
5279667,"NPS International School, Singapore",1,2022-01-09,43,1,2021-03-24,2024-12-02,0.023255813953488372,1349
94113153,Powen Engineering Pte Ltd,1,2021-04-12,43,2,2021-03-24,2024-12-20,0.046511627906976744,1367
93152544,Lumina Live Pte Ltd.,1,2021-10-07,43,3,2021-03-22,2024-11-26,0.06976744186046512,1345
5108959,In2 Marketing & Consulting Sdn Bhd.,1,2022-07-29,43,1,2021-10-08,2024-12-29,0.023255813953488372,1178
8115713,TALENTSOURCE CONSULTING PTE. LTD,1,2021-06-02,42,1,2021-03-03,2024-07-30,0.023809523809523808,1245
9619542,Birmingham Academy Pte Ltd,1,2022-03-22,42,5,2022-03-22,2024-12-30,0.11904761904761904,1014
1056271,Beyondsoft Corp.,1,2022-03-31,42,1,2021-06-06,2024-10-02,0.023809523809523808,1214
582288,Aries Fresh Pte Ltd.,1,2023-09-19,42,7,2021-07-03,2024-12-30,0.16666666666666666,1276
11559739,Dynamics International School Pte Ltd.,1,2024-05-20,42,1,2021-11-28,2024-12-05,0.023809523809523808,1103
22143658,"Sanz, Inc.",1,2021-06-06,42,1,2021-03-03,2024-11-21,0.023809523809523808,1359
93814499,100x Studio CO LTD,1,2021-08-10,42,1,2021-03-05,2021-08-10,0.023809523809523808,158
1370,"Pinterest, Inc.",1,2024-09-18,42,1,2021-07-06,2024-12-23,0.023809523809523808,1266
100108032,Uwing International School,1,2024-08-22,42,3,2021-01-04,2024-11-19,0.07142857142857142,1415
22197658,Como Automobiles SAS,1,2023-10-05,42,1,2022-09-28,2024-12-27,0.023809523809523808,821
15972748,New Future AB,1,2023-08-18,42,1,2021-12-10,2024-02-07,0.023809523809523808,789
922080,Quilt AI Pte Ltd.,1,2024-04-01,42,4,2021-07-29,2024-07-29,0.09523809523809523,1096
93029582,Presto Studios,1,2023-09-20,42,15,2021-04-21,2024-12-05,0.35714285714285715,1324
1463183,Thegreyspace Co.,1,2023-11-13,42,1,2022-03-29,2024-10-14,0.023809523809523808,930
293784,Mastereign Enrichment Pte Ltd.,1,2024-03-04,42,3,2023-11-08,2024-12-08,0.07142857142857142,396
440328,"Ajinomoto Health & Nutrition North America, Inc.",1,2021-12-30,41,8,2021-08-05,2024-11-16,0.1951219512195122,1199
4961557,Metro Rail Engineering Services Pte Ltd,1,2022-11-17,41,9,2022-01-12,2024-11-25,0.21951219512195122,1048
187560,Truegenics Pte Ltd.,1,2023-10-13,41,4,2021-03-12,2024-05-21,0.0975609756097561,1166
275073,Red Dot Payment Pte Ltd.,1,2024-10-30,41,1,2021-06-11,2024-12-20,0.024390243902439025,1288
2890342,Construct Digital,1,2024-11-18,41,1,2021-03-03,2024-12-24,0.024390243902439025,1392
22227744,MoneyMax Financial Services Ltd.,1,2024-05-14,41,3,2021-07-02,2024-11-11,0.07317073170731707,1228
98306421,RevUp Proservices Pte Ltd,1,2024-10-15,41,2,2024-08-01,2024-12-27,0.04878048780487805,148
3759769,Gig International School,1,2024-05-21,41,2,2021-03-10,2024-12-21,0.04878048780487805,1382
171559,Singapore Institute of Legal Education,1,2023-02-15,41,1,2021-03-10,2024-11-06,0.024390243902439025,1337
4195801,Index Cool Marine & Industry,1,2024-11-19,41,1,2022-03-23,2024-11-21,0.024390243902439025,974
100576486,TGP Living Collection Sdn Bhd,1,2021-11-29,41,2,2021-03-26,2024-12-26,0.04878048780487805,1371
22242540,RCS Engineering Pte Ltd.,1,2024-05-03,41,3,2021-03-08,2024-09-19,0.07317073170731707,1291
1016924,"8x8, Inc.",1,2024-10-10,41,1,2021-06-24,2024-12-18,0.024390243902439025,1273
1233193,Yeakin Plastic Industry Pte Ltd.,1,2023-06-09,41,3,2021-03-23,2024-12-13,0.07317073170731707,1361
290421,Kpay Merchant Service Ltd.,1,2023-09-26,41,1,2022-05-07,2024-08-16,0.024390243902439025,832
2104916,Siena Health Pte Ltd.,1,2024-07-18,41,3,2022-05-19,2024-10-16,0.07317073170731707,881
23285926,RiskInsight Consulting Pvt Ltd.,1,2024-12-09,41,1,2024-09-19,2024-12-19,0.024390243902439025,91
22175443,KTL Offshore Pte Ltd.,1,2021-10-20,41,1,2021-09-11,2024-02-26,0.024390243902439025,898
7916558,"Team Logistics, Inc.",1,2024-11-08,41,1,2023-07-19,2024-11-22,0.024390243902439025,492
2173208,AURORA TALENT PTE. LTD.,1,2022-12-12,40,2,2021-11-16,2024-04-24,0.05,890
614457,GE Renewable Energy,1,2021-06-07,40,4,2021-03-09,2024-01-23,0.1,1050
1367516,Chemical Industries Far East Ltd.,1,2021-04-20,40,2,2021-03-12,2024-11-05,0.05,1334
10235284,CbM Solutions Sdn. Bhd.,1,2021-04-12,40,1,2021-04-12,2022-10-17,0.025,553
659936,Guava Holdings Pte Ltd.,1,2023-11-11,40,2,2021-09-24,2024-12-28,0.05,1191
770049,"Workiva, Inc.",1,2024-03-07,40,2,2021-03-01,2024-12-12,0.05,1382
94908997,Kleos Recruitment,1,2024-08-19,40,1,2024-04-25,2024-11-26,0.025,215
395783,Latham & Watkins LLP,1,2024-11-06,40,1,2021-03-11,2024-12-11,0.025,1371
11331815,DigiWorld Technologies,1,2022-01-05,40,4,2022-01-05,2024-12-09,0.1,1069
18750006,StyleLab.,1,2022-02-16,39,2,2021-05-03,2024-07-11,0.05128205128205128,1165
22176405,Boncafé International Pte Ltd.,1,2022-06-07,39,2,2021-07-09,2024-10-03,0.05128205128205128,1182
22161794,IPSCOM Pte. Ltd.,1,2021-03-04,39,8,2021-03-04,2024-10-04,0.20512820512820512,1310
21423061,Forward Agency (21423061),1,2024-06-05,39,7,2024-06-05,2024-12-17,0.1794871794871795,195
18911355,T9 Facilities Pte Ltd.,1,2022-07-05,39,1,2021-03-18,2024-07-03,0.02564102564102564,1203
1250257,Quadrant Technologies LLC,1,2024-06-18,39,1,2022-09-09,2024-10-26,0.02564102564102564,778
93159204,Liv Interior,1,2021-12-27,39,1,2021-09-24,2024-11-06,0.02564102564102564,1139
5811991,Rcube Vital Consultancy Pte Ltd.,1,2021-07-08,39,1,2021-04-28,2023-10-27,0.02564102564102564,912
541058,DC Frontiers Pte Ltd.,1,2024-09-30,39,1,2021-04-26,2024-11-28,0.02564102564102564,1312
47685277,Career International FOS Pte Ltd.,1,2024-03-22,39,1,2021-07-10,2024-09-21,0.02564102564102564,1169
5532966,PHILORE,1,2024-09-02,39,1,2023-10-09,2024-12-12,0.02564102564102564,430
97118665,Black & White Engineering Ltd.,1,2022-01-18,39,5,2022-01-18,2024-12-30,0.1282051282051282,1077
667350,Arta Finance Wealth Management LLC,1,2023-12-05,39,6,2022-11-17,2024-12-03,0.15384615384615385,747
826245,McDonald's Corp.,1,2022-08-10,39,1,2021-03-13,2024-09-29,0.02564102564102564,1296
1133551,PointStar Pte Ltd.,1,2021-10-05,39,1,2021-08-19,2024-07-10,0.02564102564102564,1056
1230953,"Steelcase, Inc.",1,2022-03-22,39,1,2021-04-23,2024-02-07,0.02564102564102564,1020
777380,I M In,1,2024-10-16,39,1,2021-05-19,2024-10-16,0.02564102564102564,1246
1018914,"Arthrex, Inc.",1,2024-05-20,39,1,2023-09-04,2024-12-16,0.02564102564102564,469
395073,E.SUN Commercial Bank Ltd.,1,2024-11-04,39,4,2022-03-28,2024-11-07,0.10256410256410256,955
1217182,Ross Video Ltd.,1,2024-11-01,39,1,2021-05-31,2024-12-16,0.02564102564102564,1295
1076638,Sproud Pvt Ltd.,1,2024-07-29,38,2,2021-09-10,2024-09-06,0.05263157894736842,1092
4052068,Honsen Pte Ltd,1,2024-03-06,38,1,2021-08-01,2024-11-12,0.02631578947368421,1199
2921779,CORLISON PRIVATE LIMITED,1,2021-12-10,38,1,2021-09-23,2024-11-21,0.02631578947368421,1155
5163367,NAVSAR ENGINEERING INTERNATIONAL PTE. LTD.,1,2023-02-09,38,4,2022-11-18,2024-11-15,0.10526315789473684,728
22238173,"Apex Logistics International, Inc. (United States)",1,2024-11-29,38,1,2021-11-06,2024-12-10,0.02631578947368421,1130
820766,"Dayforce US, Inc.",1,2021-03-16,38,35,2021-03-16,2024-10-10,0.9210526315789473,1304
16489726,PANGOLIN INVESTMENTS,1,2023-12-28,38,1,2021-08-17,2024-12-26,0.02631578947368421,1227
18134205,Shine Nail Spa,1,2024-10-29,38,1,2022-08-17,2024-12-18,0.02631578947368421,854
95904354,SUSE Software Solutions Germany GmbH,1,2021-04-13,38,1,2021-04-06,2024-12-03,0.02631578947368421,1337
19918400,Vert Energie,1,2024-04-25,38,4,2021-03-01,2024-12-23,0.10526315789473684,1393
5605361,Porcelain Pte Ltd,1,2021-06-03,38,1,2021-05-25,2024-10-17,0.02631578947368421,1241
95734417,KENKO Academy Pte Ltd,1,2024-07-25,38,1,2023-06-01,2024-09-19,0.02631578947368421,476
22211701,AEG Power Solutions Ltd.,1,2024-05-13,38,1,2022-06-30,2024-12-12,0.02631578947368421,896
5645917,Presto Drycleaners,1,2024-11-05,37,2,2021-04-05,2024-12-17,0.05405405405405406,1352
662584,Pedro Group Pte Ltd.,1,2021-04-22,37,1,2021-04-22,2024-09-03,0.02702702702702703,1230
6510393,System Technic Engineering,1,2022-02-09,37,19,2022-02-09,2024-10-03,0.5135135135135135,967
425065,Initia Pte Ltd.,1,2023-10-29,37,1,2021-09-11,2024-12-17,0.02702702702702703,1193
94613526,Aethir Ltd.,1,2024-11-08,37,1,2023-07-19,2024-12-30,0.02702702702702703,530
487380,Pan Asia Corp. Ltd.,1,2024-03-14,37,1,2023-01-11,2024-12-18,0.02702702702702703,707
96449651,Finiti Partners,1,2024-02-16,37,2,2024-01-19,2024-12-11,0.05405405405405406,327
1127379,"Ricoh Co., Ltd.",1,2022-09-07,37,1,2022-01-11,2024-12-18,0.02702702702702703,1072
5251459,NORMN.IO,1,2021-11-25,37,1,2021-03-26,2023-06-20,0.02702702702702703,816
20983963,Tru Marine Pte Ltd.,1,2023-02-16,37,1,2022-07-12,2024-10-29,0.02702702702702703,840
916300,Casa Ltd.,1,2024-04-18,37,1,2021-08-17,2024-12-19,0.02702702702702703,1220
132870,Redbrick Mortgage Advisory,1,2022-08-02,37,1,2021-03-02,2024-11-22,0.02702702702702703,1361
10066680,Calsius Solutions Pte Ltd.,1,2024-09-05,37,2,2021-12-28,2024-11-17,0.05405405405405406,1055
4277751,"International Community Schools, Inc.",1,2022-09-06,37,5,2021-09-25,2024-11-26,0.13513513513513514,1158
9359335,Triple A /Fr/,1,2024-01-19,37,1,2023-06-08,2024-11-19,0.02702702702702703,530
99995280,city ballet academy,1,2023-06-28,37,1,2021-10-30,2024-12-10,0.02702702702702703,1137
4635790,Learners' Lodge - The JC Tuition Specialist,1,2023-04-17,37,3,2021-03-08,2024-08-16,0.08108108108108109,1257
6427756,Strides International Business Pte Ltd.,1,2024-01-18,37,5,2021-11-09,2024-11-06,0.13513513513513514,1093
1321868,AIRudder Pte Ltd.,1,2022-02-07,37,1,2021-10-19,2022-12-21,0.02702702702702703,428
7755281,Fresh Direct LLC,1,2022-01-04,37,4,2021-12-10,2024-12-05,0.10810810810810811,1091
725229,BeOne Medicines Ltd.,1,2023-07-21,36,5,2021-09-15,2024-12-30,0.1388888888888889,1202
6110001,Select Food (6110001),1,2022-01-12,36,2,2021-08-28,2024-10-29,0.05555555555555555,1158
708697,"Fuji Electric Co., Ltd.",1,2021-12-03,36,10,2021-07-02,2024-12-11,0.2777777777777778,1258
30174,"AWP, Inc.",1,2024-12-20,36,1,2022-01-19,2024-12-24,0.027777777777777776,1070
1134021,"Yishun Community Hospital Pte Ltd.,",1,2022-12-19,36,1,2021-12-08,2024-11-29,0.027777777777777776,1087
6159854,Shelton College International,1,2024-08-19,36,1,2022-05-27,2024-11-27,0.027777777777777776,915
3283795,EduEdge Learning Hub,1,2024-12-11,36,2,2021-05-06,2024-12-24,0.05555555555555555,1328
7221212,Xpac Technologies Pte Ltd.,1,2022-08-29,36,9,2022-03-25,2024-11-18,0.25,969
351694,Credit Bureau Singapore Pte Ltd.,1,2022-10-14,36,1,2022-01-17,2024-12-03,0.027777777777777776,1051
936827,Swivelt Pte Ltd.,1,2022-06-15,36,2,2021-03-03,2024-08-26,0.05555555555555555,1272
26835,PT Bank Mandiri (Persero) Tbk,1,2023-02-22,36,1,2022-01-12,2024-12-05,0.027777777777777776,1058
8858529,Antics Limited,1,2024-01-31,36,1,2021-04-13,2024-11-24,0.027777777777777776,1321
96357100,"Orangekloud, Inc.",1,2024-06-23,36,3,2021-12-29,2024-12-07,0.08333333333333333,1074
748093,AP Technologies Group Ltd.,1,2022-08-30,36,3,2022-03-11,2024-11-29,0.08333333333333333,994
95368500,SWISH Swimming,1,2024-08-06,36,1,2021-09-27,2024-11-18,0.027777777777777776,1148
93322681,Expeditors International,1,2024-11-11,36,1,2021-03-02,2024-12-04,0.027777777777777776,1373
822146,Indochine Media Ventures M Sdn Bhd.,1,2021-06-17,36,1,2021-03-09,2024-11-21,0.027777777777777776,1353
397817,Singapore Maritime Institute,1,2024-09-04,36,4,2021-10-01,2024-12-29,0.1111111111111111,1185
833915,OJJ Foods Pte Ltd.,1,2023-08-17,36,1,2021-07-01,2024-12-13,0.027777777777777776,1261
182646,JT International SA,1,2021-05-25,36,2,2021-05-25,2024-09-06,0.05555555555555555,1200
474209,Western Digital Corp.,1,2021-07-15,36,1,2021-07-15,2024-11-20,0.027777777777777776,1224
92802495,Neovia Logistics Services International NV,1,2023-10-03,36,1,2021-04-22,2024-12-18,0.027777777777777776,1336
1356552,Silent Eight Pte Ltd.,1,2024-06-30,36,1,2021-03-03,2024-06-30,0.027777777777777776,1215
18323308,SME Marketing Solutions,1,2024-03-08,36,5,2021-11-19,2024-11-06,0.1388888888888889,1083
3857272,Grenadier Press Pte Ltd.,1,2022-09-01,36,6,2021-09-16,2024-07-16,0.16666666666666666,1034
5463833,Partyinkers,1,2022-05-13,36,1,2022-01-07,2024-11-01,0.027777777777777776,1029
1016288,Proteach,1,2023-04-06,36,1,2021-06-27,2024-12-16,0.027777777777777776,1268
96996773,AMSERS Consulting,1,2024-02-20,36,1,2024-01-24,2024-12-05,0.027777777777777776,316
94513875,Environmental Solutions (Asia) Pte Ltd.,1,2024-01-10,36,3,2021-09-14,2024-09-26,0.08333333333333333,1108
2224572,Babilou SAS,1,2023-01-20,36,7,2021-05-11,2023-11-02,0.19444444444444445,905
93545652,ACOT Precision Engineering,1,2022-11-02,36,2,2021-05-06,2024-12-19,0.05555555555555555,1323
874511,Sensient Technologies Corp.,1,2022-12-02,35,3,2021-09-27,2024-12-03,0.08571428571428572,1163
2498030,Build Built Pte Ltd,1,2023-03-01,35,1,2021-04-21,2024-12-06,0.02857142857142857,1325
3552462,FIND Talents,1,2024-06-09,35,3,2021-11-04,2024-12-16,0.08571428571428572,1138
23456475,Aztech Group Ltd.,1,2023-09-20,35,2,2021-05-10,2024-10-28,0.05714285714285714,1267
97157167,"Capital College of the Arts, Management and Technology",1,2023-08-04,35,2,2021-03-29,2024-11-21,0.05714285714285714,1333
609817,XM Studios Pte Ltd.,1,2022-03-24,35,33,2022-03-24,2024-11-18,0.9428571428571428,970
12027284,"Pullman, Inc.",1,2024-06-29,35,34,2022-04-12,2024-12-17,0.9714285714285714,980
6120193,"SenseTime Group, Inc.",1,2024-07-17,35,5,2021-03-24,2024-12-04,0.14285714285714285,1351
805851,Jean Yip Salon Pte Ltd.,1,2022-02-17,35,1,2021-11-06,2024-11-25,0.02857142857142857,1115
94248457,"QCOM, Inc.",1,2022-04-05,35,2,2022-02-18,2022-06-22,0.05714285714285714,124
565815,Radisson Hospitality AB,1,2024-04-05,35,1,2021-09-28,2024-08-08,0.02857142857142857,1045
18588310,StackTribe,1,2023-12-18,35,1,2022-11-23,2024-10-23,0.02857142857142857,700
93201472,JobSite.Com,1,2024-12-31,34,1,2021-10-29,2024-12-31,0.029411764705882353,1159
27904990,SAASTHA,1,2024-08-15,34,2,2023-10-14,2024-11-25,0.058823529411764705,408
740208,"Ollion, Inc.",1,2023-10-25,34,3,2023-10-03,2024-11-25,0.08823529411764706,419
429914,Citrus Media Pte Ltd.,1,2023-07-19,34,4,2021-04-14,2024-10-28,0.11764705882352941,1293
8531346,Ah Scaffolding Pte. Ltd.,1,2024-12-03,34,2,2021-12-30,2024-12-03,0.058823529411764705,1069
1454162,Trellix Corp.,1,2024-03-08,34,2,2021-09-14,2024-11-29,0.058823529411764705,1172
22982646,Elite Academy,1,2021-04-22,34,4,2021-04-22,2024-10-07,0.11764705882352941,1264
840343,The HAVI Group LP,1,2021-09-06,34,1,2021-03-26,2023-02-16,0.029411764705882353,692
423472,PAREXEL International Corp.,1,2021-04-06,34,3,2021-03-25,2024-12-24,0.08823529411764706,1370
92823069,WT Microelectronics Singapore Pte Ltd,1,2024-11-24,34,1,2021-08-04,2024-11-29,0.029411764705882353,1213
501454,BMW Asia Pte Ltd.,1,2022-09-28,34,1,2021-08-12,2024-07-17,0.029411764705882353,1070
99250097,Jolly Owl School House,1,2021-04-13,34,4,2021-03-23,2024-08-30,0.11764705882352941,1256
15787,PERI GmbH,1,2022-01-26,34,1,2021-03-10,2024-12-04,0.029411764705882353,1365
14164737,JWC CONSULTANCY (UK) LTD,1,2023-09-20,34,5,2023-09-11,2024-11-29,0.14705882352941177,445
12243239,Film Screen,1,2023-01-13,34,1,2021-09-28,2024-12-12,0.029411764705882353,1171
228871,Dp World Asia Pacific,1,2024-05-10,33,3,2023-03-23,2024-12-13,0.09090909090909091,631
783129,Straits Interactive Pte Ltd.,1,2024-01-03,33,9,2023-03-08,2024-09-26,0.2727272727272727,568
985370,"Brother Industries, Ltd.",1,2022-05-10,33,3,2021-10-14,2024-12-17,0.09090909090909091,1160
22162750,Gold Roast Food Industry Pte Ltd.,1,2024-11-22,33,1,2021-03-20,2024-11-22,0.030303030303030304,1343
11519672,DTB Distribution,1,2022-06-30,33,4,2021-09-23,2024-09-06,0.12121212121212122,1079
6422735,STRATEGIC SELECTION INTERNATIONAL PTE. LTD.,1,2022-03-22,33,2,2021-08-28,2023-12-22,0.06060606060606061,846
6208851,Singapore Environment Council,1,2021-07-01,33,3,2021-03-19,2024-11-07,0.09090909090909091,1329
22228758,"IT Group, Inc. (Philippines)",1,2023-02-10,33,4,2022-11-03,2024-12-23,0.12121212121212122,781
93654722,Pizza Amore,1,2024-08-05,33,1,2024-01-14,2024-08-05,0.030303030303030304,204
846067,90 Seconds International Pte Ltd.,1,2024-06-18,33,2,2021-03-03,2024-12-23,0.06060606060606061,1391
18127228,Drew Ameroid (M) Sdn. Bhd.,1,2023-03-08,33,1,2021-10-05,2024-12-05,0.030303030303030304,1157
2696154,Charlotte Puxley Flowers,1,2023-07-07,33,3,2022-01-26,2024-09-23,0.09090909090909091,971
1228401,Embed International Pty Ltd.,1,2022-03-06,33,1,2021-08-30,2024-10-21,0.030303030303030304,1148
22268158,Lovet Ltd.,1,2023-11-30,33,1,2021-07-01,2024-12-18,0.030303030303030304,1266
1162342,Avantus Training Pte Ltd.,1,2023-09-13,33,2,2022-01-27,2024-12-10,0.06060606060606061,1048
96832810,Taleix,1,2024-07-19,32,2,2024-03-01,2024-07-19,0.0625,140
11067116,D&D SARL,1,2024-03-10,32,2,2021-03-08,2024-11-16,0.0625,1349
2494896,BUDDHA TOOTH RELIC TEMPLE (SINGAPORE),1,2023-09-20,32,1,2021-12-04,2024-07-25,0.03125,964
1140760,"AlphaSense, Inc.",1,2023-10-26,32,1,2023-03-22,2024-12-02,0.03125,621
389259,"FS.COM, Inc.",1,2024-08-03,32,2,2022-08-26,2024-11-21,0.0625,818
16765961,Pivotal Career Solutions Pte Ltd.,1,2024-02-06,32,2,2021-05-19,2024-11-06,0.0625,1267
22147779,SecureAge Technology Pte Ltd.,1,2024-11-20,32,1,2021-08-30,2024-11-20,0.03125,1178
3245947,Earthscape Concepts,1,2023-08-15,32,4,2021-08-06,2024-09-12,0.125,1133
94582202,Smartpaw Pet Tech Online Store Singapore,1,2021-07-29,32,3,2021-07-29,2024-12-29,0.09375,1249
4158363,IITM GROUP of Institutions,1,2024-02-25,32,2,2024-02-25,2024-09-13,0.0625,201
94012768,KSFBEAUTY,1,2024-10-31,32,3,2023-01-26,2024-12-12,0.09375,686
643549,"Harley-Davidson, Inc.",1,2021-11-16,32,3,2021-03-31,2024-12-20,0.09375,1360
6321941,Spaceweiss Solutions,1,2022-05-05,32,4,2021-04-09,2024-08-26,0.125,1235
22206990,Superworld Electronics S Pte Ltd.,1,2022-03-04,32,1,2021-05-06,2024-12-19,0.03125,1323
486255,World Marketing Group (HKG) Ltd.,1,2024-07-15,32,1,2022-03-23,2024-11-29,0.03125,982
97679296,kim tee,1,2023-10-25,32,10,2021-03-15,2024-12-07,0.3125,1363
93664220,Ola Chat Pte Ltd.,1,2024-12-27,32,1,2021-03-12,2024-12-27,0.03125,1386
1176800,S2T Unlocking Cyberspace Ltd.,1,2023-01-28,32,3,2022-01-07,2024-10-27,0.09375,1024
6715727,The Pique Lab,1,2021-05-12,32,1,2021-05-12,2023-02-03,0.03125,632
675254,Vestiaire Collective SA,1,2024-07-17,32,1,2021-11-09,2024-10-21,0.03125,1077
19665966,TX Executive Search | Legal & Corporate Finance Recruitment & Executive Search,1,2022-08-29,32,1,2022-01-13,2023-11-07,0.03125,663
10630247,Collective Synergy,1,2021-08-16,32,2,2021-03-03,2024-11-01,0.0625,1339
98941490,Ice Secret,1,2021-05-28,32,1,2021-03-06,2024-12-10,0.03125,1375
321548,Axiata Digital & Analytics Sdn. Bhd.,1,2021-08-17,32,2,2021-05-10,2024-04-22,0.0625,1078
7535748,"McGraw-Hill Education, Inc.",1,2021-12-25,32,7,2021-06-08,2024-11-06,0.21875,1247
1120461,Twitch LLC,1,2021-06-14,32,1,2021-03-04,2023-10-18,0.03125,958
4381251,Ji Mei Flower,1,2024-05-30,32,1,2021-09-24,2024-12-05,0.03125,1168
24463926,NJ-CONCEPT,1,2023-01-03,32,4,2022-05-28,2024-09-19,0.125,845
675968,"Hasbro, Inc.",1,2024-08-06,32,3,2021-08-17,2024-12-07,0.09375,1208
324791,Merit Medical Asia Co. Ltd.,1,2022-03-28,32,2,2021-08-12,2024-12-18,0.0625,1224
94247669,Cynosure LLC,1,2021-09-24,31,8,2021-08-30,2024-06-20,0.25806451612903225,1025
23335838,Span Consultancy Services Pte Ltd.,1,2024-10-14,31,1,2022-01-27,2024-10-14,0.03225806451612903,991
6263693,DHC Ltd. (Cayman Islands),1,2021-11-05,31,1,2021-03-05,2022-05-05,0.03225806451612903,426
894920,AirAsia Bhd.,1,2022-08-19,31,1,2021-03-22,2024-11-20,0.03225806451612903,1339
1679799,Starting Block Inc,1,2023-11-04,31,1,2021-08-17,2024-10-14,0.03225806451612903,1154
24748226,SOCIAL SPACE,1,2022-02-03,31,1,2022-02-03,2024-10-25,0.03225806451612903,995
5570306,Planners S A,1,2022-03-14,31,2,2022-03-14,2024-10-04,0.06451612903225806,935
95980676,Genius Brio,1,2024-08-20,31,2,2023-04-12,2024-11-14,0.06451612903225806,582
1080030,"Rapiscan Systems, Inc.",1,2024-10-12,31,2,2021-07-28,2024-11-05,0.06451612903225806,1196
94080526,"TCK Express, Inc.",1,2021-07-22,31,5,2021-07-06,2024-10-02,0.16129032258064516,1184
94058144,XJPIT PTE. LTD.,1,2023-09-15,31,1,2023-04-13,2024-01-18,0.03225806451612903,280
1118377,Atlas Copco AB,1,2024-05-13,31,2,2021-03-08,2024-11-21,0.06451612903225806,1354
74722,Intellisoft Training Pte Ltd.,1,2022-03-23,31,10,2022-03-23,2024-11-20,0.3225806451612903,973
530293,"Sedgwick Claims Management Services, Inc.",1,2024-01-22,31,1,2022-01-12,2024-11-14,0.03225806451612903,1037
4743457,"LOVE, NILS",1,2024-02-01,31,3,2021-04-19,2024-10-11,0.0967741935483871,1271
11096672,DataExpert Singapore,1,2022-02-07,31,2,2021-10-07,2024-12-27,0.06451612903225806,1177
21005134,"Solutions Perkuto, Inc.",1,2022-06-02,31,14,2021-08-06,2022-06-17,0.45161290322580644,315
11015031,Cynapse GmbH,1,2024-06-26,31,10,2021-10-19,2024-12-17,0.3225806451612903,1155
96268966,Peck Tiong Choon Transport,1,2022-01-04,31,1,2021-09-28,2024-12-10,0.03225806451612903,1169
1210444,B Capital Group Management LP,1,2023-07-06,30,15,2021-04-25,2024-11-20,0.5,1305
21023340,Gemini Space Station LLC,1,2021-03-05,30,30,2021-03-05,2024-07-18,1.0,1231
93453611,Brunel International N.V.,1,2021-11-11,30,2,2021-08-26,2024-07-11,0.06666666666666667,1050
8343902,Accss Digital Pte Ltd.,1,2021-04-27,30,3,2021-04-27,2024-06-25,0.1,1155
10528326,ClimaShield,1,2023-02-17,30,5,2021-11-26,2024-04-17,0.16666666666666666,873
808044,Software GmbH,1,2024-03-12,30,1,2021-04-14,2024-12-04,0.03333333333333333,1330
1361988,Zumvet Pte Ltd.,1,2023-01-11,30,6,2021-09-07,2024-04-30,0.2,966
1356059,Presto AB,1,2024-07-08,30,1,2023-04-27,2024-12-12,0.03333333333333333,595
15390667,Meliora Group LLC (Virginia),1,2024-09-05,30,2,2021-03-09,2024-09-05,0.06666666666666667,1276
1149276,Brown-Forman Corp.,1,2022-11-21,30,1,2021-06-02,2024-09-16,0.03333333333333333,1202
392012,Aquis Search Ltd.,1,2024-03-20,30,2,2021-05-07,2024-11-04,0.06666666666666667,1277
20931553,UMW Equipment & Engineering Pte Ltd.,1,2024-07-10,30,1,2021-07-14,2024-11-18,0.03333333333333333,1223
1157892,Greentech International Pte Ltd.,1,2021-12-11,30,4,2021-10-07,2024-07-10,0.13333333333333333,1007
194522,Capgemini Engineering,1,2022-05-19,30,9,2021-07-01,2024-12-02,0.3,1250
507364,Nanyang Optical Co. Pte Ltd.,1,2024-01-18,30,1,2021-04-18,2024-07-19,0.03333333333333333,1188
6750261,Titan Digital Media Pte Ltd.,1,2023-02-02,30,1,2021-05-12,2024-11-21,0.03333333333333333,1289
96813194,Ventas Bio,1,2024-08-01,30,1,2021-04-06,2024-11-28,0.03333333333333333,1332
3759610,Gift Market Pte Ltd.,1,2024-06-06,30,3,2021-12-21,2024-12-09,0.1,1084
7030290,Vintagewknd,1,2021-09-20,30,6,2021-03-07,2024-12-17,0.2,1381
475343,Nexxen Group Ltd.,1,2022-04-06,30,1,2021-03-02,2024-05-03,0.03333333333333333,1158
4901584,Mdm Ling Bakery Pvt Ltd.,1,2024-07-16,30,2,2022-05-10,2024-12-23,0.06666666666666667,958
4289202,Intrepid Security Ltd.,1,2021-04-16,30,4,2021-04-16,2023-07-31,0.13333333333333333,836
22228664,SciMed (Asia) Pte Ltd.,1,2021-07-20,30,1,2021-03-16,2024-01-30,0.03333333333333333,1050
22152269,Nishio Rent All Singapore Pte Ltd.,1,2024-02-08,30,2,2021-11-06,2024-07-25,0.06666666666666667,992
3138820,Digitas Singapore,1,2024-06-13,30,3,2022-01-01,2024-12-09,0.1,1073
573117,Avetics Global Pte Ltd.,1,2024-03-27,30,3,2022-07-02,2024-12-17,0.1,899
22242487,Teachers Insurance & Annuity Association of America,1,2021-03-30,30,1,2021-03-22,2024-08-26,0.03333333333333333,1253
27696732,Algomarketing Ltd.,1,2021-03-13,30,2,2021-03-13,2024-11-26,0.06666666666666667,1354
3558487,Fire Armour Pte Ltd.,1,2022-03-23,29,1,2021-10-02,2024-11-04,0.034482758620689655,1129
98548478,JTRON Technology Corp.,1,2021-03-22,29,3,2021-03-04,2024-06-11,0.10344827586206896,1195
849857,Entrust Corp. (United States),1,2024-07-11,29,2,2021-03-22,2024-12-19,0.06896551724137931,1368
20482243,YTS Services Marketing Pte Ltd,1,2021-09-13,29,1,2021-03-08,2024-07-08,0.034482758620689655,1218
852789,Performance Labs Pte Ltd.,1,2022-11-25,29,5,2021-04-12,2024-10-07,0.1724137931034483,1274
78177,AFRY AB,1,2024-07-12,29,1,2023-01-22,2024-11-13,0.034482758620689655,661
22146878,MegaChem (UK) Ltd.,1,2023-05-25,29,1,2022-01-21,2024-08-12,0.034482758620689655,934
486470,ET Investments LLC,1,2024-06-11,29,3,2023-03-07,2024-12-26,0.10344827586206896,660
7790973,iPassion KK,1,2022-08-09,29,1,2021-09-10,2024-09-30,0.034482758620689655,1116
5121936,MY Art Studio-MY Craft Studio,1,2023-02-05,29,4,2021-09-05,2024-06-22,0.13793103448275862,1021
21023793,Lyreco SAS,1,2024-12-04,29,1,2021-03-03,2024-12-04,0.034482758620689655,1372
7689455,Bridge Et Al Pte Ltd.,1,2024-08-27,29,1,2022-07-02,2024-11-14,0.034482758620689655,866
1108684,"Mars, Inc.",1,2023-02-28,29,2,2022-01-24,2024-12-20,0.06896551724137931,1061
21070497,Accedo Group Ltd.,1,2022-06-27,29,4,2021-05-13,2024-05-23,0.13793103448275862,1106
17353314,Future Capital Market LLC,1,2024-11-28,29,1,2021-03-16,2024-12-12,0.034482758620689655,1367
359467,"Varian Medical Systems, Inc.",1,2022-06-09,29,1,2021-08-11,2024-12-05,0.034482758620689655,1212
12849629,Goodwill Entertainment Holding Ltd.,1,2022-03-02,29,1,2021-03-23,2024-11-20,0.034482758620689655,1338
1148743,Quista Technology Pte Ltd.,1,2021-04-01,29,1,2021-04-01,2024-04-26,0.034482758620689655,1121
1670351,Mages Institute of Excellence Pte Ltd.,1,2022-08-05,29,5,2021-09-27,2024-10-19,0.1724137931034483,1118
20931406,Sonova AG,1,2023-08-23,29,1,2021-06-03,2024-10-31,0.034482758620689655,1246
348762,Singapore Space & Technology Association,1,2024-10-01,29,2,2021-08-12,2024-10-29,0.06896551724137931,1174
1659088,Superminted Pte Ltd.,1,2024-03-21,29,1,2021-10-15,2024-12-02,0.034482758620689655,1144
1139446,Hexagon AB,1,2023-06-13,29,1,2021-03-29,2024-10-10,0.034482758620689655,1291
7046013,VitaHealth Asia Pacific (S) Pte Ltd,1,2023-07-20,29,3,2022-06-15,2024-10-16,0.10344827586206896,854
97375250,LEYTRON TECHNOLOGY PTE LTD,1,2022-12-23,28,10,2021-03-09,2024-12-18,0.35714285714285715,1380
22178555,"Power Partners, Inc.",1,2021-11-18,28,3,2021-03-11,2024-04-16,0.10714285714285714,1132
864947,Seqens SAS,1,2022-10-27,28,3,2022-09-07,2024-11-21,0.10714285714285714,806
3864827,Groundup.ai Pte Ltd.,1,2023-03-16,28,3,2022-01-07,2024-01-03,0.10714285714285714,726
883607,Evooq SA,1,2023-11-03,28,2,2021-03-03,2024-07-31,0.07142857142857142,1246
3945935,Harish Engineering,1,2024-11-16,28,1,2021-11-10,2024-12-07,0.03571428571428571,1123
627319,"Forrester Research, Inc.",1,2022-06-09,28,3,2021-04-28,2024-07-23,0.10714285714285714,1182
16748401,"PINNACLE HR SERVICES, LLC",1,2022-01-26,28,1,2021-03-02,2023-02-07,0.03571428571428571,707
13599772,"Imc Industrial, Inc.",1,2024-10-23,28,1,2021-10-08,2024-10-29,0.03571428571428571,1117
93348352,ECCO,1,2021-03-18,28,1,2021-03-01,2024-09-27,0.03571428571428571,1306
97938698,HealthWorkz Pte Ltd,1,2024-01-23,28,1,2022-08-06,2024-12-23,0.03571428571428571,870
151600,CLSA Ltd.,1,2022-10-07,28,1,2022-01-11,2024-12-31,0.03571428571428571,1085
1143331,Eastman Chemical Co.,1,2021-04-07,28,6,2021-03-17,2024-05-16,0.21428571428571427,1156
11496192,Dr Foot Podiatry Clinic,1,2024-07-10,28,1,2021-12-06,2024-12-20,0.03571428571428571,1110
4032895,HOCK CHEONG ELECTRIC PTE LTD,1,2024-08-14,28,1,2021-11-02,2024-08-14,0.03571428571428571,1016
21564313,Jobson Asia Pte Ltd.,1,2024-07-02,28,1,2021-05-22,2024-08-02,0.03571428571428571,1168
22219604,Vitakids Pte Ltd.,1,2023-09-15,28,2,2021-03-12,2024-11-14,0.07142857142857142,1343
1985139,American Center for Education,1,2022-06-02,28,2,2022-06-02,2024-12-31,0.07142857142857142,943
22151619,QBE Insurance Group Ltd.,1,2022-02-25,28,2,2021-05-04,2024-08-12,0.07142857142857142,1196
41443,Hilife Interactive Pte Ltd.,1,2022-07-07,28,1,2022-04-20,2024-09-23,0.03571428571428571,887
291806,BoxGreen Pte Ltd.,1,2022-06-26,28,2,2021-08-31,2024-09-27,0.07142857142857142,1123
93071113,One HR,1,2022-06-28,28,3,2021-11-25,2024-08-23,0.10714285714285714,1002
1274771,PrePO,1,2024-09-08,28,1,2022-01-18,2024-09-08,0.03571428571428571,964
18688488,STORY WEDDING,1,2024-03-20,28,2,2023-02-28,2024-10-04,0.07142857142857142,584
22242408,Guntermann & Drunck GmbH Systementwicklung,1,2021-10-07,28,4,2021-10-07,2024-07-24,0.14285714285714285,1021
1400632,BOTANI,1,2024-01-06,28,2,2021-05-21,2024-10-28,0.07142857142857142,1256
1793483,AceTek College,1,2023-04-11,28,2,2022-05-04,2024-10-08,0.07142857142857142,888
1000191,Eezee Pte Ltd.,1,2022-01-31,27,12,2021-04-21,2024-11-19,0.4444444444444444,1308
22178039,"Philip Morris International, Inc.",1,2024-01-05,27,2,2022-09-02,2024-12-23,0.07407407407407407,843
21940105,Sonak Asia,1,2024-07-03,27,3,2021-12-29,2024-10-08,0.1111111111111111,1014
904964,Velocity Electronics LP,1,2023-06-27,27,3,2021-07-21,2024-10-25,0.1111111111111111,1192
16793242,GFT Group Ltd.,1,2024-08-16,27,2,2022-08-09,2024-12-21,0.07407407407407407,865
575527,GlobalTix Pte Ltd.,1,2021-10-19,27,1,2021-09-08,2024-10-16,0.037037037037037035,1134
15802840,MX Engineering (15802840),1,2023-12-07,27,6,2021-12-02,2024-11-15,0.2222222222222222,1079
10613220,Cognotiv Pte Ltd,1,2024-08-20,27,1,2021-12-22,2024-09-09,0.037037037037037035,992
12254775,Kingdom & Gordon Management Pty Ltd.,1,2021-07-03,27,1,2021-03-05,2021-12-15,0.037037037037037035,285
754092,Springer Nature AG & Co. KGaA,1,2022-01-18,27,3,2021-09-16,2024-04-23,0.1111111111111111,950
1053306,Serial Microelectronics Pte Ltd.,1,2023-11-17,27,1,2021-09-29,2024-11-29,0.037037037037037035,1157
22233592,Blockchain Luxembourg S A,1,2022-12-13,27,4,2021-04-13,2024-12-03,0.14814814814814814,1330
22148936,Air Charter Service Group Ltd.,1,2024-01-30,27,1,2022-12-21,2024-12-24,0.037037037037037035,734
707230,Miclyn Express Offshore Ltd.,1,2021-08-07,27,1,2021-08-07,2024-04-22,0.037037037037037035,989
2453776,Brass Lion Distillery,1,2024-01-17,27,2,2021-03-12,2024-10-21,0.07407407407407407,1319
1236956,Nitto Denko Asia Technical Centre Pte. Ltd.,1,2022-03-24,27,1,2021-08-14,2024-05-20,0.037037037037037035,1010
19961186,Vigeo Health & Fitness,1,2023-03-22,27,15,2021-07-29,2024-12-04,0.5555555555555556,1224
94955330,Aviate Services Singapore Pte Ltd,1,2024-06-05,27,1,2021-05-07,2024-11-01,0.037037037037037035,1274
2908976,Cool Cheese Productions,1,2023-01-16,27,22,2021-08-15,2024-05-13,0.8148148148148148,1002
11695551,Evolut SpA,1,2024-10-29,27,4,2021-11-11,2024-12-10,0.14814814814814814,1125
968188,Columbia Sportswear Co.,1,2022-03-24,27,1,2022-01-21,2023-06-01,0.037037037037037035,496
6209054,Singapore Straits Wine Co. Pte Ltd.,1,2023-07-06,27,4,2022-05-06,2024-09-12,0.14814814814814814,860
93306334,Flow Services,1,2024-10-21,27,1,2023-07-16,2024-11-14,0.037037037037037035,487
94910656,"Aspire Lifestyle (Americas), Inc.",1,2021-04-08,27,6,2021-03-03,2024-11-19,0.2222222222222222,1357
2419741,Bom Bom Pte Ltd.,1,2022-06-25,27,2,2021-10-21,2024-12-09,0.07407407407407407,1145
1178833,John Thompson & Partners Ltd.,1,2024-11-12,27,1,2021-10-21,2024-11-12,0.037037037037037035,1118
7752074,Fluke Telefonia Movel Celular Ltda.,1,2024-10-29,27,1,2021-03-03,2024-10-29,0.037037037037037035,1336
94259806,Total Cleanz Pte Ltd,1,2023-02-06,26,1,2021-03-18,2023-02-06,0.038461538461538464,690
6544934,TAU Express,1,2023-12-06,26,1,2023-09-20,2024-09-26,0.038461538461538464,372
22173384,Stachals Ltd.,1,2023-11-21,26,1,2022-10-06,2024-11-05,0.038461538461538464,761
19704539,ULVAC SINGAPORE PTE LTD (INDONESIA REP. OFFICE),1,2022-06-13,26,3,2022-05-11,2024-08-28,0.11538461538461539,840
1123738,"Axcelis Technologies, Inc.",1,2024-08-02,26,2,2021-08-19,2024-08-03,0.07692307692307693,1080
455741,Selffix Pte Ltd.,1,2021-04-15,26,1,2021-04-15,2024-12-04,0.038461538461538464,1329
56394,QS Quacquarelli Symonds Ltd.,1,2024-02-20,26,1,2021-04-12,2024-06-12,0.038461538461538464,1157
541972,Solvay SA,1,2021-07-08,26,1,2021-05-11,2024-09-02,0.038461538461538464,1210
1491991,"Advanced Energy Industries, Inc.",1,2023-11-21,26,3,2021-04-05,2024-10-08,0.11538461538461539,1282
602030,Bizgram Asia Pte Ltd.,1,2024-07-26,26,1,2021-03-30,2024-08-15,0.038461538461538464,1234
5770121,Qurious Media Singapore,1,2024-08-01,26,2,2021-07-17,2024-12-04,0.07692307692307693,1236
1424574,"Guardant Health, Inc.",1,2021-10-13,26,1,2021-07-11,2024-08-13,0.038461538461538464,1129
1395841,Trusted Hub Ltd.,1,2024-01-15,26,1,2021-03-01,2024-12-11,0.038461538461538464,1381
22187400,"CDNetworks, Inc.",1,2024-12-17,26,3,2021-03-23,2024-12-27,0.11538461538461539,1375
96526476,New Retail International Pte Ltd.,1,2024-11-27,26,1,2021-03-10,2024-11-27,0.038461538461538464,1358
94244782,ABSOLUTE MS (S) PTE LTD,1,2024-03-15,26,1,2022-06-22,2024-12-18,0.038461538461538464,910
48503133,Aspectus Engineering Services Pte Ltd.,1,2022-08-04,26,6,2022-04-25,2024-11-01,0.23076923076923078,921
2192934,Avanta Academy,1,2023-12-20,26,1,2022-06-28,2024-12-18,0.038461538461538464,904
16000652,Happy Together,1,2023-12-28,26,8,2023-06-26,2024-12-23,0.3076923076923077,546
96790631,Neubot,1,2024-03-19,26,2,2023-11-23,2024-11-10,0.07692307692307693,353
1287610,MSD Wellcome Trust Hilleman Laboratories Pvt Ltd.,1,2022-04-12,26,3,2021-03-05,2024-12-05,0.11538461538461539,1371
498179,"Keurig Dr Pepper, Inc.",1,2021-05-25,26,1,2021-03-25,2024-12-11,0.038461538461538464,1357
93223491,Infotech,1,2022-01-28,26,1,2021-04-27,2024-06-06,0.038461538461538464,1136
5645791,Prestigio,1,2024-05-02,26,2,2021-12-08,2024-12-19,0.07692307692307693,1107
93718946,"Headhunting, Inc.",1,2021-10-26,26,2,2021-07-22,2024-10-30,0.07692307692307693,1196
1193920,SonarSource SA,1,2024-11-28,26,2,2022-03-16,2024-12-23,0.07692307692307693,1013
263304,Aboitiz Data Innovation Pte Ltd.,1,2024-08-23,26,1,2021-06-09,2024-08-23,0.038461538461538464,1171
899257,SMC Corp. (Japan),1,2024-09-09,26,1,2022-08-29,2024-11-28,0.038461538461538464,822
94251458,Addiction Foods NZ Ltd.,1,2022-01-12,26,11,2022-01-12,2024-12-23,0.4230769230769231,1076
4085070,Hpl Consulting Pte Ltd.,1,2022-06-17,26,1,2021-03-15,2023-09-21,0.038461538461538464,920
93411033,Coach Inc,1,2023-04-21,26,3,2022-03-15,2024-09-05,0.11538461538461539,905
93411975,CLX,1,2021-06-04,26,1,2021-03-16,2024-11-12,0.038461538461538464,1337
4338710,IvyPrep Consulting,1,2024-04-09,26,1,2021-09-13,2024-04-10,0.038461538461538464,940
4379206,Jewish Welfare Board,1,2024-01-10,26,7,2023-08-31,2024-12-18,0.2692307692307692,475
159151,One Education Ltd.,1,2024-10-31,26,1,2021-11-01,2024-11-26,0.038461538461538464,1121
243020,Hermès International SCA,1,2021-04-24,26,1,2021-03-11,2024-11-21,0.038461538461538464,1351
982180,Nubela Pte Ltd.,1,2024-09-20,25,1,2021-04-28,2024-11-18,0.04,1300
644,"Graebel Cos., Inc.",1,2024-04-06,25,1,2021-05-04,2024-11-07,0.04,1283
20948397,"Ameriprise Financial, Inc.",1,2021-10-22,25,1,2021-04-01,2024-08-15,0.04,1232
507407,Taka Jewellery Pte Ltd.,1,2022-11-04,25,5,2021-12-20,2024-12-22,0.2,1098
23662562,Biz IQ Academy,1,2023-08-23,25,1,2022-03-17,2024-04-19,0.04,764
1425105,World Fashion Logistics,1,2023-11-17,25,1,2022-08-09,2024-06-20,0.04,681
739966,SEED Institute Pte Ltd.,1,2024-11-06,25,6,2023-01-06,2024-12-05,0.24,699
1361982,Tungsten Automation Corp.,1,2022-03-31,25,1,2021-04-24,2024-10-24,0.04,1279
93016377,"Quality Components, Inc.",1,2023-02-08,25,4,2022-01-15,2024-12-11,0.16,1061
7760997,GE Digital LLC,1,2022-05-20,25,3,2021-05-11,2024-09-20,0.12,1228
95994896,YAMATO ENERGY PTE. LTD.,1,2023-07-21,25,3,2021-11-30,2024-12-13,0.12,1109
93119471,Mikron Singapore,1,2022-01-25,25,3,2021-03-19,2024-11-27,0.12,1349
1296253,Connected Freight Pte Ltd.,1,2021-03-19,25,12,2021-03-19,2022-05-24,0.48,431
125347,WebBeds Ltd.,1,2024-10-24,25,2,2022-08-12,2024-11-24,0.08,835
11188317,All Things Delicious,1,2023-04-18,25,1,2021-08-10,2024-12-13,0.04,1221
1268576,Davy International,1,2021-09-07,25,3,2021-05-07,2024-04-18,0.12,1077
3217374,Duck Learning,1,2024-02-03,25,2,2021-05-31,2024-12-13,0.08,1292
7356839,"Zhejiang Wecome Pharmaceutical Co., Ltd.",1,2022-09-28,25,3,2021-03-26,2024-12-07,0.12,1352
270567,Eternal Asia Distribution (S) Pte Ltd.,1,2024-06-07,25,1,2021-03-10,2024-06-07,0.04,1185
9729577,BODESIGN LTD,1,2024-02-02,25,3,2021-12-15,2024-11-18,0.12,1069
4385495,JJ Express,1,2022-03-21,25,3,2021-07-02,2024-08-30,0.12,1155
16176639,NY EDUCATION,1,2024-09-02,24,1,2023-08-18,2024-12-23,0.041666666666666664,493
137920,SDH Institute Pte Ltd.,1,2023-06-22,24,1,2021-09-02,2024-09-18,0.041666666666666664,1112
130511,Padang & Co. Pte Ltd.,1,2024-11-05,24,1,2021-03-09,2024-11-05,0.041666666666666664,1337
928622,SMS InfoComm Corp.,1,2022-07-13,24,3,2021-07-22,2024-10-30,0.125,1196
17529355,River Valley Irregulars,1,2024-11-17,24,1,2022-04-14,2024-11-25,0.041666666666666664,956
148634,Security & Risk Solutions Pte Ltd.,1,2024-01-26,24,1,2021-09-27,2024-10-09,0.041666666666666664,1108
98347598,POLYTRON.AI,1,2024-11-05,24,1,2024-09-25,2024-12-23,0.041666666666666664,89
999295,Cordis Corp.,1,2023-01-06,24,3,2021-09-27,2024-06-14,0.125,991
22191617,Cosentino SA,1,2021-06-15,24,1,2021-03-01,2024-09-13,0.041666666666666664,1292
8206031,Fourth Paradigm Southeast Asia,1,2024-03-07,24,6,2021-05-07,2024-07-02,0.25,1152
1058957,"Revolution Media, Inc. (United States)",1,2022-02-04,24,1,2021-10-08,2024-12-11,0.041666666666666664,1160
1451821,Newbridge Fintech Solutions,1,2024-10-22,24,1,2023-10-05,2024-10-22,0.041666666666666664,383
1457731,Sg Home Bakers Pte Ltd.,1,2024-09-16,24,1,2021-04-01,2024-09-24,0.041666666666666664,1272
6305428,Sourbombe Artisanal Bakery,1,2024-07-16,24,1,2021-10-05,2024-11-19,0.041666666666666664,1141
93544525,Activhealth,1,2022-11-18,24,2,2021-03-17,2024-10-19,0.08333333333333333,1312
22256521,Nuvei Corp.,1,2023-11-01,24,2,2021-04-10,2024-10-28,0.08333333333333333,1297
22145766,"Blum, Inc.",1,2023-02-27,24,1,2021-09-07,2024-06-03,0.041666666666666664,1000
7936143,CK Department Store,1,2024-01-26,24,3,2021-03-30,2024-07-01,0.125,1189
104181,CSM Academy International Pte Ltd.,1,2024-03-15,24,2,2021-04-01,2024-09-17,0.08333333333333333,1265
9958485,Tecson GmbH,1,2024-02-14,24,1,2023-09-12,2024-12-22,0.041666666666666664,467
277770,Cheng Yew Heng Candy Factory Pte Ltd.,1,2021-08-08,24,3,2021-08-08,2024-11-23,0.125,1203
1205086,DFO Global Performance Commerce Ltd.,1,2021-12-14,24,2,2021-06-15,2023-06-13,0.08333333333333333,728
22157485,"Frost & Sullivan, Inc.",1,2021-10-04,24,7,2021-06-22,2024-05-13,0.2916666666666667,1056
1214665,Workana LLC,1,2024-09-20,24,3,2024-09-19,2024-12-20,0.125,92
1017034,"Aetna, Inc.",1,2021-07-16,24,1,2021-04-16,2022-07-28,0.041666666666666664,468
2966056,Crestbrick,1,2023-06-07,24,8,2022-05-30,2024-09-06,0.3333333333333333,830
1009199,"Dentsply Sirona, Inc.",1,2023-10-25,24,1,2021-07-02,2024-05-31,0.041666666666666664,1064
1284181,SICK AG,1,2021-12-08,23,1,2021-06-07,2024-11-06,0.043478260869565216,1248
22174583,Lam Soon Singapore Pte Ltd.,1,2022-01-18,23,4,2021-03-11,2024-04-01,0.17391304347826086,1117
1336653,Conservation Capital Ltd.,1,2023-10-26,23,1,2023-02-09,2024-06-28,0.043478260869565216,505
1325674,Hi-Power Ltd.,1,2022-03-19,23,4,2021-12-03,2024-08-07,0.17391304347826086,978
22172775,Exyte Singapore Pte Ltd.,1,2023-01-18,23,1,2021-09-29,2024-06-27,0.043478260869565216,1002
1160113,Fenergo Ltd.,1,2021-06-11,23,7,2021-04-21,2024-10-27,0.30434782608695654,1285
442192,"BitGo, Inc.",1,2021-07-14,23,1,2021-05-22,2024-12-26,0.043478260869565216,1314
581640,Retykle Ltd.,1,2023-01-10,23,14,2021-04-19,2024-12-23,0.6086956521739131,1344
172286,Deriv,1,2024-09-20,23,2,2022-10-13,2024-12-31,0.08695652173913043,810
1288449,TCI Express Ltd.,1,2024-02-23,23,2,2024-02-23,2024-12-17,0.08695652173913043,298
5001324,Mind Stretcher Education Pte Ltd.,1,2024-12-27,23,1,2021-03-14,2024-12-27,0.043478260869565216,1384
22268481,Archer Aviation Operating Corp.,1,2024-02-28,23,1,2021-03-29,2024-02-28,0.043478260869565216,1066
19869376,Bright Exchange SAPI de CV,1,2024-10-19,23,1,2023-11-16,2024-10-19,0.043478260869565216,338
23467915,"Easyship, Inc.",1,2022-02-04,23,2,2021-03-22,2023-01-09,0.08695652173913043,658
20310802,WISEELEPHANT INTERNATIONAL PTE. LTD.,1,2024-02-27,23,1,2021-05-16,2024-09-02,0.043478260869565216,1205
6088644,Sea Apple,1,2024-03-07,23,1,2021-03-07,2024-10-21,0.043478260869565216,1324
2987623,CT Elevator,1,2024-01-08,23,4,2021-03-10,2024-12-10,0.17391304347826086,1371
21012406,Covidien Unlimited Co.,1,2021-10-01,23,2,2021-10-01,2024-12-04,0.08695652173913043,1160
27800412,Agility Logistics,1,2021-06-15,23,3,2021-03-30,2022-01-22,0.13043478260869565,298
27822093,Old Shanghai,1,2024-05-01,23,1,2021-10-21,2024-05-01,0.043478260869565216,923
972254,Curiouscore Pte Ltd.,1,2022-08-14,23,2,2022-01-12,2024-12-11,0.08695652173913043,1064
3223755,Durablinds,1,2023-01-12,23,5,2022-05-17,2024-11-19,0.21739130434782608,917
3945981,Harita Techserv Ltd.,1,2022-06-07,22,1,2021-03-20,2022-09-27,0.045454545454545456,556
92847215,Vision Project,1,2023-07-06,22,3,2022-03-13,2024-12-18,0.13636363636363635,1011
97673918,ALLUORA,1,2024-11-15,22,1,2024-02-22,2024-12-23,0.045454545454545456,305
20092055,Wah Han Printing Co. Pte Ltd,1,2021-12-08,22,1,2021-11-07,2024-12-11,0.045454545454545456,1130
271525,Hiverlab Pte Ltd.,1,2023-09-13,22,2,2021-08-05,2023-12-30,0.09090909090909091,877
3008182,Cybersprout,1,2021-09-14,22,5,2021-09-14,2024-05-29,0.22727272727272727,988
22165833,"Hellmann Worldwide Logistics, Inc.",1,2024-11-07,22,1,2021-08-31,2024-11-07,0.045454545454545456,1164
17338971,Red Dot Bespoke,1,2024-11-07,22,1,2021-04-07,2024-12-22,0.045454545454545456,1355
93022149,Protech Automotive,1,2021-03-31,22,4,2021-03-01,2021-11-06,0.18181818181818182,250
93017680,Q Collection,1,2023-12-28,22,2,2023-10-02,2024-11-20,0.09090909090909091,415
279074,MCo Corp.,1,2022-09-21,22,9,2021-11-06,2024-10-08,0.4090909090909091,1067
1389078,CloudCover Pte. Ltd.,1,2022-09-27,22,1,2021-06-15,2023-02-15,0.045454545454545456,610
96094986,D-MARK TECHNOLOGIES,1,2021-03-17,22,3,2021-03-17,2024-10-16,0.13636363636363635,1309
24997503,Yakta,1,2023-08-09,22,3,2023-08-09,2024-10-29,0.13636363636363635,447
287503,Purac Biochem BV,1,2024-03-06,22,1,2021-03-03,2024-11-25,0.045454545454545456,1363
93249442,Hexagon Consulting,1,2021-11-29,22,2,2021-11-29,2024-08-20,0.09090909090909091,995
687274,Nexus FrontierTech Ltd.,1,2024-05-20,22,1,2021-03-15,2024-05-20,0.045454545454545456,1162
1186033,"Hologic, Inc.",1,2024-08-13,22,1,2021-03-01,2024-12-05,0.045454545454545456,1375
4681635,Liftoff Software India Pvt Ltd.,1,2024-10-30,22,1,2022-08-12,2024-12-21,0.045454545454545456,862
12792929,GLOWFULLY PTE. LTD.,1,2024-08-16,22,1,2021-09-10,2024-08-16,0.045454545454545456,1071
95276064,amazing star montessori house,1,2021-04-21,22,1,2021-03-16,2024-10-29,0.045454545454545456,1323
105756,Pico Guards Pte Ltd.,1,2021-08-11,22,5,2021-06-08,2024-10-15,0.22727272727272727,1225
529532,Dkatalis,1,2024-08-23,22,1,2021-09-09,2024-08-23,0.045454545454545456,1079
93302608,Fort Financial Pte Ltd.,1,2024-04-27,22,1,2021-09-01,2024-08-22,0.045454545454545456,1086
6725896,This Humid House,1,2024-08-28,22,2,2022-02-20,2024-10-30,0.09090909090909091,983
252064,Silverdale Capital Pte Ltd.,1,2022-05-16,22,1,2021-09-23,2024-07-09,0.045454545454545456,1020
21040188,HireRight Holdings Corp.,1,2021-08-16,22,2,2021-08-16,2024-12-13,0.09090909090909091,1215
384868,"Corning, Inc.",1,2023-03-27,22,1,2021-03-13,2024-10-30,0.045454545454545456,1327
22211551,FremantleMedia Netherlands BV,1,2024-03-25,21,3,2021-07-02,2024-09-06,0.14285714285714285,1162
220944,Flexosense Pte Ltd.,1,2023-11-09,21,2,2021-09-22,2024-11-18,0.09523809523809523,1153
6263874,SoCh (Social Change) in Action,1,2024-03-18,21,1,2021-11-07,2024-09-19,0.047619047619047616,1047
1685694,Workplace Elements LLC,1,2021-03-18,21,3,2021-03-15,2024-07-04,0.14285714285714285,1207
7328789,Gotion Singapore Pte Ltd.,1,2024-07-08,21,1,2023-04-17,2024-10-17,0.047619047619047616,549
3094714,Shenzhen Depend Electronics Ltd.,1,2024-06-12,21,6,2023-07-21,2024-12-05,0.2857142857142857,503
497011,Zero1 Pte Ltd.,1,2023-09-08,21,1,2021-06-10,2024-07-19,0.047619047619047616,1135
2957614,CREATIVE FOOD CONCEPT PTE LTD,1,2023-02-14,21,1,2021-07-27,2024-05-17,0.047619047619047616,1025
1068279,Mobbin,1,2024-01-11,21,3,2022-07-19,2024-08-21,0.14285714285714285,764
492970,Xnergy Autonomous Power Technologies Pte Ltd.,1,2024-02-26,21,4,2022-03-22,2024-10-23,0.19047619047619047,946
1485475,"Breka Bakery & Cafe, Inc.",1,2021-07-02,21,2,2021-04-07,2024-07-20,0.09523809523809523,1200
2467838,BRIGHT SPARKS CHILDCARE,1,2023-03-02,21,1,2021-12-25,2024-12-13,0.047619047619047616,1084
25707349,Access World AG,1,2022-09-27,21,1,2022-02-14,2024-04-25,0.047619047619047616,801
285246,Cornerstone Advisers LLC,1,2024-10-23,21,1,2024-09-27,2024-12-10,0.047619047619047616,74
93974612,Sovereign's Capital Management LLC/VC/,1,2024-06-08,21,7,2024-06-01,2024-12-17,0.3333333333333333,199
6249430,Singapore Malay Chamber of Commerce & Industry (SMCCI),1,2023-01-26,21,5,2021-10-13,2024-11-25,0.23809523809523808,1139
21263870,Rxilient,1,2024-07-30,21,2,2022-06-27,2024-08-07,0.09523809523809523,772
650662,Teo Soon Seng Pte Ltd.,1,2021-10-04,21,3,2021-10-04,2024-11-21,0.14285714285714285,1144
1113553,K2 Corporate Mobility Ltd.,1,2023-09-05,21,3,2021-03-09,2024-11-25,0.14285714285714285,1357
22513126,JEFFERY ADVENTURE PTE. LTD.,1,2024-02-27,21,2,2022-07-02,2024-12-05,0.09523809523809523,887
832420,Sagawa Express Singapore Pte Ltd.,1,2024-09-27,21,2,2023-02-16,2024-12-17,0.09523809523809523,670
1128704,Delta T LLC,1,2022-08-24,21,3,2022-03-21,2024-06-05,0.14285714285714285,807
4861317,Mashwire Pte Ltd.,1,2024-06-10,21,2,2021-06-23,2024-07-16,0.09523809523809523,1119
99027056,Transformhub Consulting PTE LTD,1,2023-09-20,21,5,2023-05-11,2024-03-03,0.23809523809523808,297
7939640,Mr McKenic,1,2021-03-13,21,1,2021-03-13,2024-12-20,0.047619047619047616,1378
4635700,LearnCollab,1,2024-12-15,21,1,2021-08-19,2024-12-15,0.047619047619047616,1214
97315518,Pink Orchard,1,2024-12-13,21,1,2022-02-16,2024-12-13,0.047619047619047616,1031
150678,Grid LLC,1,2024-02-14,21,5,2021-04-21,2024-11-07,0.23809523809523808,1296
1330216,"Bentley Systems, Inc.",1,2021-04-01,21,1,2021-03-16,2024-09-09,0.047619047619047616,1273
22255840,INEOS Styrolution Group GmbH,1,2021-08-17,21,1,2021-05-05,2024-07-18,0.047619047619047616,1170
22256313,ZwickRoell GmbH & Co. KG,1,2024-12-12,20,2,2021-03-01,2024-12-19,0.1,1389
6208927,"Singapore International Film Festival Ltd.,",1,2021-08-30,20,5,2021-07-01,2024-08-21,0.25,1147
22785957,"Compliance Engineering Service, Inc.",1,2022-03-28,20,2,2021-08-24,2024-11-15,0.1,1179
4538141,Atome Philippines,1,2023-02-17,20,1,2021-03-05,2024-07-25,0.05,1238
5053046,Monokei,1,2022-02-07,20,2,2022-02-07,2024-03-08,0.1,760
22215330,Xin Ming HUA Pte Ltd.,1,2023-09-28,20,2,2021-09-22,2024-09-20,0.1,1094
6345946,Sports Fashion Pte Ltd,1,2024-07-16,20,1,2022-05-04,2024-10-03,0.05,883
22264015,"DoubleVerify, Inc.",1,2023-11-07,20,1,2021-03-09,2024-09-05,0.05,1276
22026140,Centre for Management Technology Pte. Ltd.,1,2022-04-08,20,1,2021-10-31,2024-11-28,0.05,1124
24763532,Space Faculty,1,2024-04-09,20,2,2022-10-16,2024-12-19,0.1,795
1002125,"Flexport, Inc.",1,2021-09-17,20,3,2021-03-25,2024-10-14,0.15,1299
21810870,Precept Global Pte Ltd,1,2023-05-25,20,2,2022-01-27,2024-07-05,0.1,890
10380643,Cheng Heng Paper Products Co. Pte Ltd.,1,2023-10-18,20,1,2022-05-03,2024-03-04,0.05,671
1384160,"bluemedia, Inc.",1,2024-12-06,20,1,2022-09-07,2024-12-06,0.05,821
20926510,"Delinea, Inc.",1,2021-11-04,20,2,2021-03-16,2023-06-28,0.1,834
1105256,TDK Corp.,1,2021-04-26,20,4,2021-04-26,2024-12-11,0.2,1325
21133450,ASICS SEA,1,2022-07-29,20,2,2021-12-25,2024-11-19,0.1,1060
1832970,Advanced Consultancy Pte Ltd.,1,2022-11-07,20,5,2021-12-21,2024-05-20,0.25,881
93973321,FREEZONEX,1,2024-02-28,20,1,2023-06-08,2024-08-02,0.05,421
10707572,Snaptech LLC,1,2024-02-19,20,7,2022-03-03,2024-11-21,0.35,994
986337,Apple Recruitment Services,1,2024-07-30,20,1,2024-06-04,2024-12-18,0.05,197
7698248,Catalyst Solutions LLC (Colorado),1,2023-10-04,20,1,2021-07-09,2024-01-21,0.05,926
20543615,Zoala Pte Ltd.,1,2022-05-20,20,4,2022-01-26,2024-10-21,0.2,999
16166319,Nury Dian Xin Delight Pte Ltd,1,2021-10-07,20,1,2021-10-07,2024-10-26,0.05,1115
7734685,Eilerson Development Corp.,1,2022-11-07,20,1,2021-09-17,2024-10-14,0.05,1123
688541,SBM Offshore NV,1,2023-01-17,20,1,2021-04-30,2024-08-06,0.05,1194
960049,"Viavi Solutions, Inc.",1,2021-12-01,19,1,2021-06-07,2024-05-22,0.05263157894736842,1080
21590551,Klive Asia Pte Ltd.,1,2022-01-16,19,1,2021-05-17,2024-11-01,0.05263157894736842,1264
1155690,"Agape Communications, Inc.",1,2024-08-29,19,2,2022-05-13,2024-12-24,0.10526315789473684,956
95220849,Tech Data Thailand,1,2022-08-23,19,8,2022-02-12,2024-08-22,0.42105263157894735,922
914537,AIM Austria GmbH,1,2024-07-08,19,1,2021-12-02,2024-11-20,0.05263157894736842,1084
564490,Strive Education Pte Ltd.,1,2024-09-11,19,3,2021-04-15,2024-10-15,0.15789473684210525,1279
1084734,"BlockFi, Inc.",1,2021-05-11,19,1,2021-03-02,2022-04-08,0.05263157894736842,402
4697203,Lintec & Linnhoff Holdings Pte Ltd.,1,2022-06-06,19,2,2021-04-06,2023-11-03,0.10526315789473684,941
975721,Applovin Corp.,1,2024-03-02,19,1,2021-05-12,2024-09-03,0.05263157894736842,1210
4815816,Malt & Wine Asia Pte Ltd,1,2022-03-24,19,3,2021-10-22,2024-10-02,0.15789473684210525,1076
1125268,"Pixalate, Inc.",1,2024-07-18,19,4,2022-08-24,2024-11-28,0.21052631578947367,827
112959,"Visier, Inc.",1,2024-02-21,19,9,2022-11-08,2024-11-28,0.47368421052631576,751
938213,Refine Printing Pte Ltd.,1,2021-03-11,19,1,2021-03-11,2024-11-29,0.05263157894736842,1359
99455521,Onesea Solutions Pte Ltd,1,2024-07-17,19,1,2024-03-28,2024-12-02,0.05263157894736842,249
6027362,San Yu Adventist School,1,2022-05-18,19,1,2021-03-12,2023-01-21,0.05263157894736842,680
243461,Providend Ltd.,1,2022-01-11,19,1,2021-03-23,2024-09-16,0.05263157894736842,1273
359449,Eli Lilly & Co.,1,2024-06-06,19,1,2021-03-24,2024-11-26,0.05263157894736842,1343
18416813,Solutions Space Oy,1,2024-01-08,19,1,2023-03-20,2024-12-30,0.05263157894736842,651
5620208,Powertech Services Inc.,1,2021-08-26,19,11,2021-07-01,2024-11-27,0.5789473684210527,1245
6163875,Shermay's Singapore Fine Food,1,2021-11-15,19,13,2021-11-15,2024-12-20,0.6842105263157895,1131
6476033,SUPREME COMPONENTS INTERNATIONAL PTE LTD,1,2021-05-07,19,1,2021-05-07,2023-02-15,0.05263157894736842,649
1164094,"Toys ""R"" Us, Inc.",1,2024-03-28,19,1,2021-08-27,2024-09-30,0.05263157894736842,1130
818440,Avado Learning Ltd.,1,2021-03-03,19,2,2021-03-03,2022-01-21,0.10526315789473684,324
1264539,"aCommerce Co., Ltd. (Thailand)",1,2021-03-23,19,8,2021-03-23,2024-11-06,0.42105263157894735,1324
96345615,Autism Recovery Network (96345615),1,2023-01-13,19,1,2022-01-12,2024-10-30,0.05263157894736842,1022
1801489,ACS Freight Services Pte Ltd,1,2023-01-19,19,3,2021-10-12,2024-08-23,0.15789473684210525,1046
22151039,Vontobel Holding AG,1,2022-06-09,19,2,2021-03-11,2024-12-04,0.10526315789473684,1364
20091654,WAGO Singapore,1,2022-08-17,19,2,2022-01-19,2024-08-22,0.10526315789473684,946
1320876,Nucleus Global Ltd.,1,2022-02-09,19,1,2021-03-24,2024-12-20,0.05263157894736842,1367
55716539,"Neuroglee Therapeutics, Inc.",1,2022-09-09,19,1,2021-03-19,2022-09-09,0.05263157894736842,539
14983332,Lush Furniture,1,2023-02-15,19,1,2021-03-10,2024-12-31,0.05263157894736842,1392
6884061,Ultifresh Activewear,1,2024-10-03,19,1,2021-07-14,2024-11-26,0.05263157894736842,1231
92920113,Sundaze,1,2021-09-03,19,1,2021-09-03,2024-09-30,0.05263157894736842,1123
20931286,"Best Denki Co., Ltd.",1,2021-12-03,19,4,2021-07-14,2024-02-14,0.21052631578947367,945
2358118,"Biocomm, Pte Ltd.",1,2023-01-30,19,2,2021-10-05,2024-12-20,0.10526315789473684,1172
93246316,"Black Box, Inc.",1,2023-06-16,19,1,2021-07-09,2024-09-26,0.05263157894736842,1175
93278367,GMAC Global Relocation Services,1,2022-07-04,19,1,2021-03-19,2022-10-22,0.05263157894736842,582
6756475,Travis Masiero Restaurant Group,1,2022-03-19,19,1,2021-12-31,2024-10-17,0.05263157894736842,1021
332020,HOPE Technik Pte Ltd.,1,2024-05-13,19,2,2021-08-03,2024-07-02,0.10526315789473684,1064
883541,"Onsite Health, Inc.",1,2024-04-08,19,1,2022-12-28,2024-11-06,0.05263157894736842,679
22160030,"Hisense Group Co., Ltd.",1,2024-12-02,19,2,2024-09-10,2024-12-04,0.10526315789473684,85
20286481,"Win Engineering, LLC",1,2023-09-05,19,3,2021-07-02,2024-09-02,0.15789473684210525,1158
49749588,Theratech.ai,1,2024-11-16,18,2,2024-06-05,2024-12-15,0.1111111111111111,193
22206318,Yamari Singapore Pte Ltd.,1,2024-01-04,18,3,2022-01-11,2024-12-17,0.16666666666666666,1071
23515806,AffordAGraph Pte. Ltd.,1,2022-11-17,18,4,2021-10-19,2023-03-06,0.2222222222222222,503
96395271,Tristars Engineering and Services Pte Ltd,1,2021-07-01,18,1,2021-07-01,2024-11-20,0.05555555555555555,1238
22044078,Tuodao (Singapore),1,2024-07-02,18,2,2022-02-17,2024-07-02,0.1111111111111111,866
21273007,Commune Wear,1,2023-12-03,18,3,2021-06-02,2024-10-19,0.16666666666666666,1235
23207103,Nika.eco,1,2023-03-01,18,11,2022-10-14,2024-10-22,0.6111111111111112,739
92950066,Smart Consultancy,1,2024-07-10,18,1,2023-10-12,2024-12-24,0.05555555555555555,439
95445331,PDstars Pte Ltd (PMDT Singapore Branch),1,2023-01-14,18,12,2021-09-16,2024-09-17,0.6666666666666666,1097
94916904,Roboworks Learning Technologies LLP,1,2024-02-03,18,1,2022-12-28,2024-08-08,0.05555555555555555,589
22229816,"Weston, Inc.",1,2022-12-06,18,1,2022-09-09,2023-02-08,0.05555555555555555,152
134023,Axil Scientific Pte Ltd.,1,2021-09-23,18,3,2021-09-23,2024-08-21,0.16666666666666666,1063
22175283,HIWIN Singapore Pte Ltd.,1,2021-09-19,18,5,2021-03-30,2024-07-04,0.2777777777777778,1192
98185288,DCI Innovation,1,2024-11-21,18,1,2022-07-28,2024-11-21,0.05555555555555555,847
95290002,Shanda,1,2024-04-15,18,6,2022-03-25,2024-12-29,0.3333333333333333,1010
94182046,FORT Agency,1,2023-09-16,18,2,2023-07-30,2024-03-26,0.1111111111111111,240
101303432,Tarrant Capital IP LLC,1,2023-11-22,18,1,2022-05-26,2024-12-05,0.05555555555555555,924
426271,Tickled Media Pte Ltd.,1,2023-04-13,18,2,2021-06-03,2024-12-13,0.1111111111111111,1289
6581155,Teg International College Pte Ltd.,1,2024-05-08,18,1,2023-01-06,2024-09-18,0.05555555555555555,621
16135723,HMH AS,1,2022-11-10,18,2,2022-03-04,2024-10-26,0.1111111111111111,967
1288255,Starlite Printers (Far East) Pte Ltd.,1,2023-01-04,18,5,2021-03-12,2024-12-11,0.2777777777777778,1370
3356380,Encore Engineering Inc,1,2022-02-01,18,1,2022-02-01,2024-12-19,0.05555555555555555,1052
690449,"Holmusk USA, Inc.",1,2021-10-20,18,4,2021-10-20,2024-05-15,0.2222222222222222,938
1213887,"Huron Consulting Group, Inc.",1,2024-01-25,18,2,2022-03-10,2024-11-27,0.1111111111111111,993
7071980,Vulcan Ai Technologies Pte Ltd.,1,2024-01-18,18,1,2021-11-06,2024-01-18,0.05555555555555555,803
2395723,Bluestream Pte Ltd.,1,2022-09-14,18,2,2021-07-01,2024-09-06,0.1111111111111111,1163
7646047,Trendstream Ltd.,1,2024-07-29,18,1,2021-08-05,2024-07-29,0.05555555555555555,1089
11568572,e-concierge,1,2023-09-18,18,1,2022-02-10,2024-05-31,0.05555555555555555,841
6204894,SimplyGood,1,2024-04-05,18,3,2021-07-31,2024-11-16,0.16666666666666666,1204
7681742,BetterData Pte Ltd.,1,2022-12-31,18,9,2022-12-31,2024-12-16,0.5,716
781220,Equinet Academy Pvt Ltd.,1,2023-11-30,18,3,2021-09-10,2024-09-02,0.16666666666666666,1088
310886,Pearson Plc,1,2023-02-21,18,1,2021-11-24,2023-10-12,0.05555555555555555,687
4824943,Manjra Ex Pte Ltd,1,2023-11-23,18,1,2022-06-20,2024-09-09,0.05555555555555555,812
247454,CDI Energy Products LLC,1,2023-01-19,18,3,2021-09-28,2024-10-17,0.16666666666666666,1115
16733139,Piggyback Creative Productions,1,2023-07-12,18,4,2021-05-10,2024-03-04,0.2222222222222222,1029
14070350,Jobstation Services Pte Ltd,1,2024-04-05,18,1,2024-01-23,2024-12-23,0.05555555555555555,335
1443558,"Mattson Technology, Inc.",1,2022-09-26,18,1,2022-09-26,2024-12-04,0.05555555555555555,800
3277023,Edge Healthcare,1,2024-04-16,18,2,2021-07-02,2024-09-30,0.1111111111111111,1186
669612,Target Media Culcreative Pte Ltd.,1,2024-09-03,17,1,2021-10-19,2024-12-11,0.058823529411764705,1149
1342200,Mr Popiah Pte Ltd.,1,2024-07-16,17,1,2021-07-30,2024-12-28,0.058823529411764705,1247
8093039,Astor International School,1,2024-07-12,17,1,2021-03-05,2024-10-21,0.058823529411764705,1326
92162,Tekmark Global Solutions LLC,1,2023-09-13,17,1,2021-07-13,2024-06-24,0.058823529411764705,1077
1442823,DREA Asia Pte Ltd.,1,2023-08-12,17,2,2021-04-27,2024-10-09,0.11764705882352941,1261
93186627,news,1,2024-02-29,17,1,2021-07-15,2024-02-29,0.058823529411764705,959
9202532,Auto Empire Impex Pte Ltd,1,2023-09-28,17,8,2023-09-28,2024-04-22,0.47058823529411764,207
1638240,Tetsuyu Healthcare Holdings Pte Ltd,1,2023-01-26,17,2,2021-09-10,2024-08-12,0.11764705882352941,1067
20349,"Shimano, Inc.",1,2021-04-28,17,1,2021-03-09,2022-01-05,0.058823529411764705,302
1093828,"TYR Sport, Inc.",1,2021-03-09,17,3,2021-03-09,2024-06-27,0.17647058823529413,1206
108534,Mizuno Singapore Pte Ltd.,1,2021-12-10,17,5,2021-07-01,2024-11-27,0.29411764705882354,1245
1085661,Breast Cancer Foundation,1,2024-02-29,17,1,2022-01-11,2024-10-21,0.058823529411764705,1014
96330967,Cogri Asia Pacific,1,2022-08-04,17,3,2021-03-04,2024-08-19,0.17647058823529413,1264
360762,Sodick Singapore Pte Ltd.,1,2023-06-14,17,4,2022-03-22,2024-01-24,0.23529411764705882,673
94779359,Atlas dd,1,2021-03-18,17,4,2021-03-15,2022-05-20,0.23529411764705882,431
948433,PatSnap Pte Ltd.,1,2023-09-27,17,8,2023-09-27,2024-11-08,0.47058823529411764,408
913395,Ppp Academy Group,1,2022-06-13,17,8,2021-12-09,2024-11-28,0.47058823529411764,1085
900549,Zwoo Mobile Pte Ltd.,1,2024-01-02,17,1,2021-03-08,2024-01-02,0.058823529411764705,1030
863608,Chello Agency Pty Ltd.,1,2024-01-21,17,2,2022-05-01,2024-12-13,0.11764705882352941,957
97556109,A&G Equipment Pte Ltd,1,2024-04-10,17,1,2021-03-04,2024-10-15,0.058823529411764705,1321
95728539,Lyza Education,1,2024-04-24,17,1,2023-08-15,2024-10-22,0.058823529411764705,434
1741235,A And A Solutions,1,2023-12-14,17,1,2021-10-22,2024-02-12,0.058823529411764705,843
6189,Ming Labs GmbH,1,2021-12-22,17,1,2021-10-15,2022-12-20,0.058823529411764705,431
290092,"Nautilus Labs, Inc.",1,2021-11-22,17,1,2021-09-14,2023-08-08,0.058823529411764705,693
18227440,Sin Ocean Pte Ltd,1,2024-03-02,17,3,2021-09-14,2024-10-01,0.17647058823529413,1113
6266918,Socialyse Paris,1,2024-06-26,17,6,2022-04-25,2024-12-02,0.35294117647058826,952
6208804,Singapore Chinese Chamber Institute Of Business,1,2024-03-21,17,3,2021-08-27,2024-08-26,0.17647058823529413,1095
72156,Gaigai Enterprise Sdn Bhd.,1,2023-01-13,17,1,2021-08-14,2024-05-13,0.058823529411764705,1003
494991,Soundzipper Llp,1,2023-05-02,17,3,2021-10-12,2024-10-29,0.17647058823529413,1113
4487909,Kids Zone,1,2022-12-29,17,1,2022-08-23,2023-05-08,0.058823529411764705,258
99880048,ACTIV360,1,2021-09-14,17,2,2021-09-07,2022-10-26,0.11764705882352941,414
5358233,"Crea Co., Ltd.",1,2021-12-20,17,3,2021-05-28,2023-01-09,0.17647058823529413,591
81387864,Elysian Design Studio,1,2021-10-26,17,10,2021-10-26,2024-11-25,0.5882352941176471,1126
1953137,"Aloha Consulting Group, Inc.",1,2022-12-26,17,1,2022-12-26,2024-02-26,0.058823529411764705,427
5522066,Pets Avenue Veterinary Clinic,1,2023-08-06,17,1,2021-03-08,2024-10-12,0.058823529411764705,1314
235123,Economics Design Pvt Ltd.,1,2022-09-01,16,1,2021-12-13,2023-07-31,0.0625,595
5467620,Pasture Holdings Ltd.,1,2023-11-08,16,6,2023-11-08,2024-09-18,0.375,315
380942,James Fisher & Sons Plc,1,2021-06-28,16,1,2021-03-23,2024-10-03,0.0625,1290
1077851,Worldwide Book Services Ltd.,1,2024-12-18,16,1,2021-10-19,2024-12-18,0.0625,1156
347298,Shell Chemicals Seraya Pte Ltd.,1,2023-01-25,16,2,2022-07-12,2024-07-11,0.125,730
11459217,Dow Jones AER Co Inc,1,2024-12-24,16,1,2022-06-25,2024-12-24,0.0625,913
1063093,"Focuslight Technologies, Inc.",1,2024-05-10,16,2,2024-05-08,2024-12-19,0.125,225
13831472,Invictus Advisory Ltd,1,2024-01-23,16,1,2021-08-28,2024-11-28,0.0625,1188
986459,"Coupa Software, Inc.",1,2021-04-14,16,3,2021-04-14,2024-08-20,0.1875,1224
6158179,Sheffield Employment Agency Pte Ltd,1,2023-11-20,16,2,2021-03-20,2024-12-24,0.125,1375
11018469,CZ CONSULTANCY,1,2023-11-07,16,5,2021-11-17,2024-04-17,0.3125,882
4158057,Indus IntelliRisk & IntelliSense Services Pvt. Ltd,1,2023-08-09,16,3,2023-07-04,2024-12-12,0.1875,527
959541,Nikon SLM Solutions AG,1,2024-07-08,16,1,2021-08-10,2024-07-08,0.0625,1063
974060,"Sc International, Inc.",1,2024-08-08,16,3,2022-05-02,2024-10-16,0.1875,898
93433017,Cay,1,2022-04-11,16,3,2022-04-11,2024-07-30,0.1875,841
22786706,China Alpha Fund Management (HK) Ltd.,1,2023-11-01,16,1,2023-03-09,2024-02-02,0.0625,330
8254019,A-Team Pest Control Pte Ltd.,1,2023-07-05,16,4,2021-03-04,2024-12-03,0.25,1370
35758,Tipota Pty Ltd.,1,2023-12-20,16,1,2021-05-30,2023-12-20,0.0625,934
90555669,Trejoy,1,2023-01-17,16,4,2021-10-15,2024-12-02,0.25,1144
20946209,T.P. Vision Holding BV,1,2024-06-04,16,1,2022-08-20,2024-11-01,0.0625,804
8034751,Heritage Academy,1,2021-12-14,16,2,2021-12-14,2024-09-10,0.125,1001
1964817,Alterglow,1,2024-12-07,16,1,2024-01-04,2024-12-08,0.0625,339
48524241,Banff Cyber Technologies,1,2024-10-09,16,1,2021-07-22,2024-12-26,0.0625,1253
24994296,Xcellent Engineering Pte Ltd.,1,2021-10-19,16,1,2021-03-18,2024-07-04,0.0625,1204
8152913,13 Honey,1,2022-01-11,16,1,2021-03-05,2023-12-18,0.0625,1018
24930573,Bright Point Capital Pte Ltd.,1,2024-11-14,16,1,2021-11-17,2024-11-26,0.0625,1105
93116910,MINORI,1,2022-06-14,16,1,2022-02-05,2022-07-15,0.0625,160
93513491,Apex Credit Management LLC,1,2021-11-03,16,7,2021-11-03,2024-11-01,0.4375,1094
2992064,Cuckoo Electronics Malaysia SDN. BHD,1,2024-04-24,16,1,2022-07-05,2024-10-09,0.0625,827
3282746,AutoClinic,1,2023-12-26,16,1,2023-07-06,2024-09-10,0.0625,432
23463897,Rainbow Minerals Pte Ltd.,1,2022-06-23,16,2,2022-05-12,2024-10-08,0.125,880
93246077,Hit the Mark,1,2021-10-05,16,1,2021-10-05,2024-11-29,0.0625,1151
270792,Barworks Wine & Spirits Pte Ltd.,1,2022-02-04,16,2,2021-09-17,2024-04-16,0.125,942
22229415,Plusgrade SEC,1,2022-07-01,16,1,2021-04-16,2024-07-17,0.0625,1188
25613,"Flash Express Co., Ltd.",1,2022-12-28,16,1,2022-12-28,2024-04-03,0.0625,462
22179717,Premier Research Group Ltd.,1,2021-08-05,16,1,2021-03-02,2022-04-20,0.0625,414
22883750,B+S Engineering GmbH,1,2021-03-11,16,8,2021-03-11,2024-04-19,0.5,1135
473956,Garuda Robotics Pte Ltd.,1,2022-01-19,16,1,2021-08-31,2024-12-18,0.0625,1205
1223555,NVIDIA Corp.,1,2024-10-08,16,1,2024-07-25,2024-12-20,0.0625,148
584367,Diehl Stiftung & Co. KG,1,2022-06-06,16,8,2022-06-06,2024-11-28,0.5,906
96935958,Sinologistics Overseas Pte Ltd,1,2024-05-13,16,2,2023-10-03,2024-11-06,0.125,400
16131019,"HOC, Inc.",1,2022-04-28,16,1,2021-03-12,2022-11-03,0.0625,601
16757887,Piranha Pte Ltd.,1,2023-08-11,16,7,2023-08-11,2024-09-17,0.4375,403
17932759,Scientific Growth,1,2021-11-23,16,2,2021-03-19,2024-01-06,0.125,1023
425071,Shield AI Technologies PTE ltd.,1,2024-06-18,16,1,2021-10-08,2024-12-27,0.0625,1176
17807656,Elmich JSC,1,2023-02-23,16,1,2021-07-01,2024-08-13,0.0625,1139
96787930,Premier Advisory,1,2022-02-08,16,1,2021-04-06,2024-11-14,0.0625,1318
427410,Arcondis AG,1,2024-07-18,16,1,2022-02-05,2024-10-04,0.0625,972
19034205,TECHTIMIA ENGINEERING PTE LTD,1,2024-11-14,16,2,2022-04-04,2024-11-22,0.125,963
844898,CE-Test & Measurement (S) Pte Ltd.,1,2024-04-26,16,1,2021-07-27,2024-08-20,0.0625,1120
480593,T.A.T. Industries Asia Pacific Pte Ltd.,1,2022-04-14,16,2,2021-08-03,2024-05-29,0.125,1030
163415,"Specialized Bicycle Components, Inc.",1,2022-07-28,15,1,2021-05-14,2024-06-26,0.06666666666666667,1139
21938459,Sol Mart,1,2024-03-21,15,1,2021-11-06,2024-11-12,0.06666666666666667,1102
1180811,Fincore Ltd.,1,2023-04-11,15,2,2022-03-07,2024-12-26,0.13333333333333333,1025
3849072,Green Spade Pte Ltd,1,2024-11-25,15,1,2021-03-03,2024-11-25,0.06666666666666667,1363
333459,Hrhub Co. Ltd.,1,2022-01-19,15,2,2021-08-09,2023-01-11,0.13333333333333333,520
99967219,BizChamp International College,1,2023-11-27,15,6,2023-04-17,2024-12-30,0.4,623
6169889,SHL Consulting,1,2024-04-02,15,1,2024-03-05,2024-10-10,0.06666666666666667,219
21716713,MyRepublic Digital,1,2023-10-24,15,1,2022-09-20,2024-01-23,0.06666666666666667,490
4136176,ICS - International Conference Services - Denmark - by MCI,1,2022-06-23,15,3,2021-04-08,2022-10-12,0.2,552
10926887,CRITICAL MANAGEMENT LIMITED LIABILITY PARTNERSHIP,1,2024-08-22,15,1,2022-03-22,2024-08-22,0.06666666666666667,884
6078383,Scloud Pte Ltd.,1,2023-11-09,15,1,2021-06-03,2024-12-17,0.06666666666666667,1293
22203890,Weidmüller Ltd.,1,2023-02-06,15,1,2021-09-23,2023-07-13,0.06666666666666667,658
93591451,Windranger Labs,1,2023-11-10,15,4,2022-06-15,2024-12-10,0.26666666666666666,909
93255513,Haworth Singapore Pte Ltd,1,2022-01-15,15,2,2021-12-10,2024-09-09,0.13333333333333333,1004
16166880,"NuStar Technologies, Inc.",1,2023-02-23,15,1,2022-08-23,2024-10-17,0.06666666666666667,786
1223730,"Biofourmis, Inc.",1,2021-12-23,15,1,2021-03-13,2022-09-27,0.06666666666666667,563
92886816,TI,1,2023-02-07,15,1,2021-03-24,2024-12-02,0.06666666666666667,1349
48500648,Mind Stretcher Learning Centre Pte Ltd.,1,2024-09-26,15,2,2021-10-12,2024-11-13,0.13333333333333333,1128
40849166,Purewater Plumbing,1,2023-04-17,15,1,2021-11-18,2024-07-03,0.06666666666666667,958
7873102,Raffles Kidz @ Jurong West,1,2022-08-11,15,2,2021-08-11,2023-01-19,0.13333333333333333,526
2502350,Bulox Power Pte Ltd,1,2021-03-18,15,5,2021-03-18,2024-06-04,0.3333333333333333,1174
5120,PT Icart Group Indonesia,1,2022-07-26,15,1,2021-03-04,2022-07-26,0.06666666666666667,509
92863440,United Power & Resources,1,2024-01-18,15,1,2022-09-04,2024-12-19,0.06666666666666667,837
7916311,TCP Global Corp.,1,2021-09-10,15,2,2021-09-10,2024-12-13,0.13333333333333333,1190
100526980,ThatBioTutor,1,2024-05-11,15,4,2023-09-10,2024-09-04,0.26666666666666666,360
2773734,ClickAcademy Asia,1,2023-03-22,15,7,2021-06-22,2024-08-08,0.4666666666666667,1143
92925715,Stores,1,2022-04-25,15,3,2022-01-06,2024-03-06,0.2,790
23703033,Business Engineers Asia,1,2021-03-22,15,1,2021-03-22,2024-11-17,0.06666666666666667,1336
1358792,Nanoveu Pte Ltd.,1,2021-12-21,15,3,2021-10-19,2024-11-23,0.2,1131
93078364,NEXGEN WAFER SYSTEMS PTE. LTD.,1,2024-01-09,15,2,2023-03-07,2024-08-13,0.13333333333333333,525
3324595,Elite International Logistic Singapore Pte Ltd,1,2022-07-02,15,1,2021-11-06,2024-12-31,0.06666666666666667,1151
21125492,Arista Singapore Pte Ltd.,1,2024-04-26,15,2,2022-03-22,2024-08-05,0.13333333333333333,867
7898347,SL Foods Pte ltd,1,2024-02-27,15,1,2021-10-26,2024-11-25,0.06666666666666667,1126
477639,"eBay, Inc.",1,2023-10-17,15,1,2021-03-01,2023-10-18,0.06666666666666667,961
932838,"Edupro, Inc.",1,2023-06-07,15,1,2021-03-04,2024-11-29,0.06666666666666667,1366
921792,Groupe Henner Holding SAS,1,2023-01-13,15,8,2021-08-11,2024-07-26,0.5333333333333333,1080
922682,"Saviynt, Inc.",1,2024-05-23,15,1,2021-06-10,2024-12-16,0.06666666666666667,1285
20977908,Bühler AG,1,2024-03-26,15,1,2021-02-04,2024-04-23,0.06666666666666667,1174
95354836,"HPC-AI Technology, Inc.",1,2022-01-25,15,10,2022-01-25,2024-12-29,0.6666666666666666,1069
778298,"Infinity Global, Inc.",1,2023-02-04,15,7,2023-02-04,2024-08-05,0.4666666666666667,548
96280537,Mimosa Asia (S) Pte Ltd.,1,2023-05-25,15,4,2023-02-14,2024-07-05,0.26666666666666666,507
100786929,Calpeda SpA,1,2022-01-05,15,1,2021-11-09,2024-07-22,0.06666666666666667,986
22250544,W. R. Grace & Co.-Conn.,1,2022-12-13,15,2,2021-08-18,2024-11-06,0.13333333333333333,1176
96278492,Mrm Construction,1,2021-04-27,15,6,2021-04-27,2024-12-18,0.4,1331
934413,Tigerhall Pte Ltd.,1,2021-11-27,15,6,2021-11-27,2024-10-09,0.4,1047
93075109,Office of Personnel,1,2024-03-15,14,1,2022-08-08,2024-04-15,0.07142857142857142,616
6296909,Sonnamera Pte Ltd.,1,2022-08-11,14,1,2022-08-11,2023-01-19,0.07142857142857142,161
93221437,Innovax,1,2024-03-14,14,2,2021-05-06,2024-07-22,0.14285714285714285,1173
320095,Austal USA LLC,1,2021-07-22,14,1,2021-07-22,2024-04-04,0.07142857142857142,987
61607,"Meetkai, Inc.",1,2021-12-21,14,2,2021-09-14,2022-08-18,0.14285714285714285,338
14943221,Lovingly Signed,1,2021-06-19,14,6,2021-06-19,2024-05-07,0.42857142857142855,1053
695918,Rotork Plc,1,2024-05-16,14,1,2021-07-27,2024-12-26,0.07142857142857142,1248
93182592,"KR Partners - Energy, Commodities & Natural Resources Recruitment Specialist",1,2024-07-07,14,1,2024-01-24,2024-09-02,0.07142857142857142,222
96711261,Invity,1,2022-05-03,14,3,2022-05-03,2024-11-21,0.21428571428571427,933
1296160,"Genesys Cloud Services, Inc.",1,2023-11-29,14,1,2021-09-28,2024-07-05,0.07142857142857142,1011
8136599,AGX WORLD PTE. LTD.,1,2022-01-31,14,2,2022-01-31,2023-10-24,0.14285714285714285,631
673661,Four Seasons Durians Pte Ltd.,1,2024-06-03,14,1,2021-04-17,2024-08-22,0.07142857142857142,1223
3455763,Evye LLP,1,2023-10-31,14,2,2021-12-28,2024-08-29,0.14285714285714285,975
7740759,EPC Project Services,1,2021-12-11,14,3,2021-08-19,2022-07-13,0.21428571428571427,328
386482,"Coilcraft, Inc.",1,2023-01-31,14,1,2021-03-12,2024-07-04,0.07142857142857142,1210
53731321,FS Tech (53731321),1,2024-08-19,14,1,2023-01-06,2024-10-07,0.07142857142857142,640
7545697,Questex LLC (Massachusetts),1,2022-08-02,14,1,2021-04-01,2023-12-13,0.07142857142857142,986
2370457,Bitsilica Pvt Ltd.,1,2022-11-02,14,4,2022-11-02,2024-12-26,0.2857142857142857,785
1676261,Digital Avenues Ltd.,1,2021-06-17,14,7,2021-06-17,2024-10-23,0.5,1224
95622171,KraneCare Services Pte Ltd,1,2024-05-30,14,1,2022-03-23,2024-07-25,0.07142857142857142,855
7116035,WeConnect (7116035),1,2022-03-21,14,1,2021-10-12,2022-05-30,0.07142857142857142,230
1511315,"Air Products & Chemicals, Inc.",1,2021-06-17,14,2,2021-06-17,2024-04-22,0.14285714285714285,1040
14529741,Lab Science Solution Pte Ltd.,1,2022-09-10,14,1,2021-08-13,2024-10-18,0.07142857142857142,1162
95834372,Momentous Hallmark Group (MHG) Enterprise Pte. Ltd.,1,2023-08-15,14,7,2023-07-19,2023-12-07,0.5,141
148076,Nexus International School (Singapore) Pte Ltd.,1,2021-03-22,14,1,2021-03-09,2021-10-12,0.07142857142857142,217
1409258,Bells Academic Group,1,2024-10-10,14,1,2021-04-01,2024-11-29,0.07142857142857142,1338
5088875,MRM Engineering,1,2021-08-17,14,6,2021-08-17,2024-12-02,0.42857142857142855,1203
6709985,The Drinkery,1,2022-04-12,14,5,2022-01-11,2023-08-29,0.35714285714285715,595
3369234,Rapid Marine HVAC (Asia Pacific) Pte Ltd.,1,2022-07-12,14,4,2021-06-03,2024-04-01,0.2857142857142857,1033
1180906,Dare Contract Services,1,2021-07-29,14,1,2021-07-01,2021-08-11,0.07142857142857142,41
10835199,Simplercloud Pte Ltd,1,2024-06-27,14,6,2021-04-29,2024-12-26,0.42857142857142855,1337
22254598,Euroclear SA/NV,1,2024-07-03,14,1,2021-11-22,2024-11-11,0.07142857142857142,1085
21534134,Innerfyre Co,1,2022-11-29,14,1,2022-05-12,2024-12-03,0.07142857142857142,936
1137219,aelf Pte Ltd.,1,2023-03-08,14,1,2023-03-08,2024-12-04,0.07142857142857142,637
11024026,D'Oculus,1,2024-06-19,14,1,2022-03-22,2024-08-13,0.07142857142857142,875
93385194,CSG Software,1,2021-10-23,14,1,2021-10-15,2023-10-20,0.07142857142857142,735
22332552,BlackScore Pte Ltd.,1,2022-10-21,14,1,2022-07-14,2023-01-19,0.07142857142857142,189
421341,"Glocalize, Inc.",1,2021-12-02,14,1,2021-07-13,2024-11-27,0.07142857142857142,1233
222218,"Beijing Cainiao Network Technology Co., Ltd.",1,2023-08-25,14,1,2022-06-21,2024-11-12,0.07142857142857142,875
4653078,Leo Magan Speech Sanctuary Pte Ltd,1,2023-07-12,14,11,2022-11-22,2024-11-01,0.7857142857142857,710
1088440,Geberit AG,1,2023-02-15,14,1,2022-10-14,2024-12-19,0.07142857142857142,797
15431,Squirro AG,1,2023-05-30,14,9,2021-08-23,2024-12-30,0.6428571428571429,1225
3611887,Foresight Metal Engineering,1,2023-09-08,14,1,2022-07-07,2024-12-18,0.07142857142857142,895
1208775,PSI CRO AG,1,2024-06-13,14,1,2022-04-15,2024-11-21,0.07142857142857142,951
21188655,Stanley SA,1,2024-06-25,14,1,2021-08-17,2024-12-27,0.07142857142857142,1228
7321898,"Beijing Sunshine Printing Technology Co., Ltd.",1,2022-08-12,13,2,2022-06-10,2023-05-09,0.15384615384615385,333
92914804,Nordcore,1,2022-09-09,13,1,2022-01-20,2022-11-14,0.07692307692307693,298
8043374,Cornerstone Advisory LLC /Maryland/,1,2024-11-05,13,1,2024-10-02,2024-11-05,0.07692307692307693,34
16395306,Otaka Engineering And Supplies Pte. Ltd.,1,2024-07-17,13,2,2021-05-31,2024-11-27,0.15384615384615385,1276
4124235,Ibay Systems Pte Ltd.,1,2023-03-18,13,1,2022-08-22,2024-11-03,0.07692307692307693,804
506349,Beam Storage Pte Ltd.,1,2021-10-22,13,1,2021-04-07,2023-12-13,0.07692307692307693,980
24312076,Listening Lab,1,2023-10-13,13,2,2021-03-09,2024-09-02,0.15384615384615385,1273
22236977,Minddoc Health GmbH,1,2023-10-05,13,3,2023-10-05,2024-11-12,0.23076923076923078,404
773541,Allied Vision Technologies GmbH,1,2023-11-20,13,1,2021-08-10,2024-08-27,0.07692307692307693,1113
4304776,I Quadrant,1,2024-01-26,13,1,2022-01-19,2024-09-06,0.07692307692307693,961
348105,BluMaiden Biosciences Pte Ltd.,1,2024-02-26,13,1,2022-01-18,2024-02-26,0.07692307692307693,769
221210,iNova Pharmaceuticals (Singapore) Pte Ltd.,1,2024-05-10,13,1,2024-03-21,2024-08-07,0.07692307692307693,139
97470196,Ee Hui Food Manufacture Pte Ltd.,1,2024-09-09,13,1,2021-08-27,2024-10-02,0.07692307692307693,1132
1101091,Affinite Solutions Pvt Ltd.,1,2024-11-22,13,1,2021-07-01,2024-11-22,0.07692307692307693,1240
22236107,"Whatfix, Inc.",1,2024-10-13,13,1,2022-10-25,2024-10-13,0.07692307692307693,719
378883,"Cloudera, Inc.",1,2024-02-02,13,4,2021-04-07,2024-09-25,0.3076923076923077,1267
880680,Boggi Milano,1,2022-09-08,13,1,2022-09-08,2024-08-29,0.07692307692307693,721
15581265,Miuvo Lifestyle Pte Ltd.,1,2023-08-02,13,3,2022-02-06,2024-10-16,0.23076923076923078,983
22184557,Pan Pacific Vancouver Hotel,1,2024-06-21,13,1,2023-02-23,2024-12-26,0.07692307692307693,672
23472501,Les Laboratoires Servier SAS,1,2024-08-16,13,1,2022-08-07,2024-10-01,0.07692307692307693,786
1354240,Peakflo Pte. Ltd.,1,2023-04-23,13,2,2021-03-12,2023-06-28,0.15384615384615385,838
437762,Elinkeinoelämän Tutkimuslaitoksen kannatusyhdistys Ry,1,2024-03-22,13,2,2021-08-30,2024-06-07,0.15384615384615385,1012
328958,Aeris Dynamics Pte Ltd.,1,2022-09-14,13,1,2022-07-08,2024-09-10,0.07692307692307693,795
22153491,YHS KK,1,2023-02-22,13,1,2021-10-08,2024-12-06,0.07692307692307693,1155
509189,MacDermid Alpha Electronics Solutions,1,2022-05-11,13,1,2022-01-04,2024-12-09,0.07692307692307693,1070
11983806,Ethereal Technology Fzco.,1,2022-05-25,13,3,2022-04-20,2024-03-11,0.23076923076923078,691
520299,Factorem Pte. Ltd.,1,2022-01-31,13,2,2021-09-10,2024-10-01,0.15384615384615385,1117
15598995,M Metal Pte Ltd,1,2021-10-04,13,1,2021-10-04,2024-08-16,0.07692307692307693,1047
10546758,Cloud Health,1,2023-03-03,13,11,2022-05-18,2024-02-14,0.8461538461538461,637
21499525,Hinomi,1,2023-11-14,13,2,2023-11-14,2024-09-30,0.15384615384615385,321
3308131,Elakk Technologies,1,2022-03-13,13,1,2022-03-13,2022-03-25,0.07692307692307693,12
27800603,Hong Food Supplier Pte Ltd.,1,2024-09-10,13,4,2022-06-30,2024-11-01,0.3076923076923077,855
8508426,AgileAlgo Pte Ltd.,1,2023-11-21,13,5,2021-05-26,2024-10-24,0.38461538461538464,1247
2279604,BUSINESS CONTINUITY PLANNING ASIA PTE. LTD.,1,2024-10-13,13,1,2021-10-08,2024-11-07,0.07692307692307693,1126
13422308,House Of Teak,1,2021-11-01,13,4,2021-11-01,2024-12-18,0.3076923076923077,1143
1307779,Netherlands Ministry of Foreign Affairs,1,2024-04-04,13,1,2022-02-16,2024-12-17,0.07692307692307693,1035
1146807,Blazeclan Technologies LLC,1,2024-07-26,13,1,2021-11-06,2024-10-30,0.07692307692307693,1089
6502064,Symphony Music School,1,2021-07-01,13,1,2021-03-17,2024-06-20,0.07692307692307693,1191
1337357,Aramex International Logistics Private Ltd.,1,2024-06-10,13,1,2021-08-25,2024-06-10,0.07692307692307693,1020
16919741,Precede (16919741),1,2024-03-28,13,1,2023-01-03,2024-08-27,0.07692307692307693,602
4471849,Kent Ridge Education Hub Pte Ltd,1,2021-06-15,13,2,2021-03-23,2024-06-10,0.15384615384615385,1175
46138357,Sin Ghee Huat Corp. Ltd.,1,2022-03-04,12,1,2022-03-04,2024-04-17,0.08333333333333333,775
17178470,Quills at Work,1,2022-11-23,12,1,2022-11-22,2024-09-11,0.08333333333333333,659
452766,SES SA,1,2022-03-25,12,2,2021-04-01,2024-05-01,0.16666666666666666,1126
26998125,MiAO,1,2023-11-01,12,2,2023-09-05,2024-06-24,0.16666666666666666,293
22231031,China Aircraft Leasing Group Holdings Ltd.,1,2024-10-15,12,1,2022-07-07,2024-10-15,0.08333333333333333,831
2950651,Craftsmen Specialty Coffee,1,2024-08-27,12,1,2021-03-03,2024-08-29,0.08333333333333333,1275
5355138,ONEZINE PTE. LTD.,1,2023-09-13,12,2,2023-06-13,2024-09-09,0.16666666666666666,454
26832024,Atp Personal Training,1,2023-03-18,12,1,2021-11-15,2024-07-31,0.08333333333333333,989
550146,Win-Pro Consultancy Pte Ltd.,1,2024-09-26,12,1,2021-04-13,2024-12-27,0.08333333333333333,1354
18727969,Studio Five Corp.,1,2022-04-27,12,1,2021-10-07,2023-12-04,0.08333333333333333,788
2784989,CLOUD EXPO ASIA PTE. LTD.,1,2024-05-30,12,1,2022-08-12,2024-05-30,0.08333333333333333,657
3118099,DHATA TECH PTE. LTD.,1,2022-12-08,12,1,2022-12-08,2024-01-29,0.08333333333333333,417
209230,Spectronik Pte Ltd.,1,2021-08-16,12,5,2021-03-26,2024-01-18,0.4166666666666667,1028
4095943,Atlas Consolidated Pte Ltd.,1,2023-09-27,12,2,2021-11-06,2024-04-29,0.16666666666666666,905
22218660,Drcom,1,2024-04-04,12,1,2021-03-13,2024-09-26,0.08333333333333333,1293
6358049,Sri Sun Electrical Engineering Pte Ltd,1,2023-12-05,12,1,2022-05-07,2024-08-15,0.08333333333333333,831
19233541,The Mulberry Tree Learning Centre,1,2024-09-10,12,2,2022-02-15,2024-12-02,0.16666666666666666,1021
3896115,Gtcl Pte Ltd.,1,2022-07-13,12,5,2021-03-09,2024-12-16,0.4166666666666667,1378
4703403,Little Academy,1,2024-10-11,12,2,2024-08-04,2024-12-21,0.16666666666666666,139
22216720,Calbee Moh Seng Pte Ltd.,1,2022-10-26,12,4,2022-10-26,2024-12-16,0.3333333333333333,782
19614045,Trust Yoga,1,2022-02-18,12,2,2021-08-03,2024-07-24,0.16666666666666666,1086
4496551,Kingdom Education Foundation,1,2023-09-10,12,2,2023-06-29,2024-10-08,0.16666666666666666,467
5277650,Novus Solutions,1,2023-11-09,12,1,2021-09-03,2024-09-23,0.08333333333333333,1116
702448,AXI NV,1,2024-09-10,12,1,2023-10-26,2024-12-23,0.08333333333333333,424
21704537,"Mortar Advertising, Inc.",1,2021-04-13,12,5,2021-03-22,2024-05-26,0.4166666666666667,1161
731405,"Destination Asia (Thailand) Co., Ltd.",1,2024-08-22,12,1,2022-07-09,2024-12-04,0.08333333333333333,879
1431740,Infantree LLC,1,2023-01-12,12,1,2023-01-12,2024-12-02,0.08333333333333333,690
21246774,Shanghai Merui Technology Co. Ltd.,1,2023-02-20,12,1,2021-10-21,2024-07-18,0.08333333333333333,1001
15773448,MUNCHEES,1,2023-03-29,12,4,2021-03-29,2023-09-22,0.3333333333333333,907
22149494,Neuberger Berman Group LLC,1,2024-05-07,12,1,2021-12-09,2024-12-30,0.08333333333333333,1117
1132667,"HDR, Inc.",1,2023-11-16,12,1,2021-05-06,2024-11-13,0.08333333333333333,1287
93353742,Durapower,1,2022-06-13,12,1,2022-06-13,2022-09-02,0.08333333333333333,81
803331,Cherie Hearts Holdings Pte Ltd.,1,2024-03-01,12,3,2022-02-16,2024-03-01,0.25,744
9701537,Blue House,1,2024-11-19,12,1,2022-09-05,2024-11-19,0.08333333333333333,806
430055,Taknet Systems Pte Ltd.,1,2024-07-05,12,4,2021-03-22,2024-10-25,0.3333333333333333,1313
9667625,BLIN NETWORK PTE LTD,1,2024-06-28,12,1,2021-08-17,2024-06-28,0.08333333333333333,1046
96976804,Green Tenaga,1,2024-04-29,12,1,2024-04-03,2024-08-15,0.08333333333333333,134
22153051,Ørsted A/S,1,2022-10-26,12,1,2022-01-05,2023-02-13,0.08333333333333333,404
96889352,Bunnyshop.sg,1,2024-03-10,12,6,2022-10-17,2024-11-19,0.5,764
95782097,NextPit GmbH,1,2024-06-21,12,1,2024-06-21,2024-06-22,0.08333333333333333,1
1459664,"IronNet, Inc.",1,2021-07-23,12,1,2021-07-23,2022-06-07,0.08333333333333333,319
8825548,Volvo Cars /Floby Plant Operations/,1,2024-09-29,12,1,2023-11-06,2024-12-30,0.08333333333333333,420
17144956,Q Retail,1,2024-01-02,12,3,2023-07-03,2024-09-18,0.25,443
1975232,Amanotes JSC,1,2022-06-01,12,2,2021-03-24,2022-09-06,0.16666666666666666,531
95817988,Realfit (Singapore) Device Pte Ltd,1,2024-06-10,12,3,2024-05-30,2024-11-10,0.25,164
14373691,KML Associates,1,2022-01-05,12,1,2021-10-23,2022-01-09,0.08333333333333333,78
95576080,Xypher,1,2022-01-19,12,1,2021-10-02,2022-05-03,0.08333333333333333,213
22152769,Dorsett Hospitality International Ltd.,1,2022-04-26,12,1,2022-04-26,2024-06-08,0.08333333333333333,774
97902824,Litemax,1,2021-09-08,12,1,2021-07-28,2024-10-10,0.08333333333333333,1170
387914,JustLogin Pte Ltd.,1,2024-06-20,12,1,2021-06-09,2024-06-20,0.08333333333333333,1107
809413,Mundipharma International Ltd.,1,2023-02-02,12,1,2022-10-12,2024-09-11,0.08333333333333333,700
13811446,Interopera,1,2024-12-26,12,2,2024-01-31,2024-12-31,0.16666666666666666,335
1830859,Advagen Pte Ltd.,1,2023-01-30,12,3,2023-01-30,2024-12-09,0.25,679
1158915,Tech In Asia Pte Ltd.,1,2024-05-09,11,2,2021-10-16,2024-08-20,0.18181818181818182,1039
22186510,Asurion LLC,1,2024-09-19,11,3,2021-10-12,2024-12-16,0.2727272727272727,1161
9938622,Telkomcel,1,2021-12-07,11,1,2021-10-07,2024-11-04,0.09090909090909091,1124
19560754,Trends Interior Design Pte Ltd,1,2022-01-10,11,1,2022-01-10,2024-08-22,0.09090909090909091,955
1229503,"Nintex USA, Inc.",1,2022-01-13,11,1,2021-03-30,2024-12-23,0.09090909090909091,1364
93377572,Datalog Voerde,1,2023-10-05,11,1,2023-10-05,2024-11-11,0.09090909090909091,403
12290576,Fish4Talents,1,2022-10-26,11,1,2022-10-20,2022-11-21,0.09090909090909091,32
712694,"GEM Services, Inc.",1,2024-02-29,11,1,2022-03-22,2024-02-29,0.09090909090909091,709
5746279,QCD Technology @ Westgate,1,2022-01-20,11,2,2021-03-03,2024-01-20,0.18181818181818182,1053
18685142,Store and Send,1,2022-01-20,11,2,2021-12-28,2024-09-09,0.18181818181818182,986
155475,Click2View Pte Ltd.,1,2024-03-27,11,1,2022-03-16,2024-09-26,0.09090909090909091,925
22205460,Nicomatic SA,1,2024-08-13,11,1,2023-09-08,2024-10-21,0.09090909090909091,409
22245830,United Oil Co. Pte Ltd.,1,2022-08-12,11,2,2021-03-29,2022-09-10,0.18181818181818182,530
11245330,DESIPRO,1,2024-07-26,11,1,2023-10-27,2024-12-20,0.09090909090909091,420
18012918,"Sembly, Inc.",1,2023-02-15,11,1,2021-10-22,2023-02-15,0.09090909090909091,481
53598,"Novavax, Inc.",1,2022-04-08,11,2,2022-02-25,2022-10-04,0.18181818181818182,221
1079724,Hakko Products Pte Ltd.,1,2022-06-23,11,1,2021-09-10,2022-07-02,0.09090909090909091,295
420897,Graph Paper Co.,1,2022-01-26,11,1,2021-11-17,2023-01-12,0.09090909090909091,421
94119195,Pandatec,1,2024-12-19,11,2,2023-07-03,2024-12-19,0.18181818181818182,535
997645,DELO Industrie Klebstoffe GmbH & Co. KGaA,1,2021-11-18,11,1,2021-11-18,2024-10-21,0.09090909090909091,1068
57610,Terex Corp.,1,2023-02-01,11,1,2022-10-17,2024-05-22,0.09090909090909091,583
1976866,Amazin? Graze,1,2022-07-19,11,1,2021-04-23,2024-01-04,0.09090909090909091,986
95811187,Sesameed Education,1,2023-06-09,11,4,2023-04-27,2024-01-26,0.36363636363636365,274
1849549,Aesopica Pte Ltd,1,2024-04-16,11,1,2023-01-18,2024-11-29,0.09090909090909091,681
2420274,boniq,1,2021-12-25,11,1,2021-05-21,2022-08-19,0.09090909090909091,455
26501820,ALL WOULD ENVY,1,2022-06-19,11,1,2021-04-12,2024-12-04,0.09090909090909091,1332
16213170,Oceanx,1,2024-09-13,11,1,2024-04-23,2024-12-17,0.09090909090909091,238
92882088,Top Cash 4 Scrap Cars,1,2024-06-13,11,2,2024-04-16,2024-12-16,0.18181818181818182,244
6867228,TYRADS PTE. LTD.,1,2024-10-16,11,1,2022-05-05,2024-12-03,0.09090909090909091,943
7970469,Stella Chemifa Corp.,1,2022-09-09,11,3,2022-03-24,2024-05-15,0.2727272727272727,783
300072,Tradenet Services Srl,1,2022-03-02,11,10,2022-03-02,2024-11-12,0.9090909090909091,986
19699187,ULTI,1,2023-09-18,11,1,2023-09-18,2024-09-03,0.09090909090909091,351
20026278,Vitop Pte Ltd.,1,2024-04-20,11,1,2021-03-18,2024-11-26,0.09090909090909091,1349
7268032,Zero Waste Solution Pte Ltd.,1,2023-02-07,11,2,2022-01-26,2024-12-21,0.18181818181818182,1060
1359281,Pslove Pte Ltd.,1,2023-09-01,11,3,2022-01-04,2024-12-10,0.2727272727272727,1071
434721,"USANA Health Sciences, Inc.",1,2022-10-12,11,1,2022-10-12,2024-10-24,0.09090909090909091,743
22151649,"Christie Digital Systems USA, Inc.",1,2022-03-22,11,1,2022-03-22,2024-05-28,0.09090909090909091,798
2300802,Believer Music,1,2023-10-13,11,1,2021-03-05,2023-10-13,0.09090909090909091,952
7885826,Sainhall Nutrihealth Pte Ltd.,1,2024-10-29,11,2,2021-08-23,2024-11-04,0.18181818181818182,1169
2776,Integrated Packaging Solutions LLC,1,2024-06-21,11,1,2022-10-27,2024-09-03,0.09090909090909091,677
2021894,ANKH Executive,1,2022-09-06,11,6,2022-09-06,2024-12-15,0.5454545454545454,831
7792669,ITSoft Solutions Sdn. Bhd.,1,2024-11-10,11,2,2024-11-08,2024-11-10,0.18181818181818182,2
17832437,Sarker Engineering Pte Ltd,1,2024-06-26,11,3,2021-12-08,2024-08-01,0.2727272727272727,967
531307,Eligo Pte Ltd.,1,2024-04-24,11,1,2021-04-27,2024-08-05,0.09090909090909091,1196
7688636,Branding Merchandise,1,2022-11-07,11,2,2022-07-06,2023-03-19,0.18181818181818182,256
2171320,AURA PRESTIGE PTE. LTD.,1,2024-06-18,11,1,2023-02-14,2024-12-14,0.09090909090909091,669
493326,"(ISC)2, Inc.",1,2023-02-10,10,1,2022-10-06,2024-12-19,0.1,805
980441,72 Point Ltd.,1,2024-06-13,10,2,2021-03-08,2024-06-13,0.2,1193
2025323,ANR Technologies,1,2024-02-16,10,1,2021-10-19,2024-06-24,0.1,979
639405,"New England Biolabs, Inc.",1,2024-02-13,10,1,2023-10-11,2024-09-30,0.1,355
1812235,Adam Khoo Learning Technologies Group Akltg,1,2023-08-25,10,1,2022-07-12,2023-11-30,0.1,506
376276,"Rimini Street, Inc.",1,2021-03-08,10,2,2021-03-08,2023-02-21,0.2,715
95341576,Linear Furnishings,1,2023-06-07,10,2,2023-05-01,2024-10-08,0.2,526
4880103,"Maxim Recruitment, Ltd.",1,2021-08-18,10,1,2021-03-23,2022-04-26,0.1,399
1916765,ALBION MARINE SOLUTIONS LTD.,1,2023-03-20,10,4,2023-03-20,2023-12-13,0.4,268
575305,Wootech Ltd.,1,2022-02-15,10,9,2022-02-15,2023-05-31,0.9,470
4923677,MEDTRA SARL,1,2024-12-04,10,2,2021-03-04,2024-12-26,0.2,1393
95971015,SharkNinja APAC,1,2024-09-11,10,1,2024-09-11,2024-12-13,0.1,93
94513869,"Twenty Second Century Dora Technology Holdings, Inc.",1,2023-01-25,10,2,2023-01-25,2023-10-18,0.2,266
324939,G P SAS,1,2021-03-05,10,4,2021-03-05,2023-08-24,0.4,902
1468588,"Verint Systems, Inc.",1,2024-01-02,10,1,2021-09-29,2024-01-02,0.1,825
4511400,KLOSH PTE. LTD.,1,2021-09-10,10,1,2021-09-10,2023-11-06,0.1,787
1294299,"Nozomi Networks, Inc.",1,2024-07-15,10,1,2022-08-15,2024-11-05,0.1,813
1221995,Lumiere32 Pte Ltd.,1,2023-06-20,10,2,2021-06-15,2024-11-26,0.2,1260
1302005,Breitling SA,1,2022-04-08,10,1,2022-04-08,2024-09-19,0.1,895
93076468,Ocean & Earth,1,2024-02-13,10,1,2024-02-03,2024-03-18,0.1,44
22800861,Accouncillo,1,2022-03-22,10,6,2022-02-25,2023-01-30,0.6,339
1197586,RSM International Ltd.,1,2024-11-29,10,2,2022-08-02,2024-12-30,0.2,881
664933,Goldbell Weigh-System Pte Ltd.,1,2022-09-08,10,1,2021-10-11,2024-08-20,0.1,1044
99233008,A Pixels Production-Haus,1,2024-02-15,10,1,2021-11-17,2024-11-19,0.1,1098
93338237,"Merck KGaA, Darmstadt, Germany",1,2021-06-17,10,1,2021-04-29,2021-07-08,0.1,70
3892659,Lim Lam Thye Pte Ltd.,1,2021-04-03,10,6,2021-04-03,2022-05-31,0.6,423
496966,Lins Advertising & Marketing Sdn Bhd.,1,2024-01-18,10,1,2022-01-19,2024-01-18,0.1,729
3990486,Henderson Economic Development,1,2023-10-06,10,1,2021-03-11,2024-01-17,0.1,1042
22460930,SNACKGOOD CO. PTE. LTD.,1,2023-03-09,10,4,2023-03-09,2024-06-18,0.4,467
432970,DIC Asia Pacific Pte Ltd.,1,2023-04-11,10,1,2021-09-10,2024-10-07,0.1,1123
1151882,"Snap-On, Inc.",1,2024-05-02,10,1,2022-07-02,2024-10-30,0.1,851
3070561,Deeeplabs Pte Ltd.,1,2024-08-11,10,4,2021-07-15,2024-09-22,0.4,1165
100390782,Ascend Financial,1,2021-05-24,10,2,2021-03-02,2021-10-25,0.2,237
733427,"Ferne Health, Inc. Pte Ltd.",1,2021-03-09,10,1,2021-03-09,2022-04-26,0.1,413
647553,Healthcare Information & Management Systems Society,1,2024-04-04,10,1,2023-02-18,2024-09-24,0.1,584
16302,William Angliss Institute,1,2021-07-22,10,1,2021-07-04,2023-02-22,0.1,598
25061365,Atelier,1,2022-07-07,10,3,2021-10-20,2024-11-20,0.3,1127
8687322,Alola ☁️🏄♂️,1,2024-06-11,10,7,2024-06-11,2024-12-04,0.7,176
16974444,Printaid Offsetproducts Pte Ltd,1,2023-01-27,10,3,2023-01-27,2024-12-12,0.3,685
5322004,Pinvest,1,2024-06-07,10,1,2022-03-11,2024-06-20,0.1,832
125219,Singapore Symphony Orchestra,1,2022-01-20,10,1,2021-03-10,2022-06-17,0.1,464
7840683,New Horizons Global Partners,1,2021-12-30,10,1,2021-06-30,2022-06-23,0.1,358
17398351,Renergy Engineering LLP,1,2024-05-13,10,2,2023-01-04,2024-08-23,0.2,597
7970574,Fuji Bridex Pte Ltd.,1,2023-09-28,10,1,2022-06-18,2024-10-03,0.1,838
5893338,Rhapsody Concept Pte Ltd.,1,2024-06-24,10,2,2023-09-08,2024-08-08,0.2,335
7911500,Sunxion Seafood Pte Ltd,1,2021-09-19,10,1,2021-09-19,2022-05-24,0.1,247
58921,"Gigamon, Inc.",1,2021-03-03,10,1,2021-03-03,2024-12-03,0.1,1371
959897,Jones Day LP,1,2022-03-21,9,2,2021-09-29,2024-01-15,0.2222222222222222,838
1945274,Allied Devices,1,2021-06-08,9,7,2021-03-30,2023-10-17,0.7777777777777778,931
96576910,SOLE RELIEF INC,1,2024-11-05,9,1,2023-09-06,2024-11-30,0.1111111111111111,451
3580767,Flemings Safety,1,2024-03-06,9,1,2021-12-02,2024-07-30,0.1111111111111111,971
4280892,International Refreshment Singapore Pte Ltd,1,2022-05-17,9,1,2022-05-17,2024-07-22,0.1111111111111111,797
20929859,NV5 Consultants Ltd.,1,2024-11-27,9,1,2022-01-18,2024-11-27,0.1111111111111111,1044
97126722,Handphoneshop Pte Ltd.,1,2023-12-27,9,1,2022-03-11,2024-12-31,0.1111111111111111,1026
22891645,Calvary Carpentry Pte Ltd.,1,2022-11-29,9,2,2021-07-13,2024-11-01,0.2222222222222222,1207
22209572,BearingPoint Holding BV,1,2023-12-04,9,1,2021-03-18,2024-11-08,0.1111111111111111,1331
97686961,iWorld Learning,1,2024-06-24,9,8,2024-06-11,2024-11-22,0.8888888888888888,164
23809909,Cordova Education Centre Pte Ltd,1,2024-10-01,9,1,2022-10-13,2024-10-01,0.1111111111111111,719
1381553,Åpent Bakeri AS,1,2021-10-08,9,2,2021-10-08,2024-12-04,0.2222222222222222,1153
4306210,INDEPENDENT RESOURCING CONSULTANCY LIMITED,1,2022-07-06,9,1,2022-05-27,2024-02-11,0.1111111111111111,625
997138,Alphatron Marine BV,1,2022-08-03,9,3,2022-08-03,2024-07-23,0.3333333333333333,720
7777586,"Homie Technology, Inc.",1,2024-07-19,9,3,2024-07-19,2024-12-30,0.3333333333333333,164
1819592,AdeptWerks,1,2024-06-25,9,1,2023-07-17,2024-11-12,0.1111111111111111,484
1196135,"Muscular Dystrophy Association, Inc.",1,2024-01-12,9,3,2023-02-06,2024-10-07,0.3333333333333333,609
93036821,Poly M Pte Ltd.,1,2021-03-06,9,2,2021-03-06,2022-12-07,0.2222222222222222,641
94923726,Hadasity,1,2024-02-22,9,3,2024-02-14,2024-12-28,0.3333333333333333,318
20925920,Cash Converters (Asia) Pte Ltd.,1,2022-01-04,9,1,2021-03-12,2023-12-13,0.1111111111111111,1006
21856665,Retentia Technology Pvt Ltd.,1,2024-10-16,9,1,2024-07-19,2024-10-16,0.1111111111111111,89
8223008,88 Motor Trading,1,2024-03-07,9,1,2022-01-09,2024-10-15,0.1111111111111111,1010
22301044,Antasis Pte Ltd.,1,2021-06-07,9,1,2021-05-31,2021-10-01,0.1111111111111111,123
22145795,"PA Solutions, Inc.",1,2023-02-13,9,2,2021-09-23,2024-05-23,0.2222222222222222,973
740475,Aramex PJSC,1,2021-09-10,9,2,2021-06-28,2024-06-21,0.2222222222222222,1089
22787539,"1661, Inc.",1,2022-02-02,9,2,2021-05-21,2022-05-12,0.2222222222222222,356
113039,Being Kids Pte Ltd.,1,2022-02-17,9,2,2021-03-30,2023-10-19,0.2222222222222222,933
8590408,Alagas Network,1,2023-08-20,9,3,2022-08-10,2024-05-27,0.3333333333333333,656
22204197,Fortrec Chemicals & Petroleum Pte Ltd.,1,2024-05-14,9,2,2022-10-14,2024-08-14,0.2222222222222222,670
6711273,The Green Collective SG Pte Ltd,1,2022-12-06,9,2,2022-02-07,2024-12-09,0.2222222222222222,1036
14070457,Jobsy Sri Lanka,1,2023-11-10,9,1,2022-06-20,2024-03-25,0.1111111111111111,644
96166778,SEA Top Merch Pte. Ltd.,1,2024-01-04,9,1,2023-08-02,2024-08-14,0.1111111111111111,378
771238,United Capital Plc,1,2023-12-13,9,4,2023-12-13,2024-11-11,0.4444444444444444,334
21467416,Greenhood,1,2022-09-06,9,4,2021-03-03,2024-09-02,0.4444444444444444,1279
96967005,KALI MAJAPAHIT PTE. LTD.,1,2024-06-16,9,1,2021-04-02,2024-11-08,0.1111111111111111,1316
1282756,Invartis Consulting Pte Ltd.,1,2022-03-25,9,1,2022-03-24,2024-11-11,0.1111111111111111,963
24602933,Quvo Ltd,1,2024-06-06,9,1,2022-07-19,2024-09-17,0.1111111111111111,791
1125127,Benèl BV,1,2023-10-19,9,3,2022-12-03,2024-10-21,0.3333333333333333,688
18392621,SOJAO,1,2024-08-01,9,1,2022-07-08,2024-08-01,0.1111111111111111,755
6383938,Star Labs Sg Pte Ltd.,1,2024-04-23,9,1,2023-02-15,2024-12-05,0.1111111111111111,659
1116963,Phoenix Mecano S.E. Asia Pte Ltd.,1,2024-01-12,9,3,2022-01-13,2024-08-02,0.3333333333333333,932
1012754,Seawaves Frozen Food Pte Ltd.,1,2021-10-02,9,1,2021-10-02,2024-08-15,0.1111111111111111,1048
6327524,Stichting Protestants Christelijk Primair Onderwijs Groene,1,2024-03-22,9,1,2022-05-25,2024-10-08,0.1111111111111111,867
100786790,Skyline Communications NV,1,2022-02-09,9,1,2021-04-02,2023-03-10,0.1111111111111111,707
486126,Capella Tax Consultancy L.L.C,1,2021-08-05,9,1,2021-08-05,2024-07-24,0.1111111111111111,1084
6445717,"Substance, Inc",1,2024-10-04,9,1,2024-10-04,2024-12-20,0.1111111111111111,77
11009580,Cyberlite (11009580),1,2024-02-09,9,3,2022-05-09,2024-05-02,0.3333333333333333,724
7898613,Saudi Logistic Services Co. SLSC | الشركة السعودية للخدمات اللوجستية,1,2024-11-21,9,1,2021-08-10,2024-12-20,0.1111111111111111,1228
2902115,Continuumm Technologies,1,2022-03-24,9,1,2021-03-18,2022-05-12,0.1111111111111111,420
4922981,MEDS INTERCONNECT PTE. LTD.,1,2022-07-06,9,1,2021-11-01,2024-05-29,0.1111111111111111,940
2754227,City of Shakopee,1,2024-07-25,9,1,2024-02-29,2024-07-25,0.1111111111111111,147
3783957,Tgm Global Pte Ltd.,1,2021-10-21,9,1,2021-10-21,2024-09-19,0.1111111111111111,1064
923451,Mujeres Wow,1,2024-05-27,9,1,2021-05-10,2024-12-30,0.1111111111111111,1330
2645578,Jetmobile SAS,1,2023-01-10,9,2,2021-03-15,2024-08-02,0.2222222222222222,1236
292538,Revantage Corporate Services LLC,1,2024-10-25,9,1,2024-10-25,2024-12-06,0.1111111111111111,42
823847,Angies Tempeh PTE Ltd.,1,2021-09-23,9,2,2021-04-23,2024-07-30,0.2222222222222222,1194
248363,"H2O.ai, Inc.",1,2023-11-02,9,7,2023-11-01,2024-12-21,0.7777777777777778,416
6264716,Social Gifting / SGifting Pte Ltd,1,2021-07-01,9,2,2021-06-24,2023-01-25,0.2222222222222222,580
1137385,"Veeco Instruments, Inc.",1,2021-07-07,9,1,2021-05-17,2024-06-03,0.1111111111111111,1113
613889,Aviation Safety & Training Pte Ltd.,1,2024-09-05,9,1,2021-07-01,2024-11-05,0.1111111111111111,1223
18210050,Doit /CN/,1,2024-09-13,9,1,2022-11-15,2024-09-13,0.1111111111111111,668
837306,Archer Logic S Pte Ltd.,1,2024-11-07,9,1,2021-08-22,2024-11-07,0.1111111111111111,1173
7676028,Backbone Art SA,1,2024-06-28,8,2,2024-02-14,2024-09-29,0.25,228
3732477,Genesis Search Pte Ltd (EA License No: 17C8570),1,2022-11-24,8,1,2022-09-08,2023-02-07,0.125,152
799633,Center for Creative Leadership,1,2021-04-01,8,2,2021-04-01,2023-09-26,0.25,908
3455129,Evo Commerce Pte Ltd.,1,2024-10-29,8,1,2024-08-12,2024-11-05,0.125,85
583568,SourceSage Pte Ltd.,1,2023-05-26,8,2,2021-03-24,2023-09-19,0.25,909
634638,Singapore Crocodile (1968) Pte Ltd.,1,2021-10-15,8,1,2021-07-28,2024-03-19,0.125,965
7205476,Writers Studio School of English,1,2021-03-22,8,1,2021-03-22,2021-08-19,0.125,150
583385,Snappyhires,1,2023-08-29,8,1,2023-06-20,2023-08-29,0.125,70
549991,Fishyhub Pte Ltd.,1,2021-06-17,8,2,2021-06-17,2022-04-29,0.25,316
95716900,Parsh Marine (S) Pte Ltd,1,2023-01-13,8,1,2023-01-13,2024-11-27,0.125,684
1203043,AlixPartners LLP,1,2022-03-09,8,2,2022-03-09,2024-12-26,0.25,1023
22862186,Informació i Comunicació de Barcelona SA,1,2021-07-11,8,2,2021-07-11,2024-09-01,0.25,1148
9677610,Bloom Concept Pte Ltd,1,2023-02-03,8,1,2022-05-10,2024-03-28,0.125,688
6208642,Sing'theatre,1,2024-01-24,8,1,2022-11-25,2024-01-25,0.125,426
6245757,SMART DOOR,1,2024-10-15,8,1,2021-08-03,2024-12-19,0.125,1234
20928147,PROS Florida LLC,1,2022-04-20,8,1,2021-07-07,2024-12-23,0.125,1265
14337557,Stichting Lumens,1,2023-10-09,8,1,2022-12-31,2023-11-03,0.125,307
6199052,Silvester Legal LLC,1,2021-12-03,8,1,2021-12-03,2024-10-28,0.125,1060
22142245,"Pinnacle Financial Services, Inc. (St. Joseph, Michigan)",1,2023-02-10,8,1,2021-10-04,2024-09-12,0.125,1074
886324,"W Network, Inc.",1,2023-12-07,8,3,2021-09-21,2024-10-15,0.375,1120
3025621,Dalio Family Office/Ct/,1,2024-09-25,8,1,2023-06-27,2024-11-18,0.125,510
177787,Swisslog Holding AG,1,2021-11-10,8,1,2021-11-06,2024-08-02,0.125,1000
22149705,"The Vita Coco Co., Inc.",1,2024-04-16,8,2,2021-07-07,2024-05-10,0.25,1038
7044698,Visual Studio Singapore Pte Ltd.,1,2024-11-08,8,1,2023-01-03,2024-11-29,0.125,696
22248327,HH Global Group Ltd.,1,2021-07-15,8,1,2021-07-15,2021-09-08,0.125,55
177257,Ugly Food Ltd.,1,2022-03-26,8,2,2022-01-18,2022-12-08,0.25,324
425330,Smartfuture Pte Ltd.,1,2022-07-29,8,1,2021-03-16,2024-07-27,0.125,1229
1265330,Mend.io,1,2021-07-14,8,1,2021-07-14,2021-11-21,0.125,130
56292,QAssure Technologies Pte Ltd.,1,2023-10-03,8,1,2022-08-08,2023-10-09,0.125,427
1499919,Fluetis Pte Ltd,1,2023-04-12,8,2,2022-01-06,2024-05-23,0.25,868
10686880,ES logistics,1,2024-12-12,8,3,2024-03-28,2024-12-16,0.375,263
1117144,"Gitlab, Inc.",1,2024-07-11,8,1,2021-09-28,2024-07-11,0.125,1017
22236089,CellResearch Corp. Pte Ltd.,1,2022-10-19,8,3,2021-08-24,2023-03-28,0.375,581
1096721,The University of Manchester,1,2021-04-17,8,1,2021-03-15,2021-11-26,0.125,256
5884948,Revantage Asia Pacific,1,2024-10-25,8,1,2024-10-25,2024-11-04,0.125,10
22206358,Beauty Garage Singapore Pte Ltd.,1,2021-11-17,8,5,2021-11-17,2024-11-19,0.625,1098
48508733,Nuform System Asia Pte Ltd.,1,2022-03-22,8,1,2022-03-22,2024-04-11,0.125,751
4130752,Ice Cube Marketing Pte Ltd.,1,2022-04-12,8,2,2021-09-10,2024-12-13,0.25,1190
2009957,"Guangzhou Lizhi Network Technology Co., Ltd. (Guangdong)",1,2021-07-07,8,1,2021-05-11,2021-08-04,0.125,85
22142047,Accu-Tech Corp.,1,2022-04-11,8,2,2022-04-07,2023-11-03,0.25,575
99100197,Visual Publish Pte Ltd.,1,2024-08-02,8,1,2022-06-01,2024-11-11,0.125,894
22270705,QuidelOrtho Corp.,1,2024-06-20,8,1,2021-04-28,2024-06-20,0.125,1149
22269567,Dodid Pte Ltd.,1,2022-12-21,8,1,2022-09-20,2024-11-12,0.125,784
6040980,Sapture,1,2021-05-26,8,1,2021-05-24,2024-11-03,0.125,1259
961100,"Synapse International, Inc. (Canada)",1,2023-10-05,8,1,2023-03-09,2023-10-05,0.125,210
94817430,James Cook Institute,1,2023-09-07,8,1,2023-07-26,2024-05-29,0.125,308
652095,Allegion Plc,1,2023-06-27,8,1,2023-06-27,2024-05-27,0.125,335
14691889,LEEDS Services LLC,1,2024-06-20,8,1,2024-06-20,2024-11-21,0.125,154
8120244,Hipster Singapore,1,2021-10-03,8,1,2021-10-03,2024-03-07,0.125,886
419076,SARL Talo Energy,1,2021-05-10,8,1,2021-05-10,2021-10-14,0.125,157
413253,ON Semiconductor Corp.,1,2022-10-12,7,1,2021-03-29,2024-07-20,0.14285714285714285,1209
8867425,Anya Active Pte Ltd.,1,2024-07-17,7,2,2021-10-26,2024-11-03,0.2857142857142857,1104
2473740,British Education Centre,1,2023-12-20,7,2,2023-10-17,2024-11-15,0.2857142857142857,395
1275422,55 SAS,1,2024-06-03,7,2,2021-07-13,2024-06-11,0.2857142857142857,1064
94839076,ISCOTTSBERG SOLUTIONS PTE. LTD.,1,2023-10-15,7,2,2021-12-25,2024-07-07,0.2857142857142857,925
961733,Eastern Green Power Pte Ltd.,1,2021-07-12,7,1,2021-07-12,2023-02-10,0.14285714285714285,578
97713893,Modern Hippi,1,2024-10-29,7,2,2023-12-25,2024-12-20,0.2857142857142857,361
1446267,"OSF Global Services, Inc.",1,2021-12-17,7,2,2021-09-16,2023-10-25,0.2857142857142857,769
7916988,Techbiz Global GmbH,1,2024-09-24,7,1,2024-09-05,2024-12-02,0.14285714285714285,88
1008345,"Krayden, Inc.",1,2024-05-21,7,1,2022-06-04,2024-07-18,0.14285714285714285,775
11693135,EFFICIENT ELECTRICAL LTD,1,2024-08-01,7,1,2021-03-13,2024-08-01,0.14285714285714285,1237
92918470,"Super Micro Computer Spain, S.L.",1,2024-03-20,7,1,2024-01-21,2024-12-18,0.14285714285714285,332
94148454,LATTICEX,1,2024-04-11,7,1,2022-08-16,2024-09-23,0.14285714285714285,769
96734949,Applicable Ltd.,1,2024-06-08,7,1,2024-05-24,2024-06-08,0.14285714285714285,15
22150289,Satcom Direct LLC,1,2022-11-17,7,5,2021-10-20,2024-11-23,0.7142857142857143,1130
998645,"Zymeworks BC, Inc.",1,2024-03-06,7,2,2023-08-02,2024-10-02,0.2857142857142857,427
16294567,One Gallery,1,2024-01-03,7,2,2022-08-07,2024-07-25,0.2857142857142857,718
306846,MEGA International SA,1,2021-09-27,7,2,2021-09-27,2024-04-24,0.2857142857142857,940
83311,Singpet Pte Ltd.,1,2021-12-23,7,2,2021-12-23,2024-10-29,0.2857142857142857,1041
15718101,Move Move Pte Ltd.,1,2022-12-08,7,2,2021-11-03,2024-06-14,0.2857142857142857,954
1343742,"Oliver Marketing, Inc.",1,2021-09-28,7,1,2021-09-28,2023-01-27,0.14285714285714285,486
2003726,Amy's School of Dance,1,2024-08-06,7,1,2023-08-16,2024-08-06,0.14285714285714285,356
2883209,Connexions Corporate Solutions Pte Ltd,1,2022-03-23,7,1,2021-09-28,2023-09-12,0.14285714285714285,714
97388111,KleanHaus,1,2023-12-18,7,2,2021-12-08,2024-02-13,0.2857142857142857,797
180932,Avdel Holding Ltd.,1,2024-10-01,7,4,2024-10-01,2024-12-16,0.5714285714285714,76
8250315,A&R BUSINESS CONSULTANCY PTE LTD,1,2021-08-22,7,1,2021-07-01,2024-12-17,0.14285714285714285,1265
93895740,"PK Engineering, P.C.",1,2024-08-21,7,1,2024-01-11,2024-09-16,0.14285714285714285,249
11415417,dokidoki,1,2023-11-03,7,1,2021-09-10,2024-07-16,0.14285714285714285,1040
14151862,Jurong Academy Pte Ltd,1,2024-02-20,7,3,2022-08-14,2024-07-15,0.42857142857142855,701
92867269,"uCast Technologies, Inc.",1,2023-01-07,7,1,2021-04-02,2024-03-13,0.14285714285714285,1076
22176680,"Buckman Laboratories International, Inc.",1,2021-06-16,7,2,2021-06-16,2022-06-29,0.2857142857142857,378
98352276,MOO TONG MEDICAL MANUFACTURING PTE. LTD.,1,2022-08-09,7,1,2022-03-24,2024-04-05,0.14285714285714285,743
6503499,Sync-Tech Singapore Pte Ltd.,1,2022-01-05,7,1,2021-07-26,2024-04-25,0.14285714285714285,1004
98464935,SHANGYI LOGISTICS CONSULTANT PTE. LTD.,1,2023-12-19,7,4,2023-12-19,2024-11-12,0.5714285714285714,329
1154160,"Blockdaemon, Inc.",1,2022-09-09,7,1,2022-03-16,2023-08-22,0.14285714285714285,524
94889279,ELGO AI,1,2023-11-21,7,4,2023-09-21,2024-03-27,0.5714285714285714,188
22770263,Wholesale Electric Asia Pte Ltd.,1,2022-11-23,7,3,2022-11-23,2024-04-24,0.42857142857142855,518
50318,Meinhardt Group International Holdings Ltd.,1,2024-08-07,7,1,2022-07-14,2024-11-25,0.14285714285714285,865
251842,Satsaco Group Pte Ltd.,1,2021-06-07,7,1,2021-04-05,2021-07-09,0.14285714285714285,95
14125638,JS Jireh & Associates,1,2022-09-10,7,1,2021-07-31,2024-06-04,0.14285714285714285,1039
21758501,OneTeamAnywhere,1,2023-09-05,7,3,2023-07-07,2024-08-17,0.42857142857142855,407
9351337,Bao Service,1,2023-01-07,7,1,2023-01-07,2024-12-28,0.14285714285714285,721
4229440,Innio,1,2022-02-17,7,2,2021-07-23,2023-01-09,0.2857142857142857,535
54925,Sky Mavis Pte Ltd.,1,2022-10-21,7,1,2022-10-20,2024-06-12,0.14285714285714285,601
96224444,"CALIFORNIA SECURITY INSURANCE SERVICES, INC.",1,2024-06-25,7,3,2021-10-22,2024-12-13,0.42857142857142855,1148
1213363,Global University Systems BV,1,2023-06-02,7,2,2023-02-03,2024-01-16,0.2857142857142857,347
3605247,Food Fresh,1,2024-08-06,7,2,2022-08-17,2024-09-27,0.2857142857142857,772
14928797,KPIT Pty Ltd.,1,2024-04-18,7,1,2024-03-05,2024-04-18,0.14285714285714285,44
14918765,LBM New Energy (AP) Pte Ltd,1,2022-06-02,7,1,2021-07-06,2022-09-18,0.14285714285714285,439
815031,"DexCom, Inc.",1,2021-03-19,7,1,2021-03-19,2024-10-16,0.14285714285714285,1307
548502,"Gong.io, Inc.",1,2024-04-10,7,3,2024-04-10,2024-12-12,0.42857142857142855,246
4928883,MegCD,1,2023-12-06,7,1,2023-02-16,2024-07-02,0.14285714285714285,502
1123762,Spacebib Pte Ltd.,1,2021-03-05,7,1,2021-03-05,2024-02-05,0.14285714285714285,1067
96180963,First Piping Engineering Pte Ltd,1,2021-03-25,7,1,2021-03-19,2024-10-07,0.14285714285714285,1298
3134233,Digital Hub,1,2024-02-29,7,1,2021-10-04,2024-11-14,0.14285714285714285,1137
6754703,TLT TRANSPORTATION LLC,1,2023-07-20,7,4,2023-05-03,2024-05-30,0.5714285714285714,393
3015408,Deditors LLC,1,2021-09-22,7,4,2021-06-17,2021-10-08,0.5714285714285714,113
24073440,Green Kraft,1,2024-04-25,7,2,2022-10-21,2024-07-19,0.2857142857142857,637
6772395,ToppingsKids,1,2021-04-08,7,3,2021-04-08,2024-04-10,0.42857142857142855,1098
21487568,"Haworth International, Ltd.",1,2023-04-11,6,1,2023-04-11,2024-12-02,0.16666666666666666,601
98244967,P-One (S) Pte Ltd,1,2024-02-14,6,1,2022-09-07,2024-11-08,0.16666666666666666,793
20399498,XCL American Academy,1,2024-01-25,6,2,2021-10-15,2024-08-13,0.3333333333333333,1033
22189269,Schaefer Systems International Pte Ltd.,1,2023-09-27,6,1,2021-09-10,2023-09-27,0.16666666666666666,747
4050908,Honeyspree Pte Ltd.,1,2023-02-07,6,1,2022-01-18,2023-02-07,0.16666666666666666,385
2860,Sto SEA Pte Ltd.,1,2023-06-22,6,1,2021-05-17,2024-03-21,0.16666666666666666,1039
19667728,Tye Engineering Ltd,1,2021-07-02,6,2,2021-07-02,2022-10-05,0.3333333333333333,460
22195936,Murano SpA,1,2024-12-23,6,1,2023-02-06,2024-12-23,0.16666666666666666,686
930709,Petroplan Europe Ltd.,1,2023-02-10,6,1,2022-05-05,2023-02-10,0.16666666666666666,281
1142088,"Fabri-Tech Components, Inc.",1,2024-05-13,6,1,2023-08-26,2024-05-30,0.16666666666666666,278
118079,Tiya Pte Ltd.,1,2023-05-05,6,1,2022-03-29,2023-07-17,0.16666666666666666,475
97204174,X Corp EduTech (Pte. Ltd.),1,2024-01-24,6,1,2023-12-12,2024-04-11,0.16666666666666666,121
20368101,Wow Experience,1,2021-11-16,6,1,2021-11-16,2023-07-11,0.16666666666666666,602
5645725,Prestige Brands Oceania,1,2021-03-31,6,3,2021-03-31,2022-11-10,0.5,589
12263907,Powerhouse.AI Pte Ltd.,1,2023-06-16,6,1,2022-01-05,2023-06-16,0.16666666666666666,527
538204,OASE Asia Pacific,1,2023-01-05,6,3,2022-03-25,2023-10-12,0.5,566
4274960,Interlink Logistics Pvt. ltd,1,2023-10-14,6,1,2023-09-20,2024-12-24,0.16666666666666666,461
94973483,SwimTwins Swim Academy,1,2024-12-12,6,1,2023-07-07,2024-12-12,0.16666666666666666,524
157457,Villa Finder Pte Ltd,1,2023-04-05,6,2,2022-12-09,2024-12-19,0.3333333333333333,741
12845631,Team Green Innovations Pvt Ltd.,1,2023-01-22,6,1,2023-01-15,2024-09-02,0.16666666666666666,596
92965510,"Senya, Inc.",1,2024-07-25,6,1,2024-03-21,2024-09-21,0.16666666666666666,184
398,"Talent Plus, Inc.",1,2021-01-19,6,1,2021-01-19,2022-08-29,0.16666666666666666,587
6549,"Lindamood-Bell Learning Processes, Inc.",1,2021-08-11,6,2,2021-03-19,2023-03-10,0.3333333333333333,721
1201703,"IAP Worldwide Services, Inc.",1,2024-07-05,6,1,2024-05-02,2024-10-22,0.16666666666666666,173
97451351,Fishwives,1,2021-04-29,6,1,2021-04-29,2024-09-30,0.16666666666666666,1250
22163550,Rémy Cointreau SA,1,2023-11-23,6,1,2021-05-28,2023-11-27,0.16666666666666666,913
874524,"Ningbo Deye Inverter Technology Co., Ltd.",1,2024-04-16,6,1,2024-04-11,2024-10-17,0.16666666666666666,189
5278466,NOWT,1,2024-04-01,6,1,2024-03-10,2024-05-10,0.16666666666666666,61
93626503,MIZUNARA,1,2023-09-06,6,2,2023-05-18,2024-01-12,0.3333333333333333,239
93536399,Agility International Logistics Pte Ltd,1,2021-04-16,6,1,2021-03-31,2021-06-08,0.16666666666666666,69
1250229,Axend Marketplace SAPI de CV,1,2023-09-05,6,6,2023-09-05,2024-06-28,1.0,297
2570782,CanGoChina-New York branch of NYSE Stock-Listed Can-Achieve Education Group in China.,1,2022-11-30,6,5,2022-11-30,2023-02-15,0.8333333333333334,77
588682,Eleos Pte Ltd.,1,2023-04-10,6,1,2021-11-15,2023-04-18,0.16666666666666666,519
620571,Pasture Ltd.,1,2024-02-06,6,2,2024-02-06,2024-11-04,0.3333333333333333,272
910208,"Slalom, Inc.",1,2024-08-26,6,1,2024-04-25,2024-10-22,0.16666666666666666,180
23500198,Accountbooks Pte Ltd,1,2022-05-26,6,2,2022-05-26,2023-11-08,0.3333333333333333,531
93809931,67 Pall Mall Singapore,1,2022-09-15,6,1,2022-09-15,2024-11-01,0.16666666666666666,778
632694,Demerzel Solutions Ltd.,1,2024-04-10,6,1,2024-02-20,2024-12-17,0.16666666666666666,301
22186384,The Leading Hotels of the World Ltd.,1,2022-02-10,6,2,2022-02-10,2023-12-29,0.3333333333333333,687
7234859,Yeo Workshop Contemporary,1,2022-12-06,6,6,2022-12-06,2024-09-10,1.0,644
93505797,Art in Bloom,1,2024-03-01,6,1,2023-07-28,2024-09-10,0.16666666666666666,410
93135778,MAXI CASH,1,2021-07-30,6,1,2021-03-22,2024-06-25,0.16666666666666666,1191
27006027,Garda Capital Partners LP,1,2022-02-20,6,1,2022-01-26,2024-09-06,0.16666666666666666,954
6214276,Sirius People,1,2024-12-19,6,1,2024-11-06,2024-12-19,0.16666666666666666,43
21953776,Stacket - Frontend & Webdevelopment,1,2024-08-26,6,1,2024-04-08,2024-08-26,0.16666666666666666,140
93970720,Alpha Story,1,2024-10-26,6,2,2023-03-13,2024-12-27,0.3333333333333333,655
22790375,"Motor Werks of Barrington, Inc.",1,2022-11-19,6,1,2021-04-15,2022-12-02,0.16666666666666666,596
267300,Zenith Interiors Pte Ltd.,1,2021-11-30,6,2,2021-11-30,2024-07-18,0.3333333333333333,961
10594476,"SourceCode, Inc.",1,2024-02-21,6,3,2024-02-21,2024-03-04,0.5,12
93282393,GIORGIO ARMANI S.P.A.,1,2024-08-14,6,1,2024-05-31,2024-10-29,0.16666666666666666,151
95882316,Cleric,1,2024-01-31,6,6,2024-01-31,2024-04-10,1.0,70
27704894,OnebyZero Pte Ltd,1,2024-09-20,6,3,2024-08-22,2024-09-20,0.5,29
3386198,EPiC Agile,1,2022-10-12,6,2,2022-06-28,2023-08-01,0.3333333333333333,399
1049478,"Rewind Software, Inc.",1,2021-10-23,5,5,2021-10-23,2022-08-26,1.0,307
96899972,Abaqa International,1,2024-04-01,5,1,2023-09-18,2024-10-02,0.2,380
21071047,Acciopay (21071047),1,2022-06-14,5,1,2022-04-26,2022-06-14,0.2,49
21278179,ConnectingDNA Global Pte Ltd.,1,2024-10-14,5,1,2024-10-14,2024-10-16,0.2,2
86395,Marechal Electric SA,1,2024-08-14,5,2,2022-03-23,2024-10-10,0.4,932
95937266,Next you Career,1,2024-02-05,5,1,2024-02-05,2024-10-29,0.2,267
342423,East Coast Group,1,2024-05-09,5,3,2024-05-09,2024-06-10,0.6,32
1049656,"NetScout Systems, Inc.",1,2022-05-19,5,1,2021-06-18,2024-11-19,0.2,1250
16008567,NextGen Enterprise,1,2024-11-14,5,1,2024-11-14,2024-11-14,0.2,0
1078281,"Bmg Services, Inc.",1,2023-12-04,5,1,2021-07-01,2024-01-08,0.2,921
335828,Energy Exemplar Pty Ltd.,1,2024-06-05,5,1,2022-04-13,2024-06-05,0.2,784
100573,Thermos LLC,1,2022-08-12,5,1,2022-02-04,2024-08-16,0.2,924
1239035,Board International SA,1,2022-08-23,5,1,2021-12-30,2022-10-12,0.2,286
1240375,Technogym SpA,1,2021-04-09,5,1,2021-04-09,2023-08-21,0.2,864
15516646,Milagros de Montessori Pte Ltd.,1,2022-11-09,5,4,2022-11-09,2024-12-07,0.8,759
780082,Blacklane GmbH,1,2023-09-21,5,2,2022-08-08,2024-01-19,0.4,529
96395002,Tt Energy,1,2022-07-16,5,3,2022-07-16,2024-07-04,0.6,719
1268599,"Cerulli Associates, Inc.",1,2021-04-15,5,2,2021-04-15,2023-04-26,0.4,741
93255332,HAYMARKET MEDIA GROUP LTD.,1,2021-09-21,5,1,2021-09-21,2022-10-21,0.2,395
92870301,Tuber GmbH,1,2024-09-23,5,2,2021-09-21,2024-09-24,0.4,1099
96484374,smart living gallery pte,1,2024-10-19,5,1,2023-03-06,2024-10-19,0.2,593
93647405,Quadrep Marketing (S) Pte Ltd.,1,2022-01-12,5,1,2022-01-12,2024-08-23,0.2,954
798176,"Cleanly, Inc.",1,2024-12-31,5,1,2023-02-12,2024-12-31,0.2,688
95852268,Infinite Builders(s) Pte Ltd,1,2024-04-27,5,1,2024-04-25,2024-08-28,0.2,125
93059316,pangaea holdings,1,2022-03-11,5,1,2021-06-07,2022-03-11,0.2,277
1162488,K&L Gates Straits Law LLC.,1,2023-10-03,5,2,2023-10-03,2024-11-26,0.4,420
8149660,10X Study Academy,1,2023-12-11,5,3,2023-12-11,2024-06-03,0.6,175
161607,"World Central Kitchen, Inc.",1,2024-12-19,5,1,2023-01-14,2024-12-20,0.2,706
92960641,Shenship (Singapore) Pte Ltd,1,2021-12-01,5,1,2021-12-01,2022-11-15,0.2,349
1087009,"Automation Anywhere, Inc.",1,2024-12-12,5,1,2021-06-18,2024-12-12,0.2,1273
902347,Maksima Grupp LLC,1,2022-05-02,5,2,2022-04-18,2022-12-23,0.4,249
1088158,International Association of Amusement Parks & Attractions,1,2022-09-11,5,2,2022-04-23,2023-07-11,0.4,444
3101791,Design Place Miami,1,2024-02-25,5,1,2023-01-11,2024-02-25,0.2,410
1869365,AGI ENGINEERING INC,1,2024-05-15,5,3,2024-04-27,2024-09-12,0.6,138
12058774,PST GmbH & Co. KG,1,2024-11-27,5,1,2022-07-28,2024-11-27,0.2,853
4713042,Lloyd's Inn,1,2023-01-10,5,1,2023-01-10,2024-12-23,0.2,713
5817863,Real Centre Network Pte Ltd,1,2024-02-20,5,2,2024-02-01,2024-10-09,0.4,251
871235,Laser Cladding Singapore Pte Ltd.,1,2022-08-13,5,1,2022-07-14,2024-06-07,0.2,694
95690605,Unthreats Pte Ltd.,1,2024-02-19,5,1,2022-02-27,2024-11-28,0.2,1005
20253195,Wholesome Food People Pte Ltd.,1,2022-02-18,5,1,2021-07-25,2023-02-22,0.2,577
95040102,Beau Voix Uniform,1,2023-01-03,5,1,2023-01-03,2024-12-30,0.2,727
22211545,British Airways Plc,1,2022-10-13,5,2,2022-10-13,2024-08-07,0.4,664
878035,Intraco Trading BV,1,2024-03-25,5,1,2022-01-18,2024-03-25,0.2,797
40873025,Accel.AI,1,2024-05-12,5,1,2024-05-07,2024-05-20,0.2,13
98075839,Fabrik Etc,1,2022-07-02,5,2,2022-01-23,2024-05-21,0.4,849
17659267,ERA Realty Network Pte Ltd. /Private Group/,1,2024-04-28,5,1,2024-04-27,2024-10-11,0.2,167
977411,The Create Labs Pte Ltd.,1,2024-04-27,5,3,2021-08-23,2024-10-31,0.6,1165
12792864,GLOWco,1,2022-08-23,5,1,2021-04-19,2022-08-23,0.2,491
20108514,WANCOM PVT LTD,1,2023-01-26,5,1,2022-01-15,2024-02-19,0.2,765
16757815,Piranha,1,2023-06-23,5,1,2022-07-12,2023-06-23,0.2,346
98000399,Anuttacon,1,2024-10-11,5,3,2024-10-11,2024-12-13,0.6,63
2570316,Candy Floriculture Pte Ltd,1,2024-03-06,5,1,2023-11-27,2024-04-27,0.2,152
22167610,Gard AS,1,2024-09-03,5,1,2023-02-06,2024-09-03,0.2,575
7646329,Neatframe Ltd.,1,2024-03-02,5,4,2022-01-19,2024-10-08,0.8,993
2219364,"B-barcelona Consulting, PTE. LTD.",1,2024-07-30,5,1,2022-09-23,2024-09-10,0.2,718
937415,Toluna SASU,1,2021-08-19,5,2,2021-05-31,2022-04-07,0.4,311
2396486,BlueBasket Pte Ltd.,1,2021-07-27,5,1,2021-07-27,2022-03-22,0.2,238
22249234,Point72 Asset Management LP,1,2024-06-13,5,2,2022-02-08,2024-06-13,0.4,856
178138,"Tridge Co., Ltd.",1,2021-04-15,5,4,2021-04-15,2023-04-19,0.8,734
18260121,SJTS,1,2021-09-22,5,2,2021-09-18,2024-12-05,0.4,1174
570862,Delegate A/S,1,2021-07-23,5,1,2021-04-28,2021-07-23,0.2,86
5274869,Novel Financial Services,1,2023-12-30,5,1,2023-08-03,2024-02-03,0.2,184
16264049,OliveAnkara,1,2022-04-26,5,3,2021-06-15,2023-01-12,0.6,576
22172380,Tech-Component Resources Pte Ltd.,1,2024-11-14,5,2,2021-08-25,2024-12-16,0.4,1209
13787206,Inter Forwarding,1,2024-07-16,5,1,2024-07-02,2024-07-31,0.2,29
101208319,Locofy,1,2024-02-15,5,2,2023-01-30,2024-10-13,0.4,622
18570338,SSA CULINARY INSTITUTE PTE LTD,1,2024-02-27,5,1,2021-08-20,2024-09-25,0.2,1132
19109062,TG Engineering,1,2022-01-12,5,1,2022-01-12,2024-03-06,0.2,784
20983861,Peck Tiong Choon (Pte) Ltd.,1,2022-01-04,5,1,2022-01-04,2024-03-05,0.2,791
7877060,Reliance Engineering,1,2021-07-01,5,3,2021-07-01,2023-10-14,0.6,835
92810494,Oribel Pte Ltd.,1,2024-02-26,5,1,2021-12-08,2024-02-26,0.2,810
1006115,The Hershey Co.,1,2023-04-03,5,1,2023-04-03,2024-09-25,0.2,541
19847489,Van Nguyen,1,2021-03-08,5,3,2021-03-08,2022-07-12,0.6,491
95387445,ME-IT Solutions & Services Pte Ltd,1,2024-03-07,5,1,2023-07-14,2024-08-15,0.2,398
3447668,EVERBEST SHOES & HANDBAGS (PTE.) LTD.,1,2024-04-03,5,2,2022-03-24,2024-10-18,0.4,939
98264815,Wildlife &Veterinary Supplies,1,2022-12-23,5,1,2022-12-23,2023-12-26,0.2,368
6260951,SnT Global Logistics Sdn. Bhd.,1,2023-02-23,5,1,2023-01-12,2024-11-26,0.2,684
1683466,Preschool Market,1,2024-11-26,5,2,2022-01-11,2024-11-26,0.4,1050
22151860,D-Link International Pte Ltd.,1,2022-03-22,5,1,2021-10-05,2023-08-26,0.2,690
5107452,Munters Corporation,1,2024-07-07,5,1,2023-12-05,2024-07-14,0.2,222
999698,Perfex International Pte Ltd.,1,2022-05-28,5,1,2021-03-29,2022-08-23,0.2,512
99034257,Light Robotics,1,2024-10-21,4,1,2024-10-02,2024-10-21,0.25,19
46796,"Vulcan, Inc.",1,2021-06-25,4,1,2021-04-30,2021-07-01,0.25,62
9701602,Blue Incube Ventures Pte Ltd.,1,2022-04-14,4,1,2021-03-21,2022-04-14,0.25,389
15124885,Ecom Singapore,1,2024-03-26,4,1,2024-03-26,2024-09-18,0.25,176
22789367,Sunshine International LLC,1,2023-12-13,4,1,2022-05-11,2024-10-22,0.25,895
98672782,Amfuture Pte Ltd,1,2023-04-20,4,1,2022-12-17,2024-09-24,0.25,647
98608966,ESG-MD Ventures,1,2024-06-11,4,2,2024-06-11,2024-06-11,0.5,0
1068598,DEIF A/S,1,2024-05-16,4,1,2023-05-03,2024-09-21,0.25,507
6334593,Speedzone Motoring,1,2022-03-02,4,1,2021-04-05,2022-09-01,0.25,514
2796678,CNAV Business Value Pte Ltd,1,2024-02-29,4,3,2024-02-29,2024-11-24,0.75,269
22190422,MEGAPIXEL sro,1,2023-01-16,4,1,2022-08-19,2024-03-04,0.25,563
1143142,OMICRON electronics GmbH,1,2023-11-15,4,3,2023-11-15,2024-11-22,0.75,373
18716503,STT CONSTRUCTION,1,2024-08-05,4,1,2024-06-03,2024-11-15,0.25,165
59226,Double Impact Displays Pty Ltd.,1,2024-05-09,4,1,2024-05-09,2024-11-27,0.25,202
100525442,OpenAI OpCo LLC,1,2024-09-06,4,4,2024-09-06,2024-11-16,1.0,71
19421325,TLS-Asia Vietnam,1,2022-06-03,4,2,2022-06-03,2024-11-09,0.5,890
5526664,Pharmaceutical Society of Singapore (PSS),1,2021-04-09,4,1,2021-04-09,2024-08-12,0.25,1221
95960096,Artefact Collective,1,2024-01-04,4,1,2024-01-04,2024-03-20,0.25,76
896257,Chronos Agency Pte Ltd.,1,2022-05-18,4,1,2021-03-19,2022-05-18,0.25,425
4810170,Make Room (4810170),1,2021-04-14,4,1,2021-04-14,2022-03-22,0.25,342
22248707,Clearbridge Medical Group Pte Ltd.,1,2021-09-28,4,1,2021-09-28,2024-06-05,0.25,981
19615695,TrustyTech,1,2024-03-15,4,2,2021-03-20,2024-03-25,0.5,1101
19666592,Camal Srl (Varese),1,2022-01-27,4,2,2021-11-13,2022-07-16,0.5,245
465746,SquarePoint SL,1,2023-02-17,4,1,2023-02-17,2023-02-17,0.25,0
514861,Rhinestahl Corp.,1,2023-01-26,4,1,2022-09-30,2024-07-16,0.25,655
23640283,Bedtribe,1,2024-06-27,4,2,2024-02-29,2024-12-18,0.5,293
93373966,Decowell,1,2024-03-20,4,1,2021-11-28,2024-03-20,0.25,843
529788,Locker & Lock Pte Ltd.,1,2024-03-25,4,1,2024-03-25,2024-12-02,0.25,252
22267912,Sentient AB,1,2024-12-21,4,1,2024-12-19,2024-12-21,0.25,2
4209414,Infantron S Pte Ltd.,1,2024-03-11,4,1,2023-01-12,2024-06-07,0.25,512
848951,"Aviat Networks, Inc.",1,2024-08-13,4,1,2024-04-03,2024-12-27,0.25,268
22202317,Vitablend Nederland BV,1,2024-09-09,4,1,2022-03-22,2024-09-09,0.25,902
19660042,Twinstar Logistics Pte. Ltd.,1,2024-03-22,4,1,2024-03-22,2024-10-19,0.25,211
2052333,APT811 Design & Innovation Agency,1,2024-06-06,4,3,2022-05-30,2024-12-31,0.75,946
9217694,Autovacstore Pte. Ltd.,1,2023-10-03,4,1,2022-01-26,2023-10-03,0.25,615
15639070,Moments Events,1,2022-11-09,4,3,2021-11-10,2024-02-17,0.75,829
1049875,Techvify Vietnam,1,2024-05-17,4,1,2024-05-14,2024-07-24,0.25,71
14330382,"Kinetics Process Consulting, Inc",1,2023-10-11,4,1,2023-09-27,2024-08-29,0.25,337
8365901,Acqua Vida,1,2023-08-01,4,2,2023-08-01,2024-04-03,0.5,246
22155287,ALTANA AG,1,2022-06-14,4,1,2022-06-14,2024-05-20,0.25,706
314907,EDealer,1,2021-12-02,4,1,2021-09-14,2021-12-02,0.25,79
9194764,Auto Lease USA,1,2023-01-27,4,1,2023-01-27,2023-08-03,0.25,188
1658922,Justice Without Borders,1,2021-03-22,4,1,2021-03-12,2023-05-22,0.25,801
96712242,JOVIN (96712242),1,2024-04-15,4,3,2023-09-26,2024-12-22,0.75,453
365654,"Stack Infrastructure, Inc.",1,2022-09-07,4,2,2022-09-07,2023-04-12,0.5,217
15898742,Naturlink,1,2021-06-04,4,3,2021-06-04,2022-12-24,0.75,568
1421576,Fonmigo Ltd.,1,2022-06-13,4,2,2022-06-13,2022-09-16,0.5,95
1960704,ALRIGHTY LABS PTE. LTD.,1,2024-09-09,4,2,2021-09-16,2024-09-09,0.5,1089
14589552,Laptop House Ltd,1,2022-06-30,4,1,2022-06-25,2022-07-03,0.25,8
8128582,Jungle Lifestyle Ventures Pvt Ltd.,1,2024-03-09,4,1,2022-03-22,2024-03-09,0.25,718
97157148,CarbonCopies AI,1,2024-10-28,4,2,2024-10-28,2024-11-01,0.5,4
11901904,Epsilon Education (11901904),1,2024-09-20,4,1,2024-06-25,2024-11-13,0.25,141
671063,MediaCorp Pte Ltd.,1,2022-02-23,4,1,2022-02-23,2024-09-17,0.25,937
1052109,Quadient SA,1,2024-07-11,4,1,2021-04-08,2024-07-11,0.25,1190
303845,Nervotec Pte Ltd.,1,2022-09-21,4,1,2021-09-07,2022-12-15,0.25,464
94493688,Edison Lab,1,2024-08-17,4,1,2024-08-16,2024-09-02,0.25,17
1427036,Tnets,1,2023-01-13,4,3,2023-01-13,2024-09-16,0.75,612
2488892,B.S Engineering SARL,1,2022-02-07,4,4,2022-02-07,2023-10-26,1.0,626
1266360,ModusLink Corp.,1,2022-10-07,4,2,2021-11-13,2023-01-30,0.5,443
1230545,Aktivolabs Pte Ltd.,1,2023-02-22,4,1,2023-01-21,2024-10-30,0.25,648
92883007,Tokimeku Pte Ltd.,1,2022-07-05,4,2,2022-07-05,2023-01-03,0.5,182
41263,"Pacific Biosciences of California, Inc.",1,2024-02-15,4,1,2024-02-15,2024-09-02,0.25,200
8967252,Arius Ecommerce Pte. Ltd.,1,2022-05-17,4,2,2022-05-17,2022-12-02,0.5,199
117740,Railsbank Technology Ltd.,1,2021-04-29,4,1,2021-03-05,2021-04-29,0.25,55
411304,Star Frameworks Labs Pte Ltd.,1,2023-11-03,4,2,2023-09-22,2024-12-23,0.5,458
1473410,"Blueshift Labs, Inc.",1,2021-07-16,4,1,2021-07-16,2022-02-10,0.25,209
6857586,Tuscani Italy Pte Ltd,1,2024-06-16,4,1,2024-06-16,2024-12-16,0.25,183
94748630,Addlly Ai Pte Ltd.,1,2024-02-20,4,3,2024-02-06,2024-07-22,0.75,167
686465,Nivoda Ltd.,1,2023-11-13,4,4,2023-11-13,2024-01-03,1.0,51
8592462,ICYMI Ltd,1,2023-08-26,4,1,2023-08-26,2024-12-02,0.25,464
95726193,Medi Beaute,1,2024-03-08,4,1,2021-03-15,2024-03-08,0.25,1089
26692965,Catalogs,1,2024-07-31,4,1,2023-05-23,2024-07-31,0.25,435
747593,Creadits Pte Ltd.,1,2024-07-18,4,1,2022-01-12,2024-07-18,0.25,918
92847578,VISA ONE PTY LTD,1,2024-05-26,4,1,2024-05-26,2024-12-13,0.25,201
97063280,Emplity,1,2024-10-08,4,2,2024-08-20,2024-12-02,0.5,104
92838813,Wdns,1,2024-11-25,4,1,2021-07-13,2024-12-26,0.25,1262
182758,Entropica Labs Pte Ltd.,1,2024-02-29,4,1,2024-02-29,2024-12-06,0.25,281
92896746,The Flower Factory,1,2022-12-14,4,1,2022-12-14,2022-12-14,0.25,0
13922605,J L Institution,1,2024-04-01,3,1,2023-03-08,2024-04-01,0.3333333333333333,390
13745895,Inspire Marketing (13745895),1,2024-03-22,3,1,2022-08-13,2024-03-22,0.3333333333333333,587
95920415,Tamasha by Deepika Rajani,1,2024-09-05,3,1,2024-06-20,2024-09-05,0.3333333333333333,77
12977412,growth.sg,1,2023-06-07,3,1,2021-10-21,2023-06-07,0.3333333333333333,594
93960730,DealDriver AI,1,2023-05-31,3,2,2023-05-31,2023-06-16,0.6666666666666666,16
12097931,EZ TALENT CENTRE PTE LTD,1,2023-09-15,3,1,2023-02-05,2023-09-15,0.3333333333333333,222
892015,Wacker Chemie AG,1,2023-08-26,3,1,2022-12-13,2024-06-12,0.3333333333333333,547
8648,"Bausch & Lomb, Inc.",1,2022-05-14,3,2,2022-05-14,2024-03-18,0.6666666666666666,674
11168293,"Deep Blue Concepts, Inc.",1,2023-02-10,3,1,2022-09-04,2024-08-16,0.3333333333333333,712
344396,AIM Biotech Pte Ltd.,1,2024-02-29,3,1,2023-02-06,2024-02-29,0.3333333333333333,388
14215137,KAPYBARA TECH PTE. LTD.,1,2022-06-07,3,1,2022-06-07,2023-02-15,0.3333333333333333,253
968953,Rebl Group Oyj,1,2024-06-26,3,1,2021-10-27,2024-06-26,0.3333333333333333,973
968548,KomGo SA,1,2023-07-24,3,1,2023-07-24,2024-06-11,0.3333333333333333,323
11327320,DigitalGuru,1,2024-04-08,3,1,2024-04-08,2024-11-04,0.3333333333333333,210
12678586,Geoline Boltz Pte Ltd,1,2021-09-13,3,3,2021-09-13,2022-03-22,1.0,190
1011651,Fasterpay Ltd.,1,2024-02-21,3,1,2023-07-20,2024-03-18,0.3333333333333333,242
952264,Treys Pte Ltd.,1,2022-10-07,3,1,2022-10-07,2024-02-29,0.3333333333333333,510
94068436,Unitimes,1,2024-12-09,3,1,2024-12-09,2024-12-09,0.3333333333333333,0
9262932,Aylabella Co.,1,2024-01-03,3,1,2024-01-03,2024-06-28,0.3333333333333333,177
14916566,Lookz (14916566),1,2024-08-08,3,1,2022-06-16,2024-08-08,0.3333333333333333,784
97905356,IM Freight LLC,1,2021-11-25,3,1,2021-09-29,2021-11-25,0.3333333333333333,57
19791200,US Bureau of Engraving and Printing,1,2024-03-18,3,3,2024-03-18,2024-04-15,1.0,28
6653536,The Happy Place,1,2023-05-16,3,1,2022-12-07,2023-05-16,0.3333333333333333,160
599390,Locus Robotics Corp.,1,2022-06-28,3,3,2022-06-28,2023-10-17,1.0,476
6815366,Treknology Bikes 3 Pte Ltd,1,2022-06-29,3,2,2021-12-02,2022-06-30,0.6666666666666666,210
2699488,M.A.D. SCHOOL,1,2023-06-06,3,1,2022-03-11,2023-09-04,0.3333333333333333,542
25707110,Yours Skinlabs Pte Ltd.,1,2022-03-23,3,2,2021-10-26,2022-09-10,0.6666666666666666,319
26512319,Loft Logistics,1,2024-09-05,3,2,2024-09-05,2024-10-03,0.6666666666666666,28
26731358,Abblesearch,1,2024-04-22,3,1,2021-12-14,2024-06-12,0.3333333333333333,911
1955798,Alpha Gymnastics,1,2024-02-26,3,1,2022-01-31,2024-02-26,0.3333333333333333,756
27707742,Mindsprint Oy,1,2023-11-30,3,1,2023-11-02,2024-08-07,0.3333333333333333,279
635043,"Correlation One, Inc.",1,2023-09-22,3,3,2023-09-22,2024-04-24,1.0,215
2210070,AXTRO Pte. Ltd.,1,2024-01-09,3,1,2023-01-16,2024-01-09,0.3333333333333333,358
27907479,Adec Distribution Pte Ltd,1,2023-07-13,3,2,2023-07-13,2024-03-20,0.6666666666666666,251
19563,Homegenie,1,2021-11-30,3,2,2021-11-30,2024-07-29,0.6666666666666666,972
48503186,G'plan Design Pte Ltd.,1,2024-04-10,3,1,2024-04-10,2024-08-14,0.3333333333333333,126
179800,"SPX FLOW, Inc.",1,2022-09-18,3,1,2021-09-23,2022-09-18,0.3333333333333333,360
3301449,EK DERMA LAB PTE. LTD.,1,2021-04-01,3,1,2021-04-01,2021-12-02,0.3333333333333333,245
17277501,Rays Global,1,2024-12-11,3,1,2024-07-26,2024-12-11,0.3333333333333333,138
23324564,SKILLMASTER TRAINING CENTRE,1,2023-09-19,3,2,2023-08-30,2023-10-09,0.6666666666666666,40
19713302,Uncommon Uncommon,1,2024-03-13,3,1,2023-05-09,2024-09-25,0.3333333333333333,505
18572397,SOON STAR KITCHEN WARE PTE. LTD.,1,2023-01-30,3,1,2021-11-25,2023-01-30,0.3333333333333333,431
5440980,Panic Room,1,2023-07-27,3,1,2023-07-27,2024-11-16,0.3333333333333333,478
100129862,Awe Academy,1,2024-02-24,3,2,2022-03-20,2024-05-09,0.6666666666666666,781
5561272,Pixel Tech (5561272),1,2024-07-11,3,1,2021-10-01,2024-12-24,0.3333333333333333,1180
496750,Steamship Insurance Management Services Ltd.,1,2023-06-26,3,1,2023-06-22,2024-12-17,0.3333333333333333,544
22216768,"Aspire Systems, Inc. (California)",1,2022-06-14,3,1,2022-02-11,2022-12-14,0.3333333333333333,306
469389,Neon Pagamentos SA,1,2023-08-18,3,3,2023-08-18,2024-01-08,1.0,143
506083,Edventures,1,2024-02-23,3,1,2023-03-31,2024-03-14,0.3333333333333333,349
4523494,Amma Authentic Foods,1,2021-03-20,3,2,2021-03-20,2021-03-31,0.6666666666666666,11
50469,Apollo Medical Center LLC,1,2024-07-03,3,2,2023-10-03,2024-12-01,0.6666666666666666,425
4391387,JobFinder Spain,1,2024-07-22,3,1,2024-07-01,2024-07-22,0.3333333333333333,21
4244820,Inspire Selection,1,2021-11-22,3,2,2021-10-20,2021-11-22,0.6666666666666666,33
22349492,"Clinipace, Inc.",1,2021-08-03,3,1,2021-08-03,2022-01-17,0.3333333333333333,167
6183940,Sidecar Doughnuts And Coffee,1,2024-06-15,3,1,2024-06-15,2024-06-15,0.3333333333333333,0
546853,Green Radar Hong Kong Ltd.,1,2022-06-15,3,3,2022-06-15,2022-06-25,1.0,10
20287236,WinApp Technologies,1,2022-08-01,3,3,2022-08-01,2022-08-07,1.0,6
7692568,BYKidO Pte Ltd.,1,2022-12-14,3,3,2022-12-14,2022-12-24,1.0,10
51763713,THE BIRYANI LOUNGE LTD,1,2024-01-05,3,1,2023-11-17,2024-01-05,0.3333333333333333,49
92895371,Interchange Group Pty Ltd.,1,2023-06-07,3,1,2023-06-07,2023-11-22,0.3333333333333333,168
10462995,Circular IT A/S,1,2023-09-15,3,1,2023-04-11,2023-09-15,0.3333333333333333,157
334968,Micron Electricals,1,2022-11-10,3,3,2022-11-10,2024-03-02,1.0,478
811498,Snapask Hong Kong Ltd.,1,2022-01-24,3,1,2022-01-18,2022-01-29,0.3333333333333333,11
96221566,Tbr,1,2022-06-07,3,1,2022-04-06,2022-08-11,0.3333333333333333,127
1185309,Winkontent Ltd.,1,2023-06-17,3,3,2023-06-17,2023-10-27,1.0,132
1217538,ClientEarth,1,2021-03-19,3,1,2021-03-19,2021-03-29,0.3333333333333333,10
15066237,Mages GmbH,1,2022-08-31,3,1,2021-04-22,2022-08-31,0.3333333333333333,496
15483139,MomBoss Academy,1,2021-09-22,3,3,2021-09-22,2022-06-12,1.0,263
1306805,G Treasury SS LLC,1,2023-05-19,3,1,2022-08-24,2023-05-19,0.3333333333333333,268
8558872,"Aitkin County Growth , Inc.",1,2023-08-18,3,2,2023-04-01,2024-02-06,0.6666666666666666,311
1338542,Vgw Holdings Ltd.,1,2021-03-09,3,3,2021-03-09,2021-03-23,1.0,14
22147576,Oakwood Asia Pacific Ltd.,1,2024-09-23,3,1,2022-01-17,2024-10-08,0.3333333333333333,995
1392910,Duane Morris LLP,1,2022-07-12,3,1,2022-03-24,2022-08-11,0.3333333333333333,140
16014449,NFTGAMECO PTE. LTD.,1,2022-05-24,3,3,2022-05-24,2023-03-04,1.0,284
1633549,LAU CHOY SENG PTE LTD,1,2024-02-26,3,2,2022-08-19,2024-02-26,0.6666666666666666,556
84163,Toparts Pte Ltd.,1,2023-12-26,3,2,2023-12-26,2024-08-15,0.6666666666666666,233
16121610,Nosh Produce | Edible Flowers & Microgreens in SG,1,2023-12-05,3,1,2023-12-05,2024-10-24,0.3333333333333333,324
92805139,Mackin Consultancy LLC,1,2021-03-26,3,2,2021-03-26,2021-04-27,0.6666666666666666,32
1731329,4ACES GmbH,1,2024-01-02,3,1,2024-01-02,2024-07-01,0.3333333333333333,181
92848384,VIO,1,2021-04-06,3,1,2021-04-05,2021-04-06,0.3333333333333333,1
92857828,Valearnis,1,2023-01-27,3,1,2021-09-06,2023-01-27,0.3333333333333333,508
7908097,Stick 'Em,1,2023-12-09,3,2,2023-12-08,2023-12-10,0.6666666666666666,2
92773532,Montreal,1,2021-03-11,3,1,2021-03-11,2024-02-16,0.3333333333333333,1072
7822834,Matterz Consulting Pte Ltd.,1,2024-12-28,3,1,2024-12-26,2024-12-28,0.3333333333333333,2
97543466,Avi-Go,1,2024-10-16,2,1,2024-10-16,2024-10-16,0.5,0
18147365,Shopcat,1,2022-05-07,2,1,2022-04-20,2022-05-07,0.5,17
19497270,TOYS 4 USA INC.,1,2023-11-13,2,2,2023-11-13,2023-11-13,1.0,0
96211660,Illuminous,1,2022-04-17,2,1,2022-04-05,2022-04-17,0.5,12
96254054,SEOUL PRECISION PTE. LTD.,1,2024-04-12,2,1,2024-04-12,2024-04-12,0.5,0
100355752,China Gas International Pte Ltd,1,2024-07-15,2,1,2024-07-15,2024-12-24,0.5,162
97123543,OneForma,1,2024-11-04,2,2,2024-11-04,2024-11-21,1.0,17
99465170,KTH HR CONSULTING ZONE,1,2024-12-17,2,1,2024-12-17,2024-12-18,0.5,1
617960,Ideal Education Group SL,1,2023-09-13,2,1,2023-09-13,2023-09-19,0.5,6
435666,Motul Asia Pacific Pte Ltd.,1,2024-02-21,2,1,2023-02-01,2024-02-21,0.5,385
15346098,Medi Dent International Pte Ltd.,1,2023-01-17,2,1,2023-01-17,2024-08-20,0.5,581
865512,Noodle Factory Pte Ltd.,1,2024-06-26,2,1,2022-01-25,2024-06-26,0.5,883
745465,"IMW, Inc.",1,2024-11-08,2,1,2024-11-08,2024-12-22,0.5,44
97861494,5G MAX PTE. LTD.,1,2024-08-14,2,1,2021-07-05,2024-08-14,0.5,1136
20934837,Greiner AG,1,2024-07-10,2,1,2024-07-10,2024-09-02,0.5,54
663860,Sophie & Friends (S) Pte Ltd.,1,2024-12-27,2,1,2023-07-20,2024-12-27,0.5,526
15865394,Nanotech.Sg Pte Ltd.,1,2024-08-19,2,1,2024-05-12,2024-08-19,0.5,99
15916546,"Ne47 Bio, Inc.",1,2022-08-10,2,1,2022-08-10,2022-08-11,0.5,1
625268,Kai Corp.,1,2024-05-16,2,1,2024-05-02,2024-05-16,0.5,14
98175743,John Deere Asia (singapore),1,2023-01-18,2,2,2023-01-18,2023-02-08,1.0,21
14339733,Kingsun SGS,1,2022-03-22,2,2,2022-03-22,2022-03-24,1.0,2
15751792,INDOCHINE,1,2021-04-14,2,1,2021-04-13,2021-04-14,0.5,1
22229447,EP-Aasia Group,1,2021-05-03,2,1,2021-05-03,2021-05-27,0.5,24
908827,Astore Pvt LLC,1,2024-09-11,2,1,2021-03-04,2024-09-11,0.5,1287
1235496,"Lasso Software, Inc.",1,2023-11-17,2,2,2023-11-17,2023-11-17,1.0,0
22168719,KOMPAN A/S,1,2024-09-04,2,1,2024-04-15,2024-09-04,0.5,142
2637569,CDiC Consultants LLP,1,2021-08-03,2,2,2021-08-03,2021-10-21,1.0,79
7071025,"V-Tic Services, Inc.",1,2024-01-08,2,1,2024-01-08,2024-01-09,0.5,1
2423020,Books Beyond Borders,1,2022-01-04,2,1,2022-01-04,2022-09-28,0.5,267
2234922,Bakes & Bites,1,2022-07-16,2,2,2022-07-16,2023-01-28,1.0,196
40164,"Sambanova Systems, Inc.",1,2024-03-08,2,2,2024-03-08,2024-07-31,1.0,145
27779003,BarknBake.co,1,2024-12-23,2,1,2024-12-10,2024-12-23,0.5,13
22153678,Oerlikon Stationär-Batterien AG Aesch BL,1,2023-09-25,2,2,2023-09-25,2024-04-15,1.0,203
1968645,"Jenni, Inc.",1,2024-07-08,2,2,2024-07-08,2024-07-08,1.0,0
67103660,C Mart (67103660),1,2022-01-05,2,2,2022-01-05,2022-01-12,1.0,7
81404255,PrivateAI,1,2024-06-24,2,1,2024-06-24,2024-07-03,0.5,9
90532481,Spacejot Pte Ltd.,1,2024-11-25,2,2,2024-11-25,2024-11-25,1.0,0
36235,"Odaseva.com, Inc.",1,2024-03-11,2,1,2023-01-10,2024-03-11,0.5,426
7827433,Metier Food Sdn Bhd.,1,2022-08-16,2,2,2022-08-16,2022-08-18,1.0,2
7834528,Mr. Bucket Chocolaterie,1,2021-08-02,2,1,2021-08-02,2021-08-03,0.5,1
1421148,Optimal Virtual Employee Pty Ltd.,1,2024-07-15,2,1,2024-07-15,2024-08-16,0.5,32
299834,Pérez-Llorca Abogados SL,1,2023-03-06,2,2,2023-03-06,2023-12-04,1.0,273
1317304,BSE Ltd.,1,2022-09-28,2,2,2022-09-28,2022-12-20,1.0,83
93135569,Maximus Consulting Co Ltd,1,2024-03-25,2,1,2021-03-17,2024-03-25,0.5,1104
1298672,WBX Commerce Technologies,1,2024-01-22,2,1,2021-09-23,2024-01-22,0.5,851
22144435,"NeoGenomics Laboratories, Inc.",1,2021-09-20,2,2,2021-09-20,2022-01-11,1.0,113
93149765,M3I,1,2024-04-01,2,1,2024-04-01,2024-08-29,0.5,150
1285868,Pro-Systems LLC,1,2022-04-25,2,1,2022-04-25,2023-02-16,0.5,297
1277841,Ammega Group BV,1,2024-05-20,2,1,2023-08-10,2024-05-20,0.5,284
1275456,Technosoft (SEA) Pte Ltd.,1,2024-09-04,2,1,2023-11-15,2024-09-04,0.5,294
93201510,JobPlus,1,2022-02-25,2,1,2022-02-25,2022-08-09,0.5,165
103947,Rakuten Travel Xchange,1,2022-01-19,2,1,2022-01-19,2022-01-19,0.5,0
24609380,Ralph Recruitment,1,2024-01-08,2,1,2024-01-08,2024-01-16,0.5,8
6777247,TOTACHI INDUSTRIAL PTE. LTD.,1,2024-01-15,2,1,2024-01-15,2024-01-15,0.5,0
274503,"Integral Consulting Services, Inc.",1,2021-12-11,2,2,2021-12-11,2022-07-28,1.0,229
4636574,Learning Pie Education Centre,1,2023-02-14,2,1,2022-08-08,2023-02-14,0.5,190
5221938,Niccolo Marketing,1,2024-03-01,2,1,2024-02-07,2024-03-01,0.5,23
5219029,NGFS,1,2024-12-04,2,1,2024-04-18,2024-12-04,0.5,230
5163091,"NaviX Solutions, by Schneider Electric",1,2021-11-30,2,2,2021-11-30,2022-01-06,1.0,37
5437618,Pan Ocean Group of Cos.,1,2023-01-26,2,1,2023-01-26,2024-06-03,0.5,494
5125407,"MYMENOPAUSERX, LLC",1,2024-06-18,2,1,2024-06-18,2024-06-18,0.5,0
4889855,Mc Transport,1,2024-05-07,2,2,2024-05-07,2024-07-26,1.0,80
4827955,Manthra Software Services Pte Ltd.,1,2021-11-21,2,1,2021-11-21,2021-11-21,0.5,0
22244494,Intellectsoft LLC,1,2023-03-13,2,1,2023-02-10,2023-03-13,0.5,31
4736850,Lorna Whiston Sdn Bhd,1,2022-02-21,2,1,2022-02-21,2022-02-21,0.5,0
5733922,Pupupula,1,2023-11-20,2,1,2023-11-20,2023-12-11,0.5,21
4697179,Lintec Concrete Technologies,1,2021-04-27,2,1,2021-04-27,2022-08-19,0.5,479
5830914,Red Hare Studios,1,2024-04-01,2,2,2024-04-01,2024-12-06,1.0,249
22254617,"Mobvista Co., Ltd.",1,2022-07-18,2,1,2022-07-18,2022-07-18,0.5,0
23803405,Slash,1,2024-02-06,2,1,2022-01-16,2024-02-06,0.5,751
5942595,ROLLMAC EQUIPMENTS PTE LTD,1,2024-02-02,2,1,2024-02-02,2024-05-07,0.5,95
4292855,Invesso Pte Ltd.,1,2022-01-13,2,1,2021-09-25,2022-01-13,0.5,110
4244728,Inspire Marketing LLC,1,2024-10-17,2,1,2022-07-25,2024-10-17,0.5,815
4055623,Hoplite Security LLC,1,2021-03-23,2,1,2021-03-23,2021-03-23,0.5,0
22573040,MH Hydraulics Singapore,1,2022-06-26,2,1,2022-01-31,2022-06-26,0.5,146
22778415,YBR Consulting,1,2023-09-27,2,1,2023-04-21,2023-09-27,0.5,159
3680373,Altered State Machine Ltd.,1,2022-12-18,2,2,2022-12-18,2022-12-18,1.0,0
6220745,Sixty-Six Switchgears Co. Pte Ltd.,1,2023-01-19,2,2,2023-01-19,2023-10-12,1.0,266
23184484,Modern Home Singapore,1,2023-02-08,2,1,2023-02-08,2023-03-09,0.5,29
3338563,ERAU Asia,1,2022-01-14,2,1,2022-01-14,2022-03-24,0.5,69
3322729,ELIPHANT PTE. LTD.,1,2024-01-04,2,1,2022-01-17,2024-01-04,0.5,717
6515253,FTJ Bio Power Sdn. Bhd.,1,2023-02-02,2,1,2023-02-02,2023-02-03,0.5,1
1243193,Millennium I.T. E.S.P. (Pvt) Ltd.,1,2024-06-06,2,1,2024-05-16,2024-06-06,0.5,21
1836251,Advanced Tuition Ltd.,1,2023-09-27,2,1,2023-09-27,2023-09-27,0.5,0
11031996,Jiangsu Seraphim Solar System Co. Ltd.,1,2022-07-12,2,2,2022-07-12,2022-07-20,1.0,8
1074268,AI First Talent Ltd.,1,2022-02-25,2,1,2021-12-17,2022-02-25,0.5,70
957102,"Value Valves Co., Ltd.",1,2022-03-13,2,1,2021-08-17,2022-03-13,0.5,208
12402257,Radius 60 Studios LLC,1,2022-10-24,2,1,2022-06-10,2022-10-24,0.5,136
94915812,SK Electrical Ltd,1,2024-03-01,2,1,2024-03-01,2024-07-08,0.5,129
93347211,Econo Green,1,2024-07-24,2,1,2022-08-29,2024-07-24,0.5,695
94755049,DAVIDSON GROUP SERVICES PTY LTD,1,2023-11-03,2,1,2023-11-03,2023-11-03,0.5,0
95042791,TAG Realty Pte Ltd,1,2023-06-06,2,2,2023-06-06,2024-10-04,1.0,486
93309633,First Fruits of Zion,1,2024-05-20,2,1,2024-05-16,2024-05-20,0.5,4
12471851,French Vanilla,1,2023-07-05,2,2,2023-07-05,2023-07-05,1.0,0
12826852,Golden Petals Technologies,1,2024-03-25,2,2,2024-03-25,2024-03-25,1.0,0
1092538,Eunogo Pte Ltd.,1,2022-07-13,2,2,2022-07-13,2022-09-09,1.0,58
9066970,ASP Automotive GmbH,1,2022-07-06,2,2,2022-07-06,2022-07-13,1.0,7
22229472,Himalaya Drug Co. Pvt Ltd.,1,2021-07-01,2,1,2021-07-01,2024-09-24,0.5,1181
922590,United Hebrew Congregation,1,2023-07-07,2,2,2023-07-07,2023-08-25,1.0,49
94414404,IFIT IFUN,1,2024-09-09,1,1,2024-09-09,2024-09-09,1.0,0
11598650,EAST ASIA RESEARCH PTE LTD,1,2024-08-17,1,1,2024-08-17,2024-08-17,1.0,0
574324,Privacy Ninja,1,2024-05-03,1,1,2024-05-03,2024-05-03,1.0,0
3446036,Eventus Co. Ltd.,1,2024-11-25,1,1,2024-11-25,2024-11-25,1.0,0
22755107,Velwire Pte. Ltd,1,2024-04-03,1,1,2024-04-03,2024-04-03,1.0,0
23206428,Nicholas Tung,1,2021-10-09,1,1,2021-10-09,2021-10-09,1.0,0
3463108,Executive HUB,1,2022-04-18,1,1,2022-04-18,2022-04-18,1.0,0
94359639,SHAN IMPEX,1,2024-06-14,1,1,2024-06-14,2024-06-14,1.0,0
93980193,Voltade,1,2023-07-19,1,1,2023-07-19,2023-07-19,1.0,0
22863724,Betterhand Financial Technologies,1,2023-08-24,1,1,2023-08-24,2023-08-24,1.0,0
575799,Royal Imaging Services LLC,1,2021-05-07,1,1,2021-05-07,2021-05-07,1.0,0
1013811,"AssemblyAI, Inc.",1,2022-02-21,1,1,2022-02-21,2022-02-21,1.0,0
197571,"Bytez, Inc.",1,2024-06-10,1,1,2024-06-10,2024-06-10,1.0,0
11555744,"DYNA-LOG, INC.",1,2021-07-26,1,1,2021-07-26,2021-07-26,1.0,0
3284062,Edubex,1,2022-11-09,1,1,2022-11-09,2022-11-09,1.0,0
23470472,R&B Switchgear Services Ltd.,1,2021-04-30,1,1,2021-04-30,2021-04-30,1.0,0
93916837,Altanium Pte Ltd,1,2023-04-18,1,1,2023-04-18,2023-04-18,1.0,0
586132,Right-Hand Cyber Security Pte Ltd.,1,2022-10-08,1,1,2022-10-08,2022-10-08,1.0,0
19837321,Valour Pets Global Pte Ltd,1,2024-02-20,1,1,2024-02-20,2024-02-20,1.0,0
853574,"Auzmor, Inc.",1,2022-12-12,1,1,2022-12-12,2022-12-12,1.0,0
1065572,KPS Life LLC,1,2024-12-31,1,1,2024-12-31,2024-12-31,1.0,0
11386606,DJS Investments LLC,1,2023-05-29,1,1,2023-05-29,2023-05-29,1.0,0
2896533,Verus Consulting LLC,1,2024-07-06,1,1,2024-07-06,2024-07-06,1.0,0
24525826,Greendot,1,2022-05-11,1,1,2022-05-11,2022-05-11,1.0,0
24787229,StorySell Media,1,2021-04-27,1,1,2021-04-27,2021-04-27,1.0,0
185952,CoGri Group Ltd,1,2023-04-12,1,1,2023-04-12,2023-04-12,1.0,0
971181,IndoChine Group Pte Ltd.,1,2022-06-22,1,1,2022-06-22,2022-06-22,1.0,0
325811,"Acall, Inc.",1,2024-05-03,1,1,2024-05-03,2024-05-03,1.0,0
6110797,Selection 40 SA,1,2022-09-07,1,1,2022-09-07,2022-09-07,1.0,0
4716697,Locad,1,2024-10-17,1,1,2024-10-17,2024-10-17,1.0,0
5352843,Onedream (5352843),1,2023-02-23,1,1,2023-02-23,2023-02-23,1.0,0
5172571,NEG-ITSolutions,1,2024-07-15,1,1,2024-07-15,2024-07-15,1.0,0
489798,N-Side SA,1,2024-12-03,1,1,2024-12-03,2024-12-03,1.0,0
19002702,Team 1 Inc,1,2022-11-03,1,1,2022-11-03,2022-11-03,1.0,0
892327,Gbta,1,2024-12-07,1,1,2024-12-07,2024-12-07,1.0,0
5134885,Nafea Group,1,2021-07-22,1,1,2021-07-22,2021-07-22,1.0,0
95034478,"D-Id, Ltd.",1,2023-06-07,1,1,2023-06-07,2023-06-07,1.0,0
5123938,"Humans, Inc.",1,2022-06-07,1,1,2022-06-07,2022-06-07,1.0,0
5118915,Rare Candy Llc.,1,2024-05-31,1,1,2024-05-31,2024-05-31,1.0,0
22220317,DAM SAS,1,2023-01-01,1,1,2023-01-01,2023-01-01,1.0,0
95468059,Superbench,1,2024-07-26,1,1,2024-07-26,2024-07-26,1.0,0
12782713,Group Global,1,2021-09-30,1,1,2021-09-30,2021-09-30,1.0,0
470181,Grupo Bfx,1,2023-07-17,1,1,2023-07-17,2023-07-17,1.0,0
22249475,Algebris Investments /Private Equity/,1,2021-11-25,1,1,2021-11-25,2021-11-25,1.0,0
22270720,Avea Life AG,1,2024-11-09,1,1,2024-11-09,2024-11-09,1.0,0
12627908,GAUSHAN CONSTRUCTION & ROOFING PTE,1,2024-08-16,1,1,2024-08-16,2024-08-16,1.0,0
99618477,TalentWorldAI,1,2024-12-20,1,1,2024-12-20,2024-12-20,1.0,0
99502807,Trustai Pte Ltd.,1,2024-11-05,1,1,2024-11-05,2024-11-05,1.0,0
14200148,Maju BV /Be/,1,2023-12-28,1,1,2023-12-28,2023-12-28,1.0,0
95680928,Ann Arbor Psych,1,2022-11-14,1,1,2022-11-14,2022-11-14,1.0,0
4625604,LE DEFI,1,2024-12-10,1,1,2024-12-10,2024-12-10,1.0,0
464660,The Writer Ltd.,1,2024-07-06,1,1,2024-07-06,2024-07-06,1.0,0
513930,"Mobile Labs, Inc.",1,2024-12-18,1,1,2024-12-18,2024-12-18,1.0,0
94769875,Finger Waltz Music,1,2024-09-09,1,1,2024-09-09,2024-09-09,1.0,0
94617362,Jan,1,2024-03-20,1,1,2024-03-20,2024-03-20,1.0,0
11325997,Digital Gene (11325997),1,2024-04-30,1,1,2024-04-30,2024-04-30,1.0,0
959948,"Dairy Farmers of America, Inc.",1,2023-11-24,1,1,2023-11-24,2023-11-24,1.0,0
6100624,Security First Title Company,1,2024-07-12,1,1,2024-07-12,2024-07-12,1.0,0
19664705,TwoGatherPictures,1,2021-09-22,1,1,2021-09-22,2021-09-22,1.0,0
21150543,Axon Fresh,1,2021-11-01,1,1,2021-11-01,2021-11-01,1.0,0
25707098,Mondiale VGL Pty Ltd.,1,2024-12-30,1,1,2024-12-30,2024-12-30,1.0,0
96215665,Senstar Corp.,1,2024-12-17,1,1,2024-12-17,2024-12-17,1.0,0
7888528,SAVOR,1,2022-01-20,1,1,2022-01-20,2022-01-20,1.0,0
7892559,"Serviap Logistics, S.A. de C.V.",1,2024-02-29,1,1,2024-02-29,2024-02-29,1.0,0
7897579,SJA Pty Ltd.,1,2024-09-03,1,1,2024-09-03,2024-09-03,1.0,0
1444429,Neurobit Technologies Pte Ltd,1,2023-08-18,1,1,2023-08-18,2023-08-18,1.0,0
7929037,Top Rpo,1,2024-06-10,1,1,2024-06-10,2024-06-10,1.0,0
1428687,Emergency Airfreight System International SAS,1,2024-01-17,1,1,2024-01-17,2024-01-17,1.0,0
92911608,Tag Realty Inc,1,2024-10-04,1,1,2024-10-04,2024-10-04,1.0,0
1426723,Red Intermediate Co. LLC,1,2022-03-02,1,1,2022-03-02,2022-03-02,1.0,0
92924498,Streamline Logistics LLC,1,2024-01-18,1,1,2024-01-18,2024-01-18,1.0,0
7973627,Nakamichi Corp.,1,2023-02-07,1,1,2023-02-07,2023-02-07,1.0,0
10217372,Catalyst Logistics,1,2023-08-15,1,1,2023-08-15,2023-08-15,1.0,0
15829618,mySKINBAR,1,2021-08-03,1,1,2021-08-03,2021-08-03,1.0,0
96753584,Love + Roots,1,2024-05-13,1,1,2024-05-13,2024-05-13,1.0,0
92949307,SMATEC,1,2024-07-21,1,1,2024-07-21,2024-07-21,1.0,0
7984543,WorldStrides International LLC,1,2022-10-19,1,1,2022-10-19,2022-10-19,1.0,0
294303,"Nanjing Magewell Electronics Co., Ltd.",1,2024-12-20,1,1,2024-12-20,2024-12-20,1.0,0
1337009,uib GmbH,1,2024-08-23,1,1,2024-08-23,2024-08-23,1.0,0
96710636,Myrtille SARL,1,2023-12-02,1,1,2023-12-02,2023-12-02,1.0,0
8550637,Default,1,2021-07-01,1,1,2021-07-01,2021-07-01,1.0,0
1176603,"Esme Learning Solutions, Inc.",1,2021-08-04,1,1,2021-08-04,2021-08-04,1.0,0
744990,Anthropic PBC,1,2023-12-21,1,1,2023-12-21,2023-12-21,1.0,0
21826802,Pullman Venture Capital Ltd,1,2021-11-22,1,1,2021-11-22,2021-11-22,1.0,0
9841691,Breate solutions,1,2024-01-22,1,1,2024-01-22,2024-01-22,1.0,0
1213695,"Customindz, Inc.",1,2024-10-25,1,1,2024-10-25,2024-10-25,1.0,0
9607642,BioFina Inc.,1,2024-04-26,1,1,2024-04-26,2024-04-26,1.0,0
1221787,Neurons Lab Ltd.,1,2024-06-01,1,1,2024-06-01,2024-06-01,1.0,0
8837099,Anisha Traders,1,2024-12-15,1,1,2024-12-15,2024-12-15,1.0,0
791499,Magna Group BV,1,2022-09-08,1,1,2022-09-08,2022-09-08,1.0,0
1222886,Rand Technology LLC,1,2024-09-25,1,1,2024-09-25,2024-09-25,1.0,0
1237447,Technigroup Far East Pte Ltd.,1,2024-12-26,1,1,2024-12-26,2024-12-26,1.0,0
20468946,"Babylonchain, Inc.",1,2024-10-26,1,1,2024-10-26,2024-10-26,1.0,0
20464088,You Got This!,1,2024-12-16,1,1,2024-12-16,2024-12-16,1.0,0
26710687,WealthCX,1,2024-10-10,1,1,2024-10-10,2024-10-10,1.0,0
40835451,Pebblely Pte Ltd.,1,2023-04-28,1,1,2023-04-28,2023-04-28,1.0,0
7088785,Warely,1,2021-10-27,1,1,2021-10-27,2021-10-27,1.0,0
22165387,"Preferred Hotels & Resorts Worldwide, Inc.",1,2023-01-18,1,1,2023-01-18,2023-01-18,1.0,0
22162213,Globetel Singapore Pte Ltd.,1,2024-02-23,1,1,2024-02-23,2024-02-23,1.0,0
21353997,EasyBiz Cloud,1,2024-02-23,1,1,2024-02-23,2024-02-23,1.0,0
93496624,AUGMENT INTERNATIONAL,1,2022-06-22,1,1,2022-06-22,2022-06-22,1.0,0
837993,Sylvera Ltd.,1,2024-06-22,1,1,2024-06-22,2024-06-22,1.0,0
2213307,Ayzo BV,1,2023-04-06,1,1,2023-04-06,2023-04-06,1.0,0
27887425,"Molekule, Inc.",1,2021-03-19,1,1,2021-03-19,2021-03-19,1.0,0
16848792,MultiPower Distribution Pte Ltd. As,1,2023-03-04,1,1,2023-03-04,2023-03-04,1.0,0
97600943,Homebrew Research,1,2024-12-04,1,1,2024-12-04,2024-12-04,1.0,0
7661342,Alterpacks,1,2024-07-16,1,1,2024-07-16,2024-07-16,1.0,0
2167158,Audio Production Academy AB,1,2023-03-20,1,1,2023-03-20,2023-03-20,1.0,0
2062352,Arbitration Chambers,1,2023-08-25,1,1,2023-08-25,2023-08-25,1.0,0
20131225,Watertrans Agencies,1,2023-02-23,1,1,2023-02-23,2023-02-23,1.0,0
1132928,"Coleman Research Group, Inc.",1,2024-03-14,1,1,2024-03-14,2024-03-14,1.0,0
1157867,Cenizaro Hotels & Resorts,1,2021-05-28,1,1,2021-05-28,2021-05-28,1.0,0
2008958,Ancileo,1,2023-10-25,1,1,2023-10-25,2023-10-25,1.0,0
7721293,Data Spree UG (haftungsbeschränkt),1,2024-06-17,1,1,2024-06-17,2024-06-17,1.0,0
97342225,Naptha Ai Pte Ltd.,1,2024-12-07,1,1,2024-12-07,2024-12-07,1.0,0
16395120,OTA Fine Arts Pte Ltd.,1,2023-07-04,1,1,2023-07-04,2023-07-04,1.0,0
7734853,Edge Clear LLC,1,2022-12-30,1,1,2022-12-30,2022-12-30,1.0,0
343046,"ABC Recovery Center, Inc.",1,2024-07-25,1,1,2024-07-25,2024-07-25,1.0,0
7751603,PT Fliptech Lentera Inspirasi Pertiwi,1,2022-06-08,1,1,2022-06-08,2022-06-08,1.0,0
821660,Purview India Consulting & Services Llp,1,2022-10-25,1,1,2022-10-25,2022-10-25,1.0,0
7785019,Inai Technologies Co.,1,2024-08-22,1,1,2024-08-22,2024-08-22,1.0,0
817248,Supa Academy Ltd.,1,2024-12-19,1,1,2024-12-19,2024-12-19,1.0,0
10549156,Cloudhire,1,2022-11-07,1,1,2022-11-07,2022-11-07,1.0,0
21570907,Jun Tennis Academy,1,2022-07-20,1,1,2022-07-20,2022-07-20,1.0,0
154102,Esel Pty Ltd.,1,2022-10-21,1,1,2022-10-21,2022-10-21,1.0,0
93375678,DC Trading,1,2024-07-16,1,1,2024-07-16,2024-07-16,1.0,0
18917088,Tack One Pte Ltd.,1,2023-11-06,1,1,2023-11-06,2023-11-06,1.0,0
